333, 448, 660, 722, 1456, 1501, 1553, 1562, 1744, 1848, 2187, 2344, 2418, 2660, 2923, 3199, 3601, 3673, 3800, 4050, 4214, 4267, 4807, 4929, 4933, 5056, 5472, 5667, 5990, 6088, 6365, 6421, 6680, 6716, 7224, 7236, 7539, 7556, 7557, 8105, 8237, 8382, 9089, 9733, 9798, 10018, 10251, 10338, 10568, 10744, 10777, 11606, 12087, 12199, 12326, 12565, 12592, 12815, 12921, 12964, 13342, 13518, 13698, 13814, 14124, 14281, 14735, 14902, 14915, 15152, 15602, 15633, 15646, 15828, 16068, 16972, 17132, 17284, 17612, 17912, 18097, 18325, 18328, 19025, 19232, 19545, 19632, 19771, 19872, 20828, 21546, 21933, 22006, 22183, 22201, 22369, 22817, 23167, 23364, 23369, 23732, 23822, 23826, 24087, 24242, 24544, 24643, 24710, 24907, 25196, 25493, 25559, 25603, 26138, 26255, 26445, 26524, 26991, 27179, 27308, 27642, 28481, 29517, 29547, 29561, 29908, 29915, 29947, 30339, 30496, 30589, 31027, 31615, 31860, 32205, 32230, 33508, 34373, 34506, 34775, 35029, 35982, 36031, 36267, 36496, 36665, 36788, 36810, 37099, 37404, 37957, 38241, 38418, 38476, 38778, 38898, 39552, 39847, 40317, 40425, 40557, 40703, 40817, 41005, 41351, 41356, 41529, 41611, 42791, 43444, 43683, 43750, 43860, 44462, 44755, 44925, 45099, 45394, 45548, 45559, 45664, 45740, 45750, 45803, 46111, 46278, 46608, 46710, 46865, 46974, 47254, 47397, 47655, 47854, 48062, 48442, 48566, 48792, 49375, 49416, 49898, 50055, 50059, 50074, 50100, 50101, 50443, 50802, 51125, 51243, 51389, 51535, 51566, 51916, 52162, 52735, 54181, 54253, 54691, 55307, 55500, 55562, 56174, 56221, 56701, 56853, 56863, 57067, 57570, 57821, 58014, 58281, 58467, 58830, 59325, 59586, 59710, 60659, 60765, 61670, 61843, 61899, 62184, 62291, 62442, 62691, 62780, 63098, 63246, 63474, 63904, 64494, 64648, 65183, 65265, 65303
375, 379, 395, 615, 719, 798, 974, 1729, 2118, 2372, 3112, 3215, 4112, 4477, 4544, 4621, 4859, 5015, 5153, 5268, 5467, 5860, 5872, 6290, 6391, 6463, 6593, 6694, 6863, 7010, 7389, 7626, 7925, 8182, 9188, 9354, 9632, 9916, 10043, 10190, 10213, 10701, 10996, 11005, 11179, 12288, 12421, 13098, 13766, 13890, 14250, 14770, 14993, 16152, 16255, 16649, 16668, 17448, 17591, 18030, 18162, 18243, 18248, 18257, 18334, 18579, 18614, 18742, 19181, 21224, 21722, 21989, 23316, 23400, 23862, 23976, 24356, 24615, 24998, 25026, 25094, 25323, 25359, 25714, 25757, 26197, 26826, 26967, 27135, 27868, 28107, 28192, 28247, 28936, 29081, 29161, 29730, 30229, 30323, 30326, 30620, 30666, 31006, 31092, 31637, 31726, 31985, 32076, 32095, 32382, 32474, 32517, 32865, 33062, 33361, 34045, 34091, 34385, 34812, 34926, 35106, 35461, 35466, 35509, 36015, 36230, 36370, 36375, 36851, 37063, 37923, 38003, 38298, 38657, 38723, 38894, 39064, 39067, 39308, 39487, 39718, 39937, 40151, 40660, 40969, 41144, 41211, 41667, 41774, 41783, 42346, 42403, 42841, 42864, 43050, 43198, 43234, 43361, 43410, 43458, 43495, 43947, 44323, 44358, 44444, 44846, 45390, 45407, 45418, 45561, 45656, 45716, 46076, 46240, 46252, 46540, 46580, 46724, 46817, 46843, 46866, 46978, 47121, 47694, 47707, 48199, 48598, 48725, 48821, 50374, 50508, 50536, 50670, 51170, 51364, 51962, 52268, 52459, 52590, 52709, 52755, 52833, 53163, 53333, 53438, 53439, 53984, 54093, 54866, 55358, 55465, 55512, 55537, 55765, 55910, 56023, 56204, 56224, 56473, 56531, 56564, 56967, 57812, 57861, 57966, 58068, 58141, 58825, 58983, 59026, 59109, 59119, 59267, 59601, 59705, 60824, 61076, 61284, 61707, 61982, 62549, 62621, 62768, 63014, 63494, 63783, 63872, 64029, 64036, 64091, 64385, 64517, 64754, 64762, 64786, 64930
978, 1365, 1800, 1940, 2269, 2401, 2588, 2718, 3323, 3687, 3884, 4026, 4234, 4332, 4643, 4903, 5949, 6619, 6700, 6704, 7112, 7259, 7276, 7351, 7937, 7975, 8224, 8275, 8547, 9192, 9363, 9595, 9632, 9833, 10147, 10480, 10558, 10657, 10896, 10953, 11863, 12343, 12352, 12375, 12588, 12690, 12857, 13074, 13520, 13606, 13931, 13957, 14242, 14373, 14440, 14840, 14983, 15026, 15283, 15698, 15966, 16541, 16601, 17024, 17092, 17173, 17212, 17558, 17560, 17617, 17682, 17899, 18145, 18162, 18664, 18766, 19080, 19595, 20112, 20119, 20328, 20450, 20536, 21603, 21740, 21937, 22080, 22107, 22112, 22360, 22766, 22961, 23072, 23286, 23500, 23627, 23754, 24026, 24268, 24357, 24483, 24535, 24669, 25049, 25961, 26028, 26039, 26202, 27133, 27275, 27425, 27575, 28026, 28106, 28292, 28355, 28714, 28719, 29388, 29472, 29605, 29733, 30176, 30778, 31542, 31834, 32220, 32359, 32600, 33161, 33227, 33345, 33370, 33408, 34632, 34785, 35023, 35239, 35422, 36343, 36425, 37156, 37298, 37522, 37582, 37725, 37743, 38114, 38650, 38757, 38826, 38935, 39064, 39123, 39156, 40054, 40499, 40793, 41415, 41455, 41568, 41678, 41812, 42296, 42547, 42567, 42661, 43537, 43595, 44000, 44087, 44362, 44733, 45080, 45365, 45702, 46379, 46716, 46849, 47197, 47360, 47438, 47467, 47832, 48092, 48104, 48112, 48141, 48285, 48421, 48668, 48832, 48943, 49143, 49327, 49422, 49437, 49443, 49759, 49912, 50025, 50057, 50496, 50595, 50758, 51125, 51466, 51688, 51887, 52001, 52076, 52442, 53315, 53443, 54033, 54138, 54172, 54181, 54231, 54378, 54433, 54661, 54880, 54965, 55430, 55819, 56740, 56812, 57526, 58510, 58738, 59086, 59431, 59628, 59702, 60496, 60754, 60988, 61196, 61268, 62216, 62388, 62735, 63187, 63776, 63872, 63920, 64081, 64159, 64183, 64288, 64310, 64465, 64595, 64827, 65412
71, 306, 400, 647, 779, 1356, 2250, 2255, 2262, 2307, 2530, 2658, 2677, 3183, 3872, 4094, 4201, 4520, 5020, 5239, 5561, 5872, 6841, 6929, 7177, 7343, 7887, 7943, 7967, 8064, 8137, 9734, 9792, 10015, 10136, 10176, 10552, 10814, 10979, 11624, 11658, 11896, 12051, 12249, 13167, 13239, 13421, 13841, 14012, 14466, 14606, 14714, 14739, 14853, 15075, 15631, 15826, 15965, 15994, 16082, 16240, 16319, 16756, 17021, 17508, 17950, 18423, 18865, 19130, 19243, 19507, 19957, 20170, 20314, 20422, 20681, 20821, 21310, 21758, 22182, 22197, 22293, 22323, 22602, 22946, 23089, 23350, 23410, 23814, 23850, 23944, 24131, 24215, 24249, 25085, 25509, 25926, 26463, 26507, 27445, 27525, 27538, 27548, 27766, 28023, 28031, 28161, 28326, 28395, 28452, 28471, 28927, 29017, 29201, 29709, 29785, 29938, 30177, 30510, 30538, 31252, 31344, 31896, 31943, 32075, 33193, 33305, 33389, 33608, 34918, 34928, 34931, 35054, 35250, 35744, 35762, 35987, 36097, 36415, 36538, 36967, 37138, 37332, 37526, 37536, 38238, 38988, 39023, 39499, 39652, 39864, 40441, 40667, 40815, 40944, 41061, 41315, 41545, 41790, 42094, 42751, 42798, 43164, 43476, 43567, 43588, 43738, 43862, 44236, 44361, 44731, 45353, 45649, 45732, 45808, 45897, 45929, 45970, 46326, 46556, 46663, 46701, 46848, 47145, 48037, 48083, 48119, 48764, 49273, 49437, 49565, 49723, 49954, 50046, 50377, 51300, 51421, 51499, 51632, 51660, 51811, 52143, 52384, 53048, 53154, 53167, 53476, 54072, 54452, 54512, 54598, 54647, 54857, 55013, 55508, 55646, 55689, 55712, 55728, 55883, 56016, 57540, 57621, 57687, 57820, 57866, 58192, 58429, 59021, 59140, 59230, 59591, 60427, 60643, 60886, 60906, 61028, 61169, 61357, 61453, 61621, 62041, 62097, 62243, 62478, 62634, 62701, 62771, 63075, 63218, 63382, 64138, 64657, 64779, 65063, 65302
206, 242, 279, 824, 847, 1007, 1076, 1090, 1396, 1521, 1717, 2054, 2090, 2334, 2433, 2434, 2517, 2536, 2678, 2752, 2819, 3373, 3407, 3788, 4465, 4605, 4987, 5036, 5275, 5374, 5463, 5680, 5904, 6242, 6340, 6699, 6952, 7247, 7353, 7637, 7801, 8637, 8790, 9268, 9270, 9379, 9827, 10297, 10435, 10663, 11224, 11399, 11623, 12093, 12124, 13343, 13480, 13532, 13759, 13866, 14667, 14822, 15595, 15748, 16192, 16228, 16422, 16841, 16898, 17074, 17241, 17284, 17298, 17636, 17726, 18346, 18451, 18801, 18823, 19025, 19103, 19198, 19502, 19571, 19638, 19790, 19933, 20070, 20165, 20378, 21542, 21689, 22101, 22505, 22726, 22727, 22953, 23453, 23478, 23610, 24134, 24138, 24261, 24761, 25040, 25987, 26227, 26247, 27294, 27449, 27485, 27508, 28190, 28408, 29157, 29219, 29270, 29325, 29423, 29584, 29596, 29750, 29950, 30026, 30058, 30783, 30854, 30916, 31114, 31605, 31620, 31699, 32074, 32353, 32407, 32507, 33558, 33671, 34012, 34133, 34538, 34602, 34617, 34804, 35126, 35253, 35575, 35721, 35731, 36006, 36188, 36330, 36383, 36711, 36921, 37079, 37329, 37968, 37969, 38094, 38185, 39558, 39673, 39776, 40316, 40412, 40676, 41144, 41494, 41509, 41641, 41742, 41967, 42075, 42698, 42709, 43382, 43385, 43754, 43891, 44762, 44863, 44880, 45106, 45344, 45680, 45749, 45849, 45916, 46739, 47072, 47255, 47647, 47671, 48276, 48535, 49117, 49360, 50286, 50568, 50911, 51097, 51132, 51199, 51227, 51298, 51387, 51692, 51716, 51752, 52564, 53047, 53591, 53699, 53971, 54352, 54381, 54479, 54517, 54605, 55009, 55067, 55915, 56194, 56607, 57089, 57705, 57965, 58013, 58102, 58623, 58652, 58722, 58823, 59026, 59421, 59640, 60740, 61390, 61487, 62263, 62402, 62470, 62601, 62753, 62828, 62838, 63551, 63794, 63919, 63980, 64023, 64118, 64536, 64697, 64784
41, 55, 388, 443, 535, 775, 925, 1034, 1154, 1237, 1270, 1587, 1640, 2088, 3074, 4014, 4239, 4724, 4859, 4900, 5096, 5802, 5996, 6030, 6127, 6298, 6328, 6893, 7117, 7227, 7245, 7463, 7783, 8163, 8199, 8297, 9575, 9819, 9884, 9933, 10237, 10512, 10574, 11098, 11220, 11425, 11468, 11483, 11833, 12023, 12035, 12328, 13297, 13420, 13459, 13970, 14260, 14269, 14490, 14520, 14755, 14840, 14874, 15297, 15467, 15825, 15880, 16042, 16742, 16767, 16836, 17013, 17038, 17106, 17427, 17672, 17905, 17995, 18336, 18832, 19309, 19989, 20236, 20246, 20326, 20396, 21261, 21456, 21803, 22021, 22123, 22576, 22657, 24044, 24065, 24324, 24332, 24429, 24566, 24674, 25058, 25392, 25397, 25837, 25978, 26017, 26209, 26362, 26376, 26443, 26554, 26585, 26705, 26792, 26888, 27047, 27645, 28629, 28665, 28678, 29022, 29077, 29869, 29896, 30049, 30484, 30536, 30657, 30748, 31037, 31155, 31330, 31782, 31956, 32559, 32869, 33257, 33311, 34636, 34940, 35024, 35886, 36403, 36404, 38638, 38727, 39144, 39314, 39534, 39540, 39704, 40177, 40338, 40708, 40752, 41253, 41567, 42178, 42232, 42393, 42573, 42712, 42859, 42910, 43240, 43873, 43988, 44154, 44338, 44614, 44775, 44815, 45708, 46141, 46644, 46731, 46830, 47013, 47018, 47137, 47203, 48387, 48477, 48823, 49027, 49209, 49290, 49596, 50102, 50501, 50563, 50597, 50984, 51016, 51651, 51758, 51816, 52047, 52146, 52257, 52629, 52738, 53171, 53326, 53367, 53406, 53515, 53798, 53939, 54772, 54895, 54967, 55036, 55060, 55441, 55844, 55949, 56071, 56102, 56226, 56314, 56485, 56496, 56736, 56743, 57524, 57611, 57666, 57968, 58246, 59427, 60090, 60173, 61655, 62017, 62112, 62255, 62271, 62408, 62617, 62734, 62805, 62865, 62920, 63170, 63246, 63352, 64198, 64492, 64505, 64708, 64726, 64970, 65311, 65372, 65391
44, 64, 333, 419, 466, 491, 727, 932, 1186, 1209, 1898, 2009, 2106, 2262, 2602, 2608, 2892, 3036, 3246, 3395, 3436, 3948, 3971, 4573, 5355, 5677, 5761, 6218, 6254, 6302, 6547, 7148, 7675, 7808, 8766, 9506, 9879, 10441, 11181, 11486, 11583, 11713, 11818, 12161, 12220, 12245, 12251, 12317, 12451, 12735, 13249, 13326, 13633, 13864, 14434, 14721, 14751, 15038, 15327, 15656, 15674, 15950, 16205, 16385, 16562, 16597, 17062, 18207, 18456, 18771, 19116, 19124, 19677, 19681, 19784, 19928, 19951, 20097, 20229, 20370, 20990, 21273, 22622, 23360, 23501, 23604, 24247, 24398, 24916, 24934, 24996, 25703, 25771, 26018, 26311, 26341, 26710, 26937, 27255, 27283, 27302, 27878, 28035, 28228, 28388, 28458, 28786, 28789, 28843, 29080, 29629, 29952, 30045, 30055, 30119, 30352, 30934, 31645, 31766, 31807, 31912, 32286, 32496, 32834, 33616, 33793, 34246, 34983, 35071, 35119, 35589, 35628, 35885, 36246, 36306, 36822, 36962, 37024, 37255, 37309, 37441, 37458, 37696, 37921, 38178, 38349, 38699, 38700, 38993, 39382, 39892, 39929, 40299, 40385, 40625, 40715, 40856, 40875, 41090, 41185, 41415, 41913, 42008, 42181, 42919, 43419, 43552, 43665, 43738, 44572, 44582, 44623, 44937, 45215, 45222, 45829, 46032, 46165, 46224, 46611, 46651, 46846, 47138, 47521, 48412, 48582, 48622, 48667, 49034, 50037, 50918, 50961, 51151, 51229, 51283, 51374, 51513, 51762, 51976, 52125, 52344, 52454, 52738, 52801, 52825, 53077, 53107, 53499, 53563, 53770, 53846, 53928, 54079, 54501, 55234, 55282, 55480, 55765, 55900, 56284, 56687, 56784, 57053, 57348, 57546, 57796, 57860, 58022, 58330, 58432, 58583, 59066, 59341, 60618, 61258, 61366, 61508, 61509, 61940, 61969, 61988, 62141, 62591, 62613, 63080, 63121, 63382, 63472, 63853, 63884, 64048, 64233, 64807, 65051, 65223, 65491
12, 261, 436, 914, 991, 1169, 1353, 1360, 1599, 1980, 2311, 2603, 2669, 2676, 2832, 2854, 3335, 3644, 3924, 4152, 4154, 4573, 4671, 5038, 5527, 6095, 6584, 6592, 6791, 6965, 7067, 7126, 7241, 7266, 8015, 8226, 8744, 8977, 8993, 9227, 9432, 9624, 9969, 10034, 10089, 10367, 10606, 10820, 11342, 11412, 11526, 11710, 11785, 12157, 12729, 13134, 13370, 13689, 13751, 14392, 14552, 14908, 15989, 16119, 16141, 16287, 16943, 17798, 17814, 17840, 17847, 17930, 18199, 18564, 18717, 18746, 19217, 19934, 19949, 20143, 20653, 20881, 21050, 21106, 21703, 22601, 22686, 22709, 22853, 23107, 23410, 23464, 23997, 24208, 24386, 24400, 24527, 24660, 25366, 26112, 26420, 27626, 27670, 27990, 28599, 28661, 28767, 28793, 28796, 29023, 29035, 29045, 29126, 29497, 29918, 29937, 30225, 30601, 30852, 31279, 31330, 31450, 31518, 31568, 31598, 31657, 31683, 32474, 32475, 32684, 33178, 33254, 33277, 33840, 33931, 34241, 34322, 34469, 34618, 35052, 35512, 35576, 35980, 36146, 36172, 36264, 36513, 36515, 36667, 37297, 37422, 37449, 37881, 37976, 38282, 38369, 38453, 40248, 40382, 40531, 40570, 40714, 40999, 41306, 41610, 42033, 42516, 42983, 43020, 43141, 43244, 43398, 43893, 44261, 44317, 44547, 44658, 44911, 44919, 44998, 45609, 45858, 46123, 46233, 46481, 46638, 46963, 46978, 47772, 48104, 48148, 48490, 48551, 48633, 48997, 49069, 49314, 49630, 49689, 49887, 50417, 50486, 50820, 50958, 51147, 52122, 52153, 52540, 52812, 53043, 53684, 54010, 54920, 55243, 55454, 55522, 55532, 55568, 55916, 55942, 56061, 56096, 56424, 56537, 56851, 57236, 58002, 58032, 58100, 58126, 58598, 58930, 59079, 59276, 59859, 60011, 60190, 60602, 60742, 60963, 61407, 61427, 62360, 62361, 62438, 62632, 62867, 63297, 63625, 63713, 63766, 63838, 63839, 63903, 63965, 65357
13, 408, 574, 913, 949, 1611, 1881, 2516, 2828, 2847, 3018, 3264, 3306, 3895, 4252, 4325, 4348, 4509, 5136, 5368, 6357, 6705, 6707, 6733, 6945, 7998, 8199, 8221, 8260, 8421, 8496, 8507, 8696, 8837, 9108, 9145, 9407, 9907, 10058, 10153, 10200, 10606, 10980, 11268, 11870, 12171, 12286, 12318, 13604, 14095, 14199, 14379, 14556, 14816, 14898, 15116, 15239, 15480, 15705, 15734, 15773, 15933, 16054, 16058, 16187, 16606, 16778, 17143, 17282, 17688, 17929, 18297, 18320, 18336, 18463, 18498, 18692, 19197, 19271, 19349, 19448, 19787, 19884, 20084, 20686, 20814, 21463, 21559, 21685, 21735, 21869, 22180, 22534, 22579, 23049, 23290, 24340, 24368, 24646, 25273, 25408, 25656, 26387, 26426, 26632, 26686, 26821, 27371, 27610, 27910, 28072, 28086, 28245, 28388, 28400, 28559, 29014, 29076, 29201, 29355, 29769, 29903, 29919, 30005, 30258, 30597, 30682, 32098, 32453, 32543, 33134, 33426, 33441, 34038, 34124, 34772, 34859, 35161, 35267, 35375, 35386, 35526, 35612, 36334, 36769, 37148, 37190, 37484, 37785, 38229, 38414, 38440, 38688, 39074, 39266, 39862, 40242, 41167, 41347, 41420, 41547, 41609, 42593, 43117, 43261, 43970, 44286, 44296, 44861, 44974, 45715, 45775, 45788, 46086, 46598, 46672, 46686, 47370, 47392, 47402, 47696, 48088, 48527, 48579, 49066, 49760, 49793, 50039, 50375, 50896, 51143, 51189, 51486, 51513, 51597, 51639, 51699, 52029, 52069, 52390, 52455, 52670, 52692, 53536, 53698, 53939, 54221, 54449, 54559, 54560, 54995, 55045, 55337, 55414, 55637, 55650, 56028, 56226, 56673, 56820, 56886, 57002, 57535, 57626, 57629, 57964, 58010, 58052, 58127, 58670, 59025, 60059, 60113, 60390, 60397, 60489, 61220, 61266, 61548, 62002, 62006, 62286, 62572, 62720, 62896, 63126, 63188, 63292, 63549, 63561, 63865, 64221, 64636, 64902, 65424, 65442
242, 289, 305, 589, 1122, 1322, 1561, 1709, 1852, 2077, 2168, 2219, 2642, 2903, 3261, 3668, 3840, 4345, 4765, 4843, 4985, 5176, 5246, 5272, 5287, 5302, 5304, 5619, 5728, 5734, 5895, 6253, 6280, 6697, 6892, 7014, 7321, 7409, 7460, 7745, 8002, 8041, 8255, 8269, 8563, 8594, 8764, 9921, 10036, 10281, 10357, 10391, 10971, 11174, 11200, 11593, 11775, 11806, 11958, 12038, 12504, 12902, 13002, 13581, 13628, 13818, 14067, 14699, 14831, 15152, 15366, 15608, 15787, 15830, 16114, 16335, 16348, 16430, 16698, 17038, 17185, 17227, 17389, 17392, 17443, 17622, 17707, 17816, 17847, 17891, 18261, 18686, 18895, 19019, 19553, 19559, 19606, 19625, 20078, 20241, 20254, 20648, 20689, 20957, 21158, 21208, 21263, 21318, 21339, 21449, 21772, 21885, 22136, 22397, 22652, 22957, 23317, 23452, 23668, 24096, 24883, 24886, 25185, 25953, 26216, 26702, 27026, 27093, 27519, 27839, 28178, 29297, 29835, 29949, 30014, 30017, 30108, 30621, 30657, 30775, 31221, 32358, 32380, 32583, 32754, 33706, 34060, 34169, 34379, 35077, 35627, 35857, 35896, 36398, 36775, 36827, 37346, 38105, 38985, 39189, 39286, 40310, 40459, 41573, 42039, 42200, 42571, 43334, 43911, 44098, 44140, 44280, 44600, 44717, 45206, 45522, 45679, 45758, 45856, 45927, 46485, 46509, 47005, 47439, 47480, 48242, 48565, 49284, 49773, 51333, 51633, 51878, 51995, 52174, 52247, 52318, 52680, 52857, 52955, 53708, 53990, 54266, 54426, 54428, 54437, 54497, 55092, 55157, 55614, 55677, 55680, 55902, 55936, 56058, 56312, 56648, 56872, 57139, 57230, 57372, 57595, 57722, 57929, 58267, 58400, 58474, 58553, 58680, 59092, 59118, 59294, 59343, 59534, 59714, 60400, 61170, 61383, 61393, 61801, 61873, 62390, 62567, 62720, 62969, 63552, 63617, 63645, 63737, 63765, 63769, 64456, 64529, 64734, 64848, 64953, 65304
174, 255, 337, 618, 735, 934, 1282, 1329, 1369, 1682, 2231, 2361, 2626, 2675, 2721, 2796, 2920, 3232, 3463, 3677, 3802, 4341, 4765, 4767, 5106, 5192, 5460, 5559, 5776, 6055, 6056, 6060, 6192, 6451, 6641, 7716, 7803, 7818, 8136, 8347, 8773, 8938, 9715, 10016, 10187, 10487, 10621, 10833, 10868, 11123, 11217, 11412, 11425, 11434, 12243, 13438, 13519, 13672, 13704, 14110, 14662, 14827, 14834, 15014, 15046, 16587, 16603, 16615, 16629, 16991, 17395, 17467, 17542, 18022, 18136, 18139, 18286, 18711, 18740, 18751, 18780, 18785, 18843, 19120, 19555, 19581, 19747, 19885, 20535, 20864, 20966, 20998, 21772, 21896, 21923, 22314, 22654, 22980, 23275, 23327, 23474, 23788, 24593, 24822, 25562, 25743, 25776, 25878, 26116, 26128, 26252, 27039, 27125, 27813, 28092, 28105, 28572, 28748, 28821, 29237, 29639, 29792, 30141, 30367, 30452, 30518, 31068, 31427, 32219, 32303, 32595, 33070, 33139, 33525, 34204, 34577, 35717, 35863, 36575, 36732, 36980, 37353, 37683, 38781, 39218, 39249, 39254, 39292, 39433, 39488, 40001, 40058, 40195, 40671, 41043, 41124, 41753, 41760, 41991, 42680, 43100, 43176, 43229, 43472, 43570, 43624, 43815, 43845, 44668, 44682, 45002, 45219, 45252, 45294, 45698, 45700, 45712, 46942, 47418, 47431, 47436, 47592, 47852, 48214, 48291, 48405, 48744, 48832, 49005, 49068, 49146, 49212, 49246, 49576, 50192, 50261, 50504, 50935, 51394, 51471, 51848, 52404, 52997, 53442, 53490, 53863, 54001, 54181, 54219, 54272, 54469, 54499, 54560, 54816, 54908, 55333, 55365, 56177, 56197, 56336, 56919, 57015, 57040, 57227, 57231, 57313, 57576, 57651, 57695, 57825, 58607, 58712, 59137, 59348, 59441, 59554, 59607, 59648, 59690, 60382, 60653, 60781, 61380, 61434, 61478, 61778, 61860, 62386, 62774, 62871, 63336, 63997, 64278, 64748, 64968, 65159
228, 1126, 1515, 2028, 2132, 2146, 2176, 2327, 2583, 2754, 2909, 3365, 4308, 4311, 4922, 5160, 5340, 5414, 5933, 5961, 6046, 6558, 6703, 6804, 7280, 7283, 7773, 8142, 8187, 8799, 8813, 8825, 8971, 9171, 9235, 9290, 9576, 9811, 9824, 10046, 10335, 10909, 11026, 11252, 11352, 11559, 11596, 12034, 12102, 12453, 12469, 12890, 12988, 13370, 13571, 13887, 14200, 14244, 14590, 14632, 14697, 14816, 14856, 15109, 15399, 16188, 16259, 16332, 16679, 16772, 16998, 17145, 17659, 17696, 17879, 18024, 18030, 18428, 18490, 19120, 19169, 19268, 19338, 19478, 19636, 19727, 19754, 19830, 19923, 20364, 20374, 20762, 20768, 21383, 21605, 22290, 22433, 23094, 23553, 23676, 24426, 24774, 24943, 25436, 25445, 25578, 26329, 26348, 26363, 26431, 26929, 27169, 27678, 28921, 29823, 29846, 29944, 30129, 30335, 30373, 30412, 30435, 30537, 30573, 31352, 32030, 32275, 32287, 32437, 32473, 32756, 33015, 33187, 33280, 33495, 33820, 33851, 34039, 35091, 35103, 35676, 35880, 36281, 36625, 36835, 37166, 37419, 37964, 38047, 38106, 38361, 38440, 38537, 38568, 38812, 38883, 39056, 39330, 39914, 39968, 40057, 40411, 40430, 41406, 41484, 42221, 42304, 42749, 43265, 43446, 43482, 43665, 43806, 44953, 45197, 45375, 45721, 45918, 46053, 46058, 46339, 46703, 47456, 47801, 48779, 49219, 49483, 49669, 50281, 50521, 50712, 50842, 50984, 51097, 51132, 51225, 51394, 51466, 51545, 51618, 52096, 52907, 53212, 53227, 53237, 53445, 53464, 53773, 53792, 54277, 54323, 54353, 54416, 54546, 54817, 55030, 55587, 55725, 55976, 56149, 56225, 56314, 56449, 56923, 57007, 57188, 57203, 57873, 58020, 58217, 58867, 58931, 59122, 59160, 59680, 59734, 59859, 59948, 60184, 60455, 60565, 60621, 61002, 61325, 62679, 62748, 63311, 63646, 63993, 64310, 64353, 64377, 64789, 64869, 65071, 65294
45, 183, 184, 717, 803, 944, 1116, 1359, 2013, 2083, 2178, 2250, 2343, 2398, 2906, 3153, 3349, 3367, 3372, 3395, 3789, 3856, 4228, 4569, 4633, 4738, 5086, 5123, 5328, 5717, 6251, 6388, 6533, 6655, 6751, 6778, 7308, 7496, 7576, 7737, 7873, 7949, 8379, 8975, 9459, 10100, 10829, 11307, 11385, 11558, 11594, 11700, 12148, 12466, 12604, 12731, 12810, 13635, 13767, 14002, 14807, 14913, 15299, 15727, 15838, 15870, 16452, 16480, 16950, 17081, 17212, 17831, 18181, 18257, 18503, 18652, 18679, 18906, 18954, 19047, 19306, 19419, 19503, 19532, 19968, 20227, 20329, 20706, 20712, 20790, 20797, 21666, 21821, 21897, 22078, 22210, 22254, 22281, 22299, 22318, 23560, 23834, 24149, 24673, 24717, 25019, 25035, 25170, 25200, 25287, 25393, 25674, 25858, 26197, 26269, 26748, 27039, 27893, 28362, 28456, 28837, 28839, 29671, 30324, 30664, 31077, 31689, 31772, 32204, 32362, 32445, 32508, 35216, 35499, 35669, 36257, 37164, 37528, 37743, 38052, 38548, 38797, 38945, 39184, 39640, 39903, 39932, 39975, 40094, 40542, 40601, 40702, 40749, 40887, 40936, 41123, 41276, 41538, 42102, 42341, 42790, 42794, 43001, 43364, 43419, 43884, 44395, 44480, 44904, 45021, 45221, 45281, 45523, 45581, 46636, 46724, 47096, 47511, 47801, 48609, 48848, 49045, 49381, 49586, 49648, 49697, 49966, 49985, 50071, 50180, 50274, 50353, 50419, 50440, 50490, 50535, 50997, 51241, 51289, 51437, 51666, 51893, 51927, 51947, 51985, 52080, 52371, 52457, 52655, 53397, 53768, 53976, 54212, 54281, 54502, 54846, 55075, 55236, 55577, 55792, 55967, 56287, 57322, 57660, 57664, 57707, 57799, 57820, 57975, 58011, 58778, 58853, 59190, 59214, 59464, 59597, 59826, 60228, 60807, 60822, 61359, 61463, 61550, 61946, 62430, 62542, 62588, 62952, 63205, 63238, 63719, 63730, 64401, 64962, 64996, 65406
536, 590, 594, 630, 1469, 1745, 1821, 1885, 2749, 2825, 2887, 3629, 3731, 3910, 4010, 4053, 4617, 4916, 5167, 5178, 5408, 5544, 5665, 5719, 5900, 6313, 6660, 7823, 8559, 8618, 8775, 8820, 9151, 9203, 9270, 9819, 10638, 10654, 10786, 11174, 11281, 11658, 11810, 11883, 12349, 12600, 12854, 12916, 12999, 13122, 13310, 13477, 13851, 13951, 13976, 14587, 14699, 14931, 15024, 15258, 15777, 16087, 16423, 16960, 16990, 17112, 17281, 17544, 17866, 18122, 18424, 18646, 18788, 18867, 19004, 19477, 19541, 19821, 21070, 21217, 22121, 22155, 22459, 22842, 23059, 23267, 23284, 23392, 23609, 23648, 24210, 24474, 24732, 25041, 26116, 26348, 26665, 27297, 27601, 27751, 28031, 28069, 28074, 28227, 28361, 28452, 28485, 28660, 28788, 28870, 29555, 29948, 30331, 30541, 30550, 30633, 30674, 31606, 31796, 32103, 32203, 32298, 32387, 32521, 32714, 32805, 32910, 33551, 33646, 33748, 33838, 33899, 34023, 34107, 34420, 34476, 34677, 34717, 34856, 35010, 35319, 35506, 36051, 36356, 36365, 36615, 36692, 36736, 37027, 37308, 38729, 38964, 39117, 39434, 40524, 40912, 40998, 41045, 41401, 41431, 41450, 41866, 42009, 42362, 43090, 43318, 43401, 43503, 43762, 44210, 45742, 45803, 45817, 46380, 46459, 46724, 47048, 47120, 47134, 47198, 47644, 47998, 49182, 49400, 49441, 49931, 49933, 50136, 50218, 50476, 50529, 50678, 50909, 51243, 51758, 52572, 52621, 52950, 53098, 53260, 53758, 54010, 54040, 54097, 54483, 54780, 54849, 54973, 55069, 55110, 55592, 55674, 55787, 55823, 55897, 55968, 56003, 56371, 57078, 57167, 57363, 57414, 57516, 58137, 58785, 58946, 59144, 59241, 59316, 59362, 59363, 59522, 59558, 59627, 59637, 59903, 59923, 60281, 60308, 60676, 60758, 61270, 61371, 61670, 61723, 61816, 62152, 62276, 62569, 63372, 63856, 64235, 65170, 65273, 65346, 65516
142, 363, 519, 1155, 1315, 2025, 2136, 2343, 2387, 2430, 2478, 2576, 2636, 2751, 2817, 2872, 3012, 3040, 3082, 3112, 3294, 3586, 3831, 4307, 4322, 4409, 4683, 4730, 4825, 4972, 5099, 5292, 5617, 5854, 6192, 6466, 7130, 7594, 7981, 8182, 8381, 8512, 8543, 8591, 8759, 8941, 8974, 9153, 9789, 9790, 9839, 10428, 10584, 11115, 11919, 11994, 12000, 12002, 12042, 12300, 12388, 12652, 12847, 13319, 13436, 13456, 13764, 13953, 14345, 14462, 14520, 14539, 14549, 14882, 15042, 15145, 15722, 16430, 16590, 16723, 17116, 17256, 17626, 17641, 17688, 18459, 19261, 19334, 19539, 19701, 19844, 20058, 20092, 20441, 20600, 21324, 21526, 22630, 23492, 23615, 23775, 24113, 24156, 24391, 24463, 24490, 24508, 24785, 24879, 25057, 26575, 26800, 27178, 27956, 28060, 28121, 28316, 28372, 28594, 28881, 29059, 29459, 29729, 30889, 30993, 31292, 31343, 31581, 31648, 32883, 33175, 33226, 33285, 33362, 33438, 33446, 34020, 34134, 34717, 35018, 35866, 35947, 35964, 36067, 36250, 36979, 37007, 37183, 37507, 37611, 37981, 38024, 38296, 38802, 38964, 39825, 39975, 40058, 40067, 40709, 41145, 41913, 42267, 42678, 42719, 43517, 44079, 44297, 44338, 44451, 44934, 45063, 45099, 45500, 45569, 45769, 46107, 46278, 46587, 46670, 46782, 47114, 47214, 47612, 47981, 48127, 48323, 48477, 48983, 49136, 50247, 50259, 50287, 50323, 50347, 50633, 50975, 51049, 51066, 51204, 51850, 52207, 52229, 52285, 52299, 52689, 52824, 53481, 53722, 54113, 54591, 54603, 54693, 54977, 54986, 55032, 55110, 55147, 55277, 55397, 55412, 55452, 55819, 56305, 56332, 56362, 56471, 56582, 56798, 56922, 56998, 57201, 57494, 57605, 57655, 58191, 58327, 58336, 58477, 58782, 59268, 60071, 60675, 61178, 61220, 61535, 62455, 62730, 62816, 63143, 63584, 63727, 64078, 64387, 65058, 65124
26, 278, 408, 834, 1053, 1058, 1094, 1147, 1209, 1236, 1416, 1520, 1705, 1758, 2044, 2184, 3002, 3247, 3499, 3552, 4159, 4222, 4336, 4514, 4662, 5116, 5418, 5530, 6026, 6078, 6386, 6729, 6889, 7044, 7136, 7207, 7706, 8753, 8934, 9150, 9498, 9572, 9647, 9796, 10064, 10324, 10848, 10939, 11067, 11175, 11273, 11645, 11833, 11891, 13020, 13230, 13686, 13865, 14040, 14076, 14114, 15012, 15823, 15988, 16218, 16281, 16348, 16399, 16422, 16719, 16741, 16783, 17731, 18047, 18192, 18487, 18496, 18642, 18834, 18955, 19380, 20286, 20351, 20883, 21611, 21626, 21716, 21936, 21944, 22086, 22708, 22709, 22748, 22762, 22797, 23331, 23608, 23630, 23683, 24330, 24405, 24486, 24826, 25381, 25448, 25500, 25581, 25626, 25849, 25931, 26060, 26384, 26535, 26671, 27076, 27134, 28001, 29237, 29291, 29303, 29740, 30089, 30181, 30662, 30737, 31333, 31334, 31572, 31767, 32510, 32854, 33274, 33363, 33481, 34099, 34421, 34574, 34589, 34771, 35106, 35308, 35330, 35970, 36286, 36751, 36801, 36890, 37653, 37867, 38303, 38402, 38480, 38584, 38733, 39084, 39377, 39494, 39567, 40093, 40117, 40306, 40666, 41200, 41214, 41666, 41695, 41894, 42457, 42567, 42656, 43231, 43274, 45615, 45715, 45735, 46171, 46512, 46576, 46597, 46606, 47110, 47970, 48327, 48995, 49081, 49275, 49384, 50007, 50212, 50313, 50483, 50596, 50669, 51186, 51360, 51451, 51525, 51819, 51847, 52256, 52404, 52482, 53590, 53633, 53921, 54095, 54844, 54925, 55024, 55196, 55332, 55516, 56857, 56956, 57111, 57245, 57488, 57536, 57624, 58148, 58532, 58551, 58613, 58659, 58742, 58850, 59160, 59309, 60034, 60047, 60080, 60107, 60138, 60185, 60334, 60682, 61028, 61053, 61238, 61357, 61478, 61813, 61843, 61969, 62633, 63172, 63232, 64029, 64512, 64996, 65007, 65214, 65270, 65395, 65508, 65524
625, 1029, 1267, 2033, 2160, 2191, 2210, 2356, 2730, 3139, 3883, 4057, 4087, 4185, 4325, 4485, 4570, 4975, 5068, 5138, 5399, 6219, 6454, 6687, 6853, 6891, 6932, 6989, 8113, 8303, 8403, 8966, 9570, 9589, 9608, 9895, 10272, 10610, 10979, 11434, 11714, 12680, 12866, 12962, 12996, 13209, 13421, 14080, 14434, 14689, 15164, 15451, 15738, 15817, 15826, 16720, 17715, 17716, 17787, 18448, 18623, 18778, 19150, 19282, 20068, 20692, 21240, 21323, 21416, 21814, 21929, 22121, 22851, 23104, 23252, 23706, 24223, 24269, 24270, 24427, 24993, 25024, 25039, 25107, 25338, 25899, 26256, 26477, 26877, 26910, 27178, 27675, 27917, 28163, 28177, 29048, 29714, 29909, 30247, 30688, 30959, 31201, 31646, 32276, 32311, 32383, 33274, 34027, 34401, 35162, 35182, 35389, 35579, 36374, 36763, 36875, 37377, 37379, 37394, 37921, 37950, 38008, 38296, 38791, 38854, 38859, 38880, 38894, 39147, 39214, 40083, 40171, 40303, 40313, 40509, 40655, 40861, 40898, 41024, 41746, 41902, 42056, 42281, 42310, 42487, 42549, 42788, 42817, 42824, 43345, 43411, 43582, 43896, 45069, 45214, 45227, 45356, 45766, 45987, 46257, 46286, 46383, 46601, 46700, 47129, 47163, 47260, 47279, 47635, 48220, 48277, 48508, 48611, 48645, 48773, 49049, 49176, 49345, 49674, 49903, 49950, 50028, 50099, 50224, 50524, 50661, 50871, 51308, 51608, 52072, 52234, 52359, 52513, 52640, 52855, 53144, 53172, 53261, 53532, 53640, 53732, 53813, 53953, 54196, 54439, 55025, 55224, 55252, 55420, 55500, 55646, 55853, 55927, 56080, 56347, 56674, 56901, 56996, 57587, 57817, 58504, 59257, 59439, 59585, 59679, 59763, 59809, 59949, 60174, 60687, 60755, 60845, 61555, 61949, 62455, 62480, 62619, 62668, 62745, 62767, 62837, 63085, 63317, 63569, 63576, 63589, 63807, 64028, 64209, 64643, 64772, 64787, 64968, 64972, 65142, 65180
757, 884, 1564, 1708, 2219, 2434, 2439, 2588, 3501, 3924, 4774, 4838, 4842, 4885, 5547, 5811, 5839, 6129, 6500, 6666, 6904, 6970, 7838, 8080, 8098, 8504, 8798, 8913, 8972, 9171, 9314, 9357, 9455, 9596, 9625, 9832, 9837, 9838, 9881, 10091, 10231, 10523, 10983, 11006, 11169, 11422, 11517, 11638, 11739, 11866, 11901, 12064, 12432, 12677, 12914, 13006, 13096, 13108, 13211, 13329, 13407, 13569, 14044, 14519, 14552, 14756, 15005, 15254, 15643, 15831, 15917, 16158, 16489, 16549, 16559, 16574, 17605, 17851, 17866, 17979, 18188, 18369, 18479, 18575, 18628, 18645, 18807, 19009, 19069, 19269, 19272, 19930, 20064, 20106, 20164, 20385, 20421, 20520, 20778, 20893, 21097, 21208, 21240, 21336, 21455, 21762, 22155, 22895, 23148, 23223, 23488, 24103, 24171, 24362, 24622, 25025, 25078, 25409, 25897, 25911, 26097, 27009, 27076, 27084, 27318, 27380, 27510, 27882, 27923, 28110, 28521, 28733, 28745, 29301, 30171, 30441, 31001, 31467, 31480, 31517, 31843, 32182, 32393, 32416, 33702, 33861, 34444, 34803, 34820, 35129, 35541, 35544, 35657, 36605, 36924, 36948, 37083, 37529, 37712, 37853, 38011, 38192, 38236, 39254, 39435, 39533, 39762, 39861, 39884, 40403, 40662, 40730, 41586, 42240, 42330, 42549, 42921, 42954, 43141, 43230, 43718, 43898, 44366, 44970, 45371, 45576, 45717, 46395, 46782, 47042, 47262, 47471, 48004, 48508, 48608, 49024, 49084, 49326, 49392, 49444, 50493, 50767, 51109, 51258, 51376, 51408, 51466, 52108, 52699, 53511, 53582, 53603, 53680, 53782, 53968, 54123, 55028, 55377, 55413, 55483, 55810, 56607, 57800, 57862, 57915, 57995, 58239, 58366, 58379, 58534, 58623, 58919, 59117, 59139, 59370, 59612, 59679, 60220, 60882, 60970, 61305, 61446, 61458, 61866, 62528, 62625, 62678, 63167, 63294, 63385, 63528, 63849, 63876, 64427, 65361, 65449
241, 472, 1321, 1599, 1628, 2485, 2908, 3491, 3664, 4276, 4320, 4349, 4778, 4898, 5245, 5649, 6057, 6204, 6331, 7609, 7624, 7630, 8260, 8714, 8834, 8846, 8887, 8919, 9221, 9432, 9435, 9705, 10055, 10287, 10470, 10701, 10873, 11060, 11719, 12088, 12736, 13252, 13492, 13527, 13548, 14006, 14040, 14255, 14344, 14827, 15234, 15262, 15292, 15841, 15991, 16028, 16345, 16692, 16704, 16835, 17346, 17597, 18263, 18391, 18603, 18814, 18820, 19008, 19039, 20055, 20176, 20192, 20324, 20332, 20723, 20880, 20953, 21600, 21618, 21675, 21698, 22540, 23251, 23493, 23811, 23901, 23933, 24148, 24561, 24742, 25007, 25060, 26183, 26396, 26571, 26589, 26799, 26849, 27076, 27279, 27516, 27533, 27580, 27885, 28009, 28397, 28638, 28940, 29129, 29206, 29377, 29489, 29498, 29698, 29845, 29938, 30004, 30469, 30744, 30899, 31554, 31821, 32014, 32716, 32733, 33072, 33217, 33293, 33311, 33803, 34045, 34418, 35465, 35505, 35872, 36086, 36737, 37314, 37720, 37857, 38201, 38278, 38291, 38456, 38754, 39148, 39252, 39417, 39421, 40163, 40220, 40274, 40489, 40548, 40627, 41008, 41104, 41349, 42459, 42543, 43490, 43516, 43764, 44001, 44159, 44185, 44249, 44309, 44419, 44472, 44722, 44734, 45070, 45072, 45451, 45650, 45964, 46355, 46489, 46866, 46931, 47018, 47215, 47241, 47251, 47501, 47562, 47991, 48110, 48360, 48787, 48827, 48984, 49245, 49645, 50098, 50197, 50546, 50626, 50982, 51270, 52000, 52309, 53114, 53290, 53850, 53922, 53939, 54049, 54161, 54233, 54308, 54914, 54991, 55150, 55220, 55321, 55469, 55778, 55985, 56218, 56379, 56394, 56608, 56610, 56680, 57020, 57113, 57361, 58108, 58191, 58572, 58844, 59149, 59693, 59769, 60026, 60047, 60120, 60224, 60311, 60568, 60695, 61169, 61211, 61237, 61942, 62432, 62501, 62621, 63006, 63031, 63596, 63721, 64182, 64471
104, 217, 552, 983, 987, 1384, 1396, 2087, 2981, 3141, 3527, 3717, 4212, 4743, 4810, 5120, 5264, 5364, 5616, 5842, 5988, 5998, 6299, 6992, 7277, 8716, 8747, 9464, 9842, 10567, 10644, 10999, 11921, 12048, 12101, 12534, 12735, 13150, 13224, 13319, 13374, 13506, 13752, 14079, 14364, 14434, 14820, 15224, 15663, 15855, 16201, 16362, 16440, 16564, 16674, 16867, 17297, 17435, 17936, 18195, 18346, 19436, 19935, 19993, 20074, 20316, 20672, 20833, 21067, 21199, 21293, 21350, 21510, 21840, 22120, 22300, 22500, 22850, 22947, 23176, 23714, 23784, 23820, 23951, 24872, 24876, 25114, 25144, 25457, 26104, 26166, 27089, 27184, 27341, 27617, 27831, 28562, 28637, 28883, 29169, 29658, 29807, 30185, 30400, 30667, 31059, 31104, 31142, 31643, 31781, 31834, 31942, 32158, 32170, 32181, 32304, 32312, 32488, 33396, 33791, 33868, 34145, 34731, 34806, 34905, 35504, 35733, 36046, 36556, 36669, 37080, 37160, 37204, 37243, 37353, 37685, 38371, 38621, 38670, 38994, 39005, 39174, 39390, 39429, 39513, 39684, 40184, 40669, 40712, 41530, 41759, 41784, 41890, 42021, 42248, 42432, 42491, 42753, 42785, 42889, 43034, 43281, 43362, 44444, 44535, 44544, 44677, 44791, 45120, 45382, 45787, 46691, 46803, 47041, 47194, 47283, 47327, 47354, 47623, 47778, 47980, 48092, 48144, 48172, 48338, 48453, 48941, 49518, 49667, 49677, 50124, 50145, 50283, 50653, 50703, 50793, 51198, 51260, 52876, 52972, 53004, 53607, 53619, 53636, 53696, 53722, 53796, 54123, 54302, 54311, 54578, 54624, 54666, 55057, 55172, 55270, 55293, 55324, 55434, 55485, 56070, 56631, 56698, 56888, 56936, 57355, 57612, 57820, 57916, 58006, 58241, 58345, 58483, 58632, 59123, 59357, 59582, 59616, 59822, 59890, 60049, 60096, 60130, 60291, 60318, 61085, 61316, 61360, 61536, 61698, 62778, 63323, 63949, 64499, 65444, 65451
180, 445, 580, 831, 893, 1250, 1291, 1609, 1795, 2428, 2650, 2903, 2929, 2941, 3721, 3788, 4018, 4089, 4145, 4885, 5131, 6260, 6770, 6861, 7430, 7452, 7630, 7717, 7832, 9009, 9031, 9079, 9276, 9298, 9879, 9904, 10159, 10270, 10574, 11015, 11350, 11353, 11955, 12118, 12229, 12259, 12481, 13333, 13457, 13645, 13660, 13843, 14163, 14290, 14464, 14930, 14988, 14998, 15128, 16127, 16693, 17606, 17679, 19164, 19406, 19437, 19967, 20016, 20332, 20415, 20521, 20618, 20797, 21145, 21286, 21603, 21790, 22089, 22130, 22322, 22427, 22474, 22864, 22885, 23002, 23226, 23796, 23942, 24039, 24140, 24230, 24231, 24291, 24296, 25491, 25524, 25725, 25753, 25814, 25941, 26162, 26179, 26586, 27208, 27306, 27582, 28344, 28692, 28781, 28931, 29048, 29118, 29448, 29472, 29752, 30598, 30600, 30611, 30744, 30943, 31007, 31095, 31150, 31369, 31601, 31632, 31666, 31825, 32069, 32190, 32382, 32457, 32637, 32665, 32700, 32813, 32977, 33353, 33584, 33767, 34186, 34485, 34995, 35589, 35657, 36252, 37544, 37546, 37645, 38167, 38214, 38980, 39034, 39695, 39805, 39924, 40226, 40339, 40585, 41007, 41121, 41967, 42004, 43415, 43435, 44102, 44263, 44360, 44665, 45043, 45298, 45515, 46087, 46312, 46423, 46520, 46691, 46695, 46742, 47269, 47561, 47795, 47844, 47864, 47958, 48113, 48292, 48354, 48410, 49159, 49864, 50816, 50924, 51132, 51589, 51759, 51857, 51996, 52040, 52268, 52489, 52493, 52565, 52836, 53041, 53573, 53649, 53971, 54123, 54741, 54782, 54795, 54846, 54895, 55235, 55755, 56149, 56151, 56195, 56399, 56414, 56928, 57037, 57070, 57205, 57241, 58488, 58727, 59101, 59612, 59691, 59706, 59724, 60182, 60274, 60303, 60698, 61209, 61530, 62173, 62981, 63022, 63140, 63172, 63194, 63436, 63449, 63455, 63612, 64115, 64484, 64661, 65085, 65168, 65174, 65387
1586, 1620, 1909, 2671, 2811, 2917, 3090, 3366, 3525, 3674, 3742, 3916, 3975, 4371, 4560, 4784, 4789, 4795, 4976, 5004, 5192, 5369, 6746, 6876, 7130, 7315, 7336, 7646, 7985, 8202, 8366, 8951, 8980, 9015, 9142, 9275, 9307, 9311, 9932, 10204, 10426, 10444, 10578, 10663, 11071, 11633, 11854, 12254, 12356, 13610, 14256, 14300, 14834, 15065, 15120, 15264, 15280, 15413, 15552, 15569, 16059, 16084, 17217, 17440, 17550, 17962, 18047, 18184, 18512, 18626, 18993, 19076, 19098, 19249, 19868, 19901, 19952, 20174, 20538, 20594, 20641, 21091, 21567, 21668, 21990, 22004, 22062, 22229, 22492, 22699, 23212, 23874, 24261, 24539, 24608, 24720, 24913, 25112, 25409, 25485, 25917, 26055, 26261, 26611, 27231, 27539, 28128, 28330, 28731, 28892, 28982, 29088, 29102, 30173, 30209, 30357, 30689, 30812, 30884, 30888, 30899, 31780, 32104, 32114, 32273, 32355, 32524, 32688, 32796, 33168, 33171, 33884, 34190, 34561, 34983, 35114, 35658, 35836, 35891, 35997, 36500, 36582, 36905, 37104, 37366, 37723, 37744, 37986, 38076, 38395, 38577, 38746, 38899, 39214, 39309, 39810, 40033, 40082, 40145, 40279, 40447, 40798, 41433, 42073, 42111, 42269, 42350, 42435, 42582, 42703, 43443, 43787, 43798, 43894, 44142, 44561, 44854, 45055, 45615, 45696, 45793, 45796, 46140, 46197, 46262, 46398, 46452, 46822, 46836, 47243, 47842, 48066, 48144, 48217, 48302, 48605, 48687, 48754, 48775, 49096, 49356, 49491, 49654, 49676, 49883, 49996, 50182, 50668, 51534, 53840, 53902, 53913, 54227, 54410, 54820, 54985, 55058, 55120, 55172, 55314, 55837, 55894, 55895, 56507, 56528, 56958, 57475, 57719, 58064, 58325, 58529, 58631, 59702, 59744, 59926, 60100, 60277, 60317, 60407, 60536, 60643, 61301, 61568, 61654, 61690, 61719, 61752, 62002, 62544, 62575, 63708, 64643, 64894, 65178, 65399, 65505
408, 476, 700, 1531, 1597, 1809, 1896, 2573, 2942, 3787, 3830, 4130, 5210, 5578, 5816, 6044, 6604, 7435, 7590, 7596, 7947, 8686, 8902, 9331, 9434, 9611, 10220, 10243, 10464, 10566, 11371, 11424, 12381, 12514, 13789, 13937, 13961, 14218, 14488, 14636, 14772, 14940, 15129, 15316, 15352, 15378, 15612, 15660, 15797, 15819, 16075, 16323, 16349, 16771, 16916, 16975, 17136, 17179, 17280, 17960, 18273, 18365, 18455, 18575, 18905, 18946, 18949, 19410, 19414, 19644, 20229, 20841, 20995, 21260, 21575, 21601, 21618, 21683, 21706, 22464, 22501, 22533, 22567, 22586, 22687, 22758, 22998, 23933, 24066, 24328, 24951, 25223, 25358, 25929, 25988, 26145, 26262, 26330, 26679, 26852, 27191, 28635, 28660, 28718, 28721, 28723, 28769, 28806, 28838, 29215, 29629, 29799, 29844, 30037, 30228, 30870, 31626, 32489, 32737, 32925, 33365, 33382, 33989, 34199, 34508, 34533, 34561, 34611, 34934, 35257, 35623, 36290, 36488, 36694, 37055, 37305, 38138, 38141, 38391, 39086, 39148, 39166, 39169, 39480, 39570, 39607, 39626, 39685, 39809, 39893, 39910, 40098, 40320, 40681, 41281, 41892, 42048, 42058, 42326, 42390, 42750, 42754, 42885, 43172, 43257, 43394, 43420, 43774, 44323, 44426, 44745, 44939, 45230, 45844, 45917, 46079, 46101, 46375, 47155, 47457, 47496, 47864, 47886, 47930, 47983, 48181, 48626, 48900, 49174, 49305, 49492, 49644, 49764, 49872, 50041, 50325, 50901, 51539, 51805, 52032, 52645, 53485, 53599, 53682, 53770, 53810, 53902, 54057, 54110, 54303, 54651, 54895, 55192, 55500, 56124, 56262, 56571, 56592, 56616, 56832, 56985, 57560, 57713, 58072, 58116, 59520, 59668, 59789, 59935, 60020, 60067, 60081, 60237, 60342, 61275, 61505, 61635, 61653, 61727, 62543, 62729, 62853, 63122, 63429, 63588, 63703, 63813, 64331, 64502, 64520, 64697, 64816, 65132, 65199, 65238, 65333
26, 100, 181, 932, 1920, 2617, 2633, 2739, 2965, 3369, 3946, 3977, 4048, 4147, 4623, 4738, 4744, 5857, 6114, 6178, 6519, 6578, 6613, 6945, 6988, 7270, 7553, 8720, 9054, 9557, 9648, 9923, 9993, 10216, 10346, 10584, 10677, 10859, 11332, 11894, 11958, 12302, 12426, 12914, 13122, 13449, 13721, 13927, 14006, 15422, 15539, 15664, 15700, 16320, 16418, 16438, 16529, 16719, 16757, 16797, 17196, 17466, 17749, 19332, 20076, 20119, 20733, 20813, 20890, 21239, 21290, 21521, 21561, 21968, 22346, 22427, 22638, 22647, 22693, 22700, 22770, 22864, 23000, 23594, 23650, 23924, 23968, 24055, 24153, 24444, 24849, 25650, 25758, 26489, 26709, 26731, 26964, 26982, 27154, 27233, 27527, 27547, 28038, 28164, 28465, 28500, 28664, 28808, 29374, 29380, 29421, 29574, 29972, 30414, 30474, 30849, 30959, 31249, 31331, 31469, 31548, 31750, 31846, 32087, 32747, 33131, 33468, 33673, 33870, 33884, 34164, 34566, 34688, 35372, 35669, 35748, 36170, 36270, 36303, 36359, 36642, 37195, 37731, 37755, 38182, 38212, 38654, 38803, 38831, 39225, 39233, 39608, 39612, 39798, 40048, 40096, 40102, 40372, 40394, 40504, 41106, 41182, 42560, 43435, 43504, 44073, 44104, 44177, 44185, 44306, 44664, 44827, 45011, 45187, 45205, 45345, 45520, 45667, 45969, 46252, 46362, 47473, 47499, 47536, 47537, 48456, 48684, 48962, 49067, 49188, 49400, 49612, 49725, 49778, 49854, 50094, 50471, 50565, 50607, 50688, 50713, 51646, 51830, 52314, 52436, 52643, 52736, 52746, 52759, 52867, 53118, 53139, 53161, 53493, 53915, 53951, 54112, 54481, 54963, 54987, 55188, 56158, 56873, 57086, 57470, 57585, 57695, 57840, 58204, 58449, 58766, 58890, 59440, 59710, 59714, 60006, 60036, 60037, 60157, 60794, 60875, 61020, 61096, 61282, 61312, 62756, 63508, 63722, 63750, 63882, 63905, 64408, 64708, 64762, 65301, 65455
600, 1054, 1175, 1549, 1767, 1988, 2517, 2946, 3416, 3495, 3532, 3713, 4000, 4223, 4409, 5265, 5350, 5355, 5647, 5782, 6216, 6286, 6292, 6338, 6391, 6798, 7276, 7327, 7416, 7615, 7889, 8466, 8475, 8495, 9162, 9304, 9376, 10099, 10196, 10314, 10566, 11077, 11857, 12326, 12413, 12784, 13207, 13753, 14424, 14589, 14751, 15034, 15905, 16173, 16614, 16762, 16810, 16929, 17082, 17145, 17613, 17628, 17794, 17826, 17915, 18255, 18328, 18863, 18896, 18907, 19256, 19311, 19441, 19454, 19463, 19612, 19619, 19665, 19676, 19796, 19995, 20065, 20079, 20189, 20437, 20746, 20807, 21036, 21103, 21200, 21519, 21657, 21955, 21997, 22236, 22332, 23156, 23589, 23744, 23851, 23878, 23887, 24315, 24584, 24651, 24740, 24831, 24935, 25098, 25203, 25226, 25321, 25479, 26148, 26356, 26419, 26898, 27839, 27844, 28011, 28367, 28391, 28519, 28911, 29452, 29590, 30746, 31504, 31555, 31960, 31974, 32066, 32593, 33131, 33164, 33171, 33242, 33312, 33446, 33585, 33603, 33942, 33954, 34333, 34552, 34836, 35130, 35552, 35967, 36006, 36018, 36028, 36326, 36800, 36862, 36881, 38677, 39163, 39331, 39463, 39615, 39792, 40020, 40177, 40600, 40805, 41646, 41704, 41713, 42534, 43135, 44127, 44616, 45350, 45456, 45583, 45666, 45745, 46028, 46365, 46559, 46701, 46719, 46831, 46991, 47224, 47402, 47465, 47732, 48040, 48064, 48072, 48681, 48827, 48910, 49000, 49284, 49421, 49651, 49926, 50020, 50315, 50419, 50908, 51115, 51807, 51904, 52812, 53377, 53501, 53961, 54134, 54585, 54588, 54714, 54860, 55711, 56335, 56371, 56894, 56921, 57153, 57323, 57473, 57878, 57908, 58034, 58038, 58371, 58432, 59102, 59191, 59224, 59616, 59685, 60066, 60141, 60143, 60613, 60886, 61209, 61543, 61628, 61737, 61875, 61954, 62188, 62839, 63174, 63436, 63543, 63647, 64316, 64387, 64790, 65406
58, 416, 939, 1013, 1717, 1925, 1930, 2087, 2337, 2459, 2584, 2767, 3331, 3354, 3501, 3586, 3765, 3908, 4302, 4531, 4849, 4872, 5012, 5028, 5229, 5303, 5947, 6047, 6098, 6378, 6517, 6611, 6811, 7039, 7256, 7277, 7453, 7595, 7609, 8341, 9236, 9853, 10023, 10253, 10492, 10548, 11009, 11120, 11189, 11199, 11361, 11507, 11937, 11959, 12537, 12656, 12940, 14265, 14294, 14382, 14948, 15107, 15269, 15377, 15527, 15768, 15917, 16006, 16069, 16166, 16218, 16256, 16261, 16808, 16859, 16986, 17345, 18186, 18294, 18697, 19038, 19105, 19294, 19574, 19742, 20293, 20655, 20814, 20984, 21144, 21239, 21391, 22303, 22323, 22647, 22985, 23235, 23789, 24551, 24632, 24787, 24873, 24916, 25178, 25191, 25436, 25456, 25910, 26361, 26855, 27803, 27863, 27876, 28533, 28685, 28935, 29468, 29508, 29741, 30058, 30455, 30555, 31061, 31252, 31380, 31766, 31852, 32086, 32127, 32226, 32227, 33161, 33312, 33526, 34125, 34135, 34357, 34467, 34732, 34967, 34996, 35005, 35059, 35171, 35646, 35734, 35924, 36087, 36640, 36669, 37618, 37844, 38140, 38189, 38214, 38215, 38524, 38797, 38939, 40378, 40481, 40775, 40876, 41033, 41457, 41990, 42101, 42141, 42683, 42835, 43059, 43080, 43493, 43680, 43681, 43959, 44235, 44404, 44416, 45800, 45981, 46859, 47244, 47474, 47688, 47710, 48169, 48606, 48902, 49006, 49014, 49127, 50089, 50159, 50891, 50940, 51533, 51800, 51874, 52012, 52053, 52210, 52506, 52767, 53072, 53468, 53844, 53938, 54475, 54771, 54933, 54966, 55067, 55272, 55484, 55493, 55795, 55974, 56436, 56633, 57394, 57667, 57711, 57766, 57860, 58176, 58272, 58415, 58499, 58788, 58907, 59164, 59374, 59783, 60089, 60170, 61139, 61606, 61809, 61812, 61962, 62046, 62127, 62618, 62696, 62806, 63314, 63427, 63767, 63789, 64004, 64102, 64159, 64728, 64956, 65328
119, 428, 437, 517, 603, 1828, 1920, 1942, 2078, 2152, 2342, 2650, 3350, 3415, 3476, 3777, 3857, 3946, 4101, 4105, 4178, 4202, 4245, 4833, 4891, 5795, 5889, 6189, 6290, 6611, 7193, 7325, 7566, 7668, 9377, 9444, 9477, 10272, 10383, 11025, 11127, 11157, 11393, 11500, 11534, 11535, 11557, 12104, 12962, 13387, 13772, 13980, 14056, 14185, 14215, 14716, 14731, 14754, 14958, 15174, 15521, 15622, 15739, 15966, 16010, 16114, 16282, 16958, 17836, 18165, 18529, 18564, 18737, 19092, 19221, 19799, 20665, 20997, 21067, 21468, 21618, 21633, 21744, 21987, 22506, 22577, 22959, 23299, 23561, 23767, 24613, 24749, 24989, 25332, 25638, 26050, 26592, 27044, 28137, 28703, 28876, 28905, 28919, 30348, 30452, 30489, 30518, 30552, 31914, 32466, 32860, 32932, 33023, 33108, 33142, 33479, 33567, 33666, 33852, 34214, 34510, 34659, 35540, 35773, 35911, 36057, 36109, 36164, 36248, 36257, 36905, 37209, 37289, 38077, 38131, 38210, 38605, 39475, 39569, 40180, 40254, 40275, 40728, 41215, 41223, 41327, 41506, 42106, 42280, 42288, 42318, 42582, 42623, 42635, 42841, 43867, 44206, 44358, 44654, 44678, 45695, 45920, 46174, 47120, 47220, 47606, 48031, 48055, 48360, 48435, 48654, 48709, 48984, 49038, 49399, 49656, 49815, 50120, 50133, 50354, 50573, 50641, 50819, 50986, 51218, 51424, 51454, 51570, 51592, 52042, 52063, 52243, 52278, 52279, 52359, 52402, 52435, 53086, 53292, 53445, 53568, 53810, 54514, 54820, 54946, 55088, 55092, 55119, 55194, 55210, 55214, 55883, 56176, 56179, 56435, 56726, 56777, 56865, 56983, 57205, 57381, 57456, 57678, 57773, 57787, 57948, 58183, 58231, 59471, 59578, 59914, 60005, 60478, 60527, 60849, 60912, 61002, 61019, 61339, 61750, 61813, 61824, 62535, 62660, 62965, 62971, 63058, 63601, 63656, 63740, 63986, 64288, 64402, 64694, 65049, 65434
133, 527, 868, 893, 955, 1016, 1196, 1306, 1785, 1863, 1993, 2152, 2487, 2598, 3040, 3627, 4209, 4303, 5124, 5976, 6261, 6268, 6505, 6672, 6859, 6896, 6906, 7106, 7148, 7183, 7261, 7638, 7739, 7899, 8125, 8353, 8364, 8681, 8930, 9167, 9619, 9892, 10088, 10484, 10580, 10581, 11429, 11756, 11807, 12091, 12619, 12893, 13163, 13389, 13410, 13968, 13997, 14105, 14115, 14728, 14761, 14898, 15693, 16711, 16755, 16947, 17048, 17081, 17169, 17349, 17431, 18104, 18388, 18492, 18982, 19095, 19480, 19658, 19691, 19704, 19811, 19843, 20081, 20201, 20444, 20497, 20657, 22002, 22079, 22147, 22767, 22843, 22952, 23157, 23599, 23896, 24070, 24239, 24411, 24750, 24849, 25393, 25676, 25687, 26108, 27064, 27302, 27868, 28062, 28213, 28253, 28280, 28579, 28857, 28954, 29382, 29395, 29434, 29507, 29545, 29903, 30453, 30577, 31004, 31422, 31522, 31553, 32334, 32841, 32982, 33032, 33254, 33570, 33705, 34052, 34616, 34631, 35167, 35215, 35425, 35502, 35671, 35786, 35933, 36281, 36619, 36691, 37595, 37666, 38042, 38289, 38320, 38395, 38479, 38961, 39221, 39401, 39578, 39712, 39721, 40113, 40609, 40680, 41903, 41916, 42019, 42321, 42332, 42362, 42697, 42739, 42765, 42997, 43170, 43709, 44058, 44155, 44449, 44579, 44649, 45061, 45288, 45339, 45514, 45609, 46199, 46455, 46732, 46931, 47570, 47795, 48418, 48558, 49569, 49620, 49679, 50029, 50172, 50584, 50639, 50837, 51016, 51026, 51070, 51279, 51406, 51580, 51749, 52340, 52605, 52810, 53100, 53398, 54241, 54530, 54599, 54631, 54824, 54994, 55255, 55310, 55417, 55455, 55751, 55788, 55854, 56564, 56580, 56614, 57175, 58004, 58281, 58610, 58692, 59243, 59379, 59582, 59947, 59973, 60370, 60572, 60923, 61015, 61118, 61612, 61848, 61936, 62292, 62860, 63258, 63324, 63446, 64235, 64344, 64436, 65259
138, 287, 387, 800, 1055, 1187, 1359, 1666, 1826, 2104, 2486, 2851, 2958, 3045, 3261, 3531, 3532, 3666, 4036, 4161, 4374, 4694, 4971, 5287, 5292, 5346, 5652, 6224, 6248, 6375, 6561, 6770, 6938, 7014, 7084, 7482, 7707, 7759, 8102, 8296, 8527, 8584, 8817, 9044, 9146, 9286, 9468, 9518, 9570, 10208, 10297, 10306, 11068, 11442, 12120, 12146, 12265, 12517, 12687, 13244, 13765, 13893, 14352, 14748, 15038, 15214, 15662, 16650, 16724, 17129, 17188, 17327, 18174, 18612, 18929, 18930, 19172, 19222, 19703, 19849, 20413, 20636, 21035, 21361, 21374, 21446, 21660, 21778, 21840, 21883, 21989, 22758, 22876, 23763, 24133, 24206, 24331, 24624, 25093, 25178, 25248, 25311, 25608, 26167, 26288, 26556, 26771, 26888, 27016, 27051, 27391, 27701, 27986, 28308, 28318, 28527, 28972, 29107, 30228, 30328, 30598, 30848, 31030, 31545, 31794, 32071, 32209, 32256, 32460, 32751, 32824, 33514, 33909, 34777, 34813, 34938, 34968, 35423, 35695, 35813, 36476, 36560, 36561, 36606, 36705, 36961, 36983, 37006, 37159, 37502, 37808, 38110, 38190, 38914, 39125, 39335, 39566, 39705, 39715, 39769, 39790, 39873, 39968, 40176, 40423, 40531, 40715, 40791, 40907, 41021, 41430, 41494, 41627, 42158, 42593, 43268, 43323, 43501, 44564, 44650, 44828, 44851, 44926, 45312, 45418, 45496, 45662, 45762, 45771, 45791, 45886, 46126, 46352, 47211, 47762, 48572, 48705, 49162, 49183, 49402, 50006, 50443, 51249, 51342, 51477, 51691, 51754, 51810, 51879, 52375, 52468, 52558, 52953, 53904, 54103, 54192, 55113, 55701, 55758, 56109, 56167, 56235, 56410, 56559, 57715, 57770, 57875, 58880, 59086, 59851, 59964, 60022, 60201, 60602, 61350, 61361, 61483, 61505, 61524, 61960, 62035, 62102, 62203, 62337, 62654, 62735, 62787, 63041, 63573, 63755, 64241, 64424, 65097, 65300, 65367, 65476
103, 120, 415, 487, 1208, 1787, 1934, 2475, 2500, 2610, 2830, 3198, 3462, 3672, 4373, 4448, 4475, 5146, 5358, 5603, 6309, 7462, 7712, 7965, 8100, 8328, 8389, 8555, 9226, 9376, 9838, 10267, 10722, 11281, 12576, 12815, 12897, 12995, 13055, 13166, 13402, 13586, 13640, 13807, 13812, 13845, 14562, 14709, 15163, 15440, 15760, 15949, 16149, 16565, 16601, 17013, 17323, 17668, 17775, 18092, 18244, 18446, 18840, 18945, 19114, 19239, 19373, 19809, 19877, 19961, 20020, 20233, 20637, 20702, 20786, 20833, 20866, 21469, 22051, 22067, 22161, 22223, 22442, 22490, 22862, 22906, 24374, 24376, 25192, 25640, 25890, 25900, 25996, 26119, 26295, 26392, 26662, 26800, 26815, 26832, 26978, 27087, 27195, 27750, 27826, 27904, 27930, 27992, 28365, 28530, 28564, 28906, 29805, 30414, 30524, 30723, 30733, 30842, 30935, 31026, 31158, 31170, 31360, 31372, 31673, 32001, 32021, 32062, 32327, 32645, 33170, 33586, 33663, 34349, 34362, 34363, 34427, 34448, 35219, 35699, 35979, 36087, 37043, 37120, 37172, 37463, 37488, 37514, 37902, 38554, 38699, 39219, 39232, 39325, 39984, 40105, 40199, 40863, 41175, 41336, 41495, 41876, 42034, 42168, 42581, 42592, 43026, 43097, 43434, 44148, 44477, 44642, 44803, 45013, 45139, 45208, 45509, 45691, 45752, 46026, 46708, 46805, 47102, 47520, 47944, 48062, 48203, 48511, 48757, 48883, 49118, 49604, 50776, 51377, 51395, 51489, 51502, 51569, 51764, 52119, 52572, 53111, 53262, 53437, 53613, 53737, 53893, 54234, 54311, 54394, 54460, 54798, 55053, 55187, 55279, 55282, 55725, 55968, 56485, 57029, 57038, 57251, 57389, 57428, 57546, 57570, 57752, 57896, 57910, 57990, 58221, 58299, 58433, 58832, 59185, 59295, 59704, 59986, 60101, 60295, 60840, 61249, 61585, 62054, 62071, 62088, 62175, 62646, 62895, 63274, 64068, 64231, 64673, 65134, 65288, 65325
577, 602, 871, 920, 1059, 1097, 1110, 1309, 1762, 2083, 2388, 3681, 3885, 4054, 4595, 5065, 5193, 5252, 5441, 5702, 5749, 5998, 6160, 6266, 6298, 6339, 6519, 7043, 7177, 7383, 7521, 7578, 7671, 7895, 8413, 8474, 8726, 9145, 9237, 9344, 9597, 10220, 10536, 10798, 10892, 11269, 11590, 11975, 12069, 12207, 12560, 12658, 12693, 12799, 12951, 13406, 13695, 13737, 13905, 14130, 14227, 14380, 15545, 15643, 15895, 15979, 16114, 16293, 16409, 16668, 17086, 17592, 18387, 18935, 18985, 19491, 19525, 19703, 19731, 19980, 19997, 20072, 20335, 20668, 20749, 20757, 20828, 20846, 20881, 21140, 21234, 21437, 21569, 21712, 21864, 22084, 22101, 22132, 22472, 22727, 23019, 23044, 23137, 23213, 23344, 23719, 23792, 24236, 24250, 24527, 24756, 24895, 25050, 25071, 25574, 26453, 27005, 27074, 27536, 27549, 27812, 27896, 28292, 28936, 29404, 29476, 29928, 30364, 30893, 31694, 31792, 32229, 32609, 32759, 33137, 33325, 34337, 34457, 34679, 34823, 34860, 35127, 35142, 35633, 35871, 36184, 36229, 36328, 36539, 36959, 37169, 37303, 37350, 38001, 38073, 38137, 38465, 38616, 38685, 38924, 39973, 39982, 40002, 40133, 40369, 41110, 41281, 42194, 42480, 43310, 43393, 44100, 44109, 44167, 44539, 44783, 45523, 45984, 46602, 46618, 47033, 47157, 47348, 47488, 47575, 47576, 47615, 47627, 47636, 47672, 48614, 50178, 50197, 50495, 50635, 50652, 51259, 51560, 51646, 51796, 51952, 52357, 52447, 52746, 53161, 53363, 53438, 53475, 53635, 53725, 53916, 54182, 54822, 54902, 55029, 55427, 55558, 55779, 55798, 55802, 55820, 55900, 56030, 56057, 56359, 56436, 56574, 56759, 56807, 56810, 56819, 57820, 57992, 58142, 58317, 58469, 58499, 59188, 59453, 60499, 60554, 61122, 61126, 62672, 62791, 63573, 63912, 63995, 63998, 64521, 64877, 64926, 65080, 65165, 65489, 65524
1095, 1459, 1670, 1762, 1784, 2100, 2317, 2932, 3365, 3610, 3792, 4340, 4885, 5389, 5513, 6058, 6256, 6352, 6474, 6891, 7338, 8819, 8861, 8965, 9093, 9384, 10032, 10156, 10693, 10746, 11047, 11485, 12145, 13862, 13927, 13971, 14389, 14439, 14466, 14900, 15062, 15329, 15394, 15524, 15606, 15674, 16233, 16564, 17706, 17829, 18134, 18230, 18290, 18312, 18402, 18572, 18875, 18898, 19109, 19259, 19828, 20564, 20659, 20742, 20787, 20886, 20893, 20964, 21019, 21185, 21327, 21653, 21695, 22171, 22277, 22353, 22996, 23109, 23278, 23292, 23328, 23388, 23594, 23700, 23945, 24634, 24992, 25137, 25998, 26216, 26338, 26465, 26925, 27008, 27023, 27291, 27745, 28228, 28239, 28605, 28693, 28945, 29386, 29611, 29852, 30142, 30393, 30397, 30586, 31215, 31300, 31461, 32430, 33078, 33302, 33825, 33834, 33952, 33974, 34014, 34115, 34203, 34361, 34718, 34733, 35073, 35149, 35224, 35337, 35623, 35700, 35736, 36484, 36497, 37657, 37701, 38300, 38384, 38408, 39021, 39126, 39204, 39285, 39391, 39753, 39760, 39804, 40280, 40298, 40479, 40579, 40843, 41004, 41372, 41857, 42060, 42294, 42372, 42557, 42959, 43065, 43315, 43435, 43561, 43709, 43826, 44057, 44436, 44442, 44539, 44993, 45187, 45403, 45493, 45547, 45700, 46687, 47627, 47661, 47714, 47815, 48367, 48616, 48995, 49109, 49312, 49752, 49921, 49986, 50090, 50286, 50287, 50350, 50758, 50763, 51390, 51702, 52516, 52727, 53089, 53132, 53429, 53871, 54022, 54180, 54503, 54824, 54970, 55032, 55135, 55143, 55469, 55487, 55671, 55798, 56161, 56296, 56612, 56663, 56722, 56776, 56836, 57079, 57179, 57194, 57650, 58515, 58622, 58958, 58999, 59189, 59340, 59598, 59645, 59961, 60389, 60584, 61058, 61088, 61474, 61877, 61879, 62004, 62095, 62223, 62371, 62850, 63154, 63352, 63503, 63603, 63646, 63662, 64912, 64916, 65072
796, 831, 908, 912, 927, 1015, 1305, 1752, 1820, 1904, 2190, 2200, 2494, 2566, 2636, 2782, 3494, 4486, 5012, 5025, 5458, 5791, 6130, 6388, 6972, 7635, 7707, 7725, 7925, 8181, 8306, 8457, 8566, 8910, 8997, 9095, 9326, 9745, 9952, 10401, 10420, 10695, 10824, 10874, 10996, 11215, 11268, 11574, 11647, 12331, 12368, 12437, 12459, 12711, 13808, 14294, 14476, 15106, 15474, 15695, 15995, 16011, 17457, 17471, 17587, 17748, 17954, 17985, 18330, 18440, 18458, 18550, 19132, 19338, 19620, 19693, 19994, 20083, 20096, 20203, 20331, 20342, 20487, 20530, 20557, 20658, 20895, 21043, 21507, 21699, 21906, 22393, 22963, 23036, 23068, 23112, 23164, 23218, 23300, 25168, 25226, 25732, 25892, 26241, 26274, 26607, 26633, 26753, 26839, 26959, 27010, 27268, 27749, 27808, 27909, 27980, 28007, 28091, 28214, 28682, 29665, 29994, 30095, 30321, 30328, 30849, 31154, 31357, 31554, 31611, 31626, 31764, 31877, 31936, 32078, 32237, 32793, 32869, 33457, 33520, 34339, 34466, 35129, 36282, 36383, 36513, 36847, 36868, 37745, 38207, 38320, 38507, 38904, 39021, 39240, 39638, 39756, 39852, 39944, 40641, 40771, 41117, 41330, 41468, 41681, 41911, 42016, 42473, 42513, 43083, 43394, 43718, 43770, 43906, 44031, 44308, 45041, 45192, 45510, 45741, 45957, 46455, 46465, 46662, 47121, 47314, 47656, 47776, 48586, 49004, 49588, 49730, 49846, 49888, 49988, 50067, 50512, 50526, 50691, 50708, 50767, 51779, 51879, 52029, 52090, 52235, 52759, 52810, 53216, 53296, 53737, 53793, 53810, 53826, 54053, 54077, 54242, 54414, 54657, 55471, 55543, 55608, 55830, 55867, 55881, 56056, 56255, 56290, 56350, 56352, 57088, 57554, 57602, 57750, 58560, 58574, 58598, 58788, 59161, 59212, 59858, 60798, 60852, 61248, 61532, 62089, 62510, 62836, 63287, 63362, 63403, 63531, 64400, 64439, 64899, 65418
1277, 1565, 1699, 1950, 2238, 2464, 2513, 2547, 3183, 3467, 3733, 4489, 4737, 4874, 4875, 4889, 5195, 5446, 5501, 5632, 6580, 7040, 7521, 7547, 8429, 8731, 10755, 10937, 10972, 11481, 11511, 11582, 11975, 12161, 12164, 12382, 12388, 13007, 13708, 13923, 14190, 14467, 14680, 14834, 14939, 15123, 15267, 15350, 15564, 15679, 15777, 15831, 15856, 16007, 16024, 16121, 16295, 16557, 16695, 16815, 17019, 17363, 17423, 17671, 17820, 17950, 18038, 18087, 18107, 18124, 18177, 18328, 18340, 18369, 18860, 18879, 19215, 19290, 19476, 19539, 19676, 20002, 20488, 20560, 20634, 20708, 21108, 21218, 21540, 21700, 22081, 22112, 22298, 22403, 22811, 22900, 22975, 22977, 23125, 23555, 23572, 23895, 24276, 24334, 24579, 24767, 25058, 25362, 25393, 25603, 25838, 26140, 26476, 26503, 26521, 26589, 27185, 27322, 27550, 28007, 28112, 28530, 28710, 28838, 28896, 28930, 29147, 29396, 29804, 29864, 30250, 30460, 30558, 30806, 31871, 31881, 32413, 32537, 33011, 33112, 33462, 33505, 33614, 34072, 34075, 34343, 34489, 34939, 35519, 35556, 35647, 36740, 37134, 37438, 37889, 37959, 38286, 39830, 39968, 40081, 40149, 40630, 40779, 41100, 41155, 41484, 41617, 41966, 42237, 42389, 43158, 43208, 43341, 43853, 43900, 44362, 44516, 45121, 45135, 45426, 45468, 45633, 45801, 47096, 47176, 47183, 47486, 47677, 47697, 47820, 48082, 48088, 48510, 48564, 48641, 48804, 49607, 50008, 50276, 50525, 51034, 51195, 51530, 51568, 52540, 52630, 53025, 54165, 54556, 54733, 54982, 55146, 55234, 55458, 55771, 55778, 56048, 56176, 56492, 56925, 57323, 57370, 57415, 57430, 58014, 58339, 59076, 59213, 59402, 59599, 59656, 59716, 59779, 59836, 59953, 60349, 60392, 60393, 60718, 60743, 60958, 61274, 61305, 61678, 61687, 62098, 62370, 62750, 63547, 63583, 63730, 63932, 64573, 64913, 64933, 65434
105, 450, 1518, 1740, 1784, 1795, 2317, 2461, 3681, 3729, 3778, 3814, 3842, 3980, 4528, 4856, 4906, 4920, 4929, 5210, 5298, 5321, 5693, 6724, 6964, 7101, 7849, 8013, 8218, 8522, 8562, 9114, 9421, 9524, 9815, 9913, 10631, 10642, 10777, 11208, 11406, 11409, 11545, 11546, 11599, 11686, 11868, 11955, 12140, 12167, 12235, 12417, 12481, 12866, 12871, 12887, 13044, 13195, 13538, 13854, 14227, 14229, 14358, 14393, 14417, 14501, 14641, 15498, 16071, 16150, 16791, 17027, 17414, 17852, 17856, 17885, 18105, 18118, 18663, 18735, 18817, 18823, 18929, 19230, 19596, 19937, 20035, 20510, 20627, 20634, 21130, 21218, 21362, 21475, 21624, 21655, 22167, 22400, 22406, 22450, 22821, 22959, 23000, 23127, 23432, 23497, 24235, 24460, 24615, 24970, 25069, 25903, 25911, 25971, 26232, 27350, 27392, 27458, 27640, 28587, 28720, 28883, 29812, 29818, 30237, 30727, 31038, 31342, 31818, 32130, 32227, 33003, 33760, 34082, 34195, 34748, 35054, 35073, 35646, 35681, 35690, 35762, 35965, 36185, 36254, 36450, 36721, 37548, 37596, 37766, 37843, 38051, 38242, 38247, 38329, 38369, 38835, 38994, 39001, 39545, 39628, 39842, 40241, 40304, 40612, 40884, 41207, 41332, 41682, 41704, 42297, 43087, 43105, 43409, 43620, 43659, 43716, 43878, 44018, 44201, 44299, 44540, 44701, 44802, 44925, 45018, 45802, 46060, 46788, 46989, 47926, 48344, 48463, 48530, 48683, 48729, 48841, 49076, 49101, 49117, 50361, 50485, 50868, 51151, 51245, 51254, 51805, 51810, 52059, 52318, 52451, 52511, 52530, 52774, 52839, 52915, 53013, 53572, 53659, 53928, 55005, 55556, 56196, 56216, 56462, 56556, 56670, 56705, 57139, 57199, 57341, 57651, 57786, 57949, 59324, 59342, 59631, 59927, 60071, 60524, 60776, 60878, 61331, 61483, 61955, 61962, 62210, 62756, 62850, 63484, 63691, 63825, 64598, 64677, 65139, 65500
25, 323, 428, 624, 775, 1087, 1487, 1979, 2965, 3065, 3119, 3293, 3457, 3579, 3824, 4329, 4380, 4549, 4831, 5033, 5260, 5817, 6236, 6318, 6475, 7031, 7304, 7519, 7520, 7563, 7634, 7666, 8214, 8352, 8541, 8646, 9080, 9223, 9400, 9447, 9494, 10347, 10349, 10376, 10562, 10750, 10976, 11240, 11338, 11517, 11706, 12052, 12129, 12353, 12710, 13001, 13656, 13753, 13768, 13897, 13977, 14022, 14095, 14736, 14855, 15266, 15433, 15434, 15844, 16004, 16760, 16834, 17241, 17282, 17388, 18219, 19874, 20767, 20799, 20983, 21231, 21508, 21808, 21901, 21910, 21922, 21940, 22674, 22962, 23135, 23248, 23258, 23378, 23547, 23753, 24193, 24420, 24428, 24454, 24485, 24796, 25192, 25818, 25883, 27402, 27965, 28055, 28880, 29014, 29373, 29854, 31205, 31309, 31359, 31634, 31783, 32040, 32501, 32928, 33332, 33662, 34459, 35705, 35763, 35800, 35895, 36017, 36069, 36202, 36379, 36483, 36928, 37156, 37607, 37713, 37745, 38366, 38774, 39490, 39707, 40095, 40174, 40245, 40437, 40466, 40674, 40681, 41184, 41204, 41435, 41501, 41752, 42100, 42141, 42428, 42811, 43030, 43080, 43095, 43188, 43236, 43584, 43846, 43890, 44051, 44649, 45045, 45059, 45336, 45380, 46096, 46316, 46766, 46848, 46889, 47153, 47230, 47742, 47845, 47875, 47992, 47998, 48450, 48483, 48516, 48582, 48782, 49344, 49433, 49921, 50458, 50706, 51423, 51720, 52125, 52183, 52216, 52436, 52692, 52844, 52889, 53011, 53014, 53129, 53162, 53349, 53452, 53576, 53865, 54086, 54341, 54388, 54389, 54545, 54825, 54939, 55057, 55429, 55500, 56412, 56527, 56904, 57126, 57298, 57394, 57509, 57788, 57905, 58593, 58622, 58625, 59254, 59537, 60094, 60149, 60200, 60214, 60317, 60373, 61058, 61105, 61623, 61768, 61947, 62063, 62817, 63115, 63348, 63681, 63956, 64136, 64232, 64697, 64725, 64818, 64897
68, 297, 1129, 1391, 1528, 1577, 2066, 2241, 2320, 2399, 2516, 2596, 2670, 3159, 3609, 3626, 4002, 4138, 4215, 4220, 5110, 5140, 5418, 5705, 6493, 6500, 6891, 7078, 7249, 7449, 7983, 8102, 8104, 8227, 8305, 8715, 8835, 8959, 9266, 9514, 9575, 9687, 9857, 9947, 10085, 10200, 10330, 10451, 10591, 10769, 11363, 11457, 11694, 12516, 12524, 12644, 12708, 13119, 13286, 13745, 13768, 13818, 13933, 14150, 14276, 14538, 14705, 15069, 15457, 15542, 15547, 17007, 17123, 17999, 18042, 18800, 18850, 19380, 19508, 19565, 19589, 19869, 20582, 20694, 21060, 21122, 21185, 21422, 21527, 21560, 21805, 22004, 22030, 22081, 22395, 22579, 22821, 23050, 23090, 23187, 23255, 24123, 24283, 24542, 24809, 25369, 25611, 25708, 25732, 25789, 25891, 26111, 26232, 26724, 27278, 27462, 27688, 27939, 27978, 28210, 28426, 28440, 28769, 29170, 29272, 29327, 29399, 29573, 30148, 30522, 30699, 31168, 31173, 31285, 31456, 31810, 32019, 32061, 32183, 32515, 33035, 33351, 34323, 34806, 35281, 35408, 35625, 35821, 35903, 36015, 36054, 36139, 36314, 36588, 36655, 37169, 37310, 37569, 37703, 38003, 38255, 38397, 39093, 39458, 39863, 40656, 41243, 41252, 41268, 41695, 42170, 42230, 42239, 42692, 43052, 43079, 43711, 43734, 44270, 44273, 44415, 44704, 45083, 45704, 45966, 45977, 46027, 46410, 47013, 47308, 47438, 47682, 47892, 48209, 48800, 48860, 49131, 49153, 49271, 49479, 49724, 49848, 49985, 50251, 51044, 51382, 51511, 52210, 52444, 52596, 52776, 53041, 53053, 53266, 53276, 53379, 53602, 53880, 54552, 54729, 55423, 55457, 55638, 55675, 55722, 55787, 55979, 56269, 56496, 56563, 56768, 56900, 57015, 57758, 58096, 58398, 58438, 58631, 59513, 59807, 60336, 61483, 61947, 62234, 62271, 62548, 62637, 62865, 63617, 64218, 64535, 64776, 65042, 65100, 65237, 65466
93, 533, 706, 756, 947, 1512, 1560, 1774, 1859, 2172, 2525, 3217, 3475, 3702, 3868, 3942, 4075, 4481, 4536, 4704, 4795, 4920, 5021, 5101, 5236, 6414, 6704, 7529, 8552, 8889, 9146, 10180, 10273, 10368, 10475, 10620, 11518, 11605, 11725, 12023, 12262, 12267, 12296, 12316, 12981, 13050, 13300, 13499, 13694, 13760, 13896, 14163, 14164, 14775, 15056, 15317, 15354, 15454, 15742, 16489, 17273, 17422, 17510, 18183, 18674, 18911, 19024, 19046, 19353, 19411, 19883, 20183, 20565, 20577, 20726, 20983, 21546, 21669, 22070, 22555, 22675, 23014, 23136, 23159, 23692, 24121, 24409, 24842, 25472, 25656, 26051, 26130, 26132, 26190, 26500, 26766, 27121, 27162, 27355, 27840, 28170, 28174, 28326, 28332, 28431, 28910, 28982, 29485, 30583, 31265, 31965, 32231, 32395, 32397, 32963, 33156, 33277, 33334, 33364, 33583, 33624, 34285, 34368, 34644, 35079, 35126, 35692, 36157, 36447, 36738, 36767, 36811, 37882, 38554, 38641, 38803, 39000, 39121, 39731, 39937, 40477, 40670, 40705, 40825, 41191, 41227, 42305, 42522, 42532, 43512, 43977, 44181, 44256, 44371, 44876, 45038, 45051, 45255, 45391, 45661, 46498, 46540, 47327, 47340, 47406, 47546, 47564, 47695, 47830, 48649, 49206, 49305, 49411, 49585, 49595, 50111, 50326, 50451, 50452, 50826, 51003, 51647, 51835, 51908, 52044, 52078, 52311, 52653, 52835, 53133, 53471, 53663, 53737, 54341, 54622, 54757, 54842, 54931, 54970, 55929, 55950, 56085, 56364, 56627, 56723, 56921, 57039, 57380, 57702, 57782, 57952, 58090, 58223, 58307, 58499, 58660, 58675, 58889, 58894, 59372, 59535, 59856, 60207, 60328, 60432, 60945, 61048, 61161, 61292, 61309, 61335, 61830, 61935, 62432, 62595, 62803, 62858, 62963, 63366, 63495, 63538, 63822, 64023, 64031, 64217, 64262, 64297, 64301, 64482, 64491, 64567, 64608, 64797, 64872, 65150, 65350
535, 924, 1033, 1374, 1393, 1489, 1779, 1801, 1932, 2637, 2696, 3585, 3672, 4069, 4107, 4266, 4700, 4713, 4848, 5142, 5391, 5497, 5551, 5693, 5926, 6046, 6449, 6647, 6809, 7195, 7298, 7322, 7502, 8232, 8268, 8441, 8482, 8586, 8910, 8954, 8964, 9420, 10343, 10986, 11001, 11136, 12036, 12287, 12377, 12469, 12877, 12883, 13226, 13425, 13623, 13659, 14251, 14680, 14888, 15286, 16250, 17172, 17344, 17378, 17383, 17590, 17836, 17880, 18059, 18207, 18213, 19444, 19756, 19880, 20380, 20995, 21408, 21786, 21847, 21982, 22249, 22367, 23194, 24324, 24733, 24876, 25308, 25677, 25872, 25882, 26338, 26585, 26907, 27183, 27187, 27625, 27631, 27817, 28843, 28954, 28978, 28993, 29240, 29335, 29621, 29669, 29681, 29801, 29942, 29976, 30000, 30976, 30981, 31718, 31732, 31879, 32271, 32801, 32804, 33255, 33359, 33533, 35421, 35534, 35765, 35773, 36009, 36509, 36590, 36905, 37284, 37357, 37575, 37697, 37701, 37766, 38089, 38808, 39166, 39357, 39618, 39776, 39934, 40041, 40229, 40589, 41208, 41987, 42726, 42782, 43334, 43799, 43818, 43858, 44147, 44696, 45148, 45459, 45608, 45888, 45965, 46008, 46341, 46828, 46964, 47022, 47162, 47450, 47533, 47841, 47851, 47895, 47927, 48051, 48300, 48388, 48520, 48529, 48582, 48682, 48837, 48845, 48872, 49459, 49677, 49809, 49936, 50030, 50075, 50175, 50223, 50362, 50670, 50797, 51162, 51537, 51848, 51968, 52664, 52733, 53214, 53380, 53644, 53755, 54077, 54145, 54295, 54317, 54787, 55000, 55813, 55931, 56018, 56345, 56365, 56698, 56718, 56861, 57040, 57090, 57382, 57574, 57672, 58265, 58370, 58374, 58580, 59063, 60024, 60269, 60295, 60837, 60930, 61335, 61477, 61702, 61778, 62098, 62124, 62136, 62738, 62831, 63094, 63300, 63347, 63878, 64333, 64396, 64470, 64799, 64812, 64938, 64986, 65070, 65345, 65378
43, 153, 172, 236, 419, 464, 477, 499, 774, 953, 1510, 1847, 1852, 1880, 1892, 2041, 2538, 2676, 2891, 3068, 4179, 4470, 5070, 5163, 5281, 5518, 5679, 5961, 6559, 6967, 6968, 7026, 7461, 7521, 7534, 7840, 8759, 8791, 9216, 9506, 9672, 9949, 9955, 10155, 10617, 10751, 11112, 11457, 11696, 11812, 12324, 13241, 13636, 14104, 14226, 14759, 14764, 14842, 15151, 15318, 16101, 16451, 16912, 17163, 17206, 17481, 19439, 19464, 19693, 20134, 20153, 20626, 20950, 21086, 21266, 21332, 21482, 21575, 21782, 21786, 22303, 22307, 22601, 22866, 23000, 23040, 23536, 23894, 24283, 24377, 24592, 25245, 25463, 25513, 25725, 26122, 26580, 26734, 26826, 27024, 27226, 27376, 27553, 27592, 27677, 28286, 28810, 28945, 28975, 29602, 29749, 30244, 30413, 30449, 30461, 30465, 30564, 30717, 30813, 30824, 30836, 31054, 31080, 31908, 32002, 33099, 33159, 33742, 33873, 33922, 34004, 34197, 34503, 34521, 34572, 34602, 34687, 34886, 34903, 35591, 35844, 35966, 36825, 37085, 37315, 37551, 38148, 38184, 38375, 38949, 39193, 39342, 39403, 39638, 40023, 40186, 40873, 41192, 41331, 41641, 42130, 42298, 42382, 42861, 43157, 43259, 43886, 43889, 43954, 44107, 44111, 44412, 44489, 44704, 44953, 45130, 45416, 45757, 46443, 46716, 46870, 47178, 47368, 47591, 47758, 48180, 48881, 48917, 49414, 49563, 49855, 49907, 50151, 51181, 51843, 52284, 52501, 52657, 52790, 52871, 53040, 53291, 53453, 53886, 53948, 54000, 54025, 54125, 54264, 54337, 54388, 54442, 54499, 55123, 55330, 55566, 55746, 55954, 56755, 56786, 57158, 57381, 57494, 57737, 57835, 57865, 58316, 58407, 59065, 59253, 59299, 59445, 59573, 59937, 59988, 60352, 60405, 60481, 60742, 61070, 61184, 61502, 61818, 62024, 62222, 62455, 63136, 63392, 64102, 64142, 64374, 64405, 64651, 64667, 65005, 65271
274, 1217, 1367, 1426, 1444, 1522, 1837, 1868, 1930, 2424, 3093, 3654, 3972, 4204, 4504, 4707, 5015, 5051, 5893, 6098, 6301, 6553, 6801, 6973, 7225, 7597, 7795, 8219, 8533, 8650, 9045, 10240, 10264, 10309, 10334, 10599, 10637, 10851, 10905, 11772, 11798, 11860, 11957, 11975, 12344, 12732, 13268, 13356, 13797, 13922, 13949, 14012, 14155, 14432, 14533, 14539, 14833, 15005, 15095, 15131, 15148, 15281, 15667, 15950, 16277, 16329, 16750, 16967, 17021, 17109, 17169, 17463, 17764, 18088, 18252, 18623, 18862, 19068, 19296, 19917, 20047, 20246, 20640, 21160, 21377, 21742, 21832, 21842, 21916, 22043, 22091, 23546, 23555, 23725, 23865, 23871, 23898, 23920, 23964, 24079, 24161, 24810, 25111, 25204, 25789, 25807, 27799, 28075, 28184, 28528, 28787, 28847, 29225, 29311, 29355, 29677, 29733, 29771, 30000, 30653, 30737, 30835, 30900, 30977, 32512, 32922, 33032, 33251, 33871, 33938, 34049, 34133, 34716, 34872, 35081, 35702, 36335, 36353, 36811, 36864, 37139, 37232, 37261, 37609, 37674, 37982, 38038, 38151, 39153, 40161, 40209, 40264, 40528, 40631, 40974, 41721, 41780, 42009, 42228, 42568, 42823, 42907, 43024, 43326, 43427, 43619, 43630, 43844, 44101, 44538, 45118, 45151, 45306, 45618, 45697, 45725, 46078, 46190, 46211, 46816, 47008, 47206, 47288, 47487, 47653, 47729, 47787, 48039, 48388, 48497, 48822, 49054, 49203, 49625, 49814, 49954, 50488, 50541, 50661, 51384, 51485, 51639, 51644, 51827, 52269, 52271, 53188, 53524, 53546, 53657, 53743, 54556, 54930, 55266, 55411, 55561, 55601, 55963, 56030, 56168, 56448, 56520, 56725, 56940, 57213, 57588, 57991, 58303, 58611, 58834, 58941, 59548, 59560, 59601, 59728, 59906, 60285, 60545, 60629, 60908, 61323, 61460, 62341, 62504, 62603, 63172, 63376, 63589, 63709, 63733, 64355, 64505, 64957, 65023, 65513, 65536
600, 750, 1043, 1187, 1343, 1416, 1550, 1609, 1733, 1830, 1899, 1955, 2007, 2104, 2184, 2261, 2592, 3363, 3560, 3679, 3943, 4130, 4645, 5005, 5483, 5523, 5601, 6031, 6337, 6543, 6596, 6600, 6618, 6843, 6970, 7037, 7144, 7204, 7412, 7581, 7829, 8081, 8379, 8842, 8966, 9067, 9362, 9448, 10104, 10363, 10365, 10846, 10916, 11029, 11315, 11607, 11628, 12172, 12891, 13036, 13295, 13560, 13893, 14009, 14439, 14497, 14929, 14952, 15014, 15056, 15225, 15292, 15293, 15612, 15771, 16110, 16234, 16292, 16324, 16779, 16843, 17025, 17380, 17394, 17835, 18285, 18367, 18613, 18674, 18855, 19218, 19287, 19316, 19680, 19710, 20201, 20343, 20393, 20437, 20499, 20545, 21174, 21447, 22011, 22176, 22260, 22681, 22722, 23618, 23974, 24024, 24114, 24398, 25310, 25409, 25888, 25894, 25901, 26287, 26300, 27170, 27409, 27629, 28005, 28708, 29083, 29365, 29549, 29700, 29804, 29861, 30334, 30338, 30343, 30463, 30828, 31595, 31656, 31717, 32073, 32111, 32787, 32893, 32996, 33192, 33408, 34026, 34363, 34376, 34644, 34793, 34906, 35285, 36275, 36353, 36359, 36439, 37068, 37311, 37383, 37534, 37570, 37709, 37939, 38634, 38724, 38754, 39248, 39396, 39656, 39831, 40395, 40769, 40889, 41232, 41282, 41620, 41632, 42068, 43528, 43697, 43872, 43938, 44175, 44280, 44511, 44870, 44888, 45166, 45424, 45640, 45643, 45720, 45759, 45900, 45909, 46071, 46297, 46639, 47469, 47533, 47567, 47610, 48368, 48772, 48900, 49416, 49836, 50094, 50872, 51974, 52429, 52712, 52720, 52725, 53200, 53408, 53467, 53752, 54276, 54375, 54408, 54522, 55732, 55992, 56021, 56180, 56227, 56460, 56529, 57106, 57216, 57299, 57485, 58722, 58948, 59286, 59727, 59927, 60179, 60186, 60203, 60301, 60757, 61331, 61528, 62176, 62269, 62806, 63418, 63593, 63849, 63925, 65004, 65044, 65370
795, 1409, 2291, 2802, 2898, 2938, 3019, 3321, 3915, 4137, 4360, 4482, 5510, 5584, 6034, 6099, 6173, 6608, 6768, 6873, 7113, 7439, 7603, 7732, 8023, 8213, 8216, 8318, 9070, 9246, 9339, 9396, 9437, 9860, 10505, 10525, 10835, 10895, 10941, 11167, 11372, 11629, 11818, 11959, 12213, 12638, 12915, 13014, 13139, 13197, 13332, 13748, 13887, 14337, 15014, 15280, 15596, 15708, 15932, 16464, 16882, 16978, 17223, 17256, 17349, 17424, 17844, 17919, 18113, 18322, 18362, 18371, 18499, 18578, 18724, 18755, 18922, 18966, 19603, 19905, 20133, 20279, 20446, 20925, 21009, 21110, 21157, 21211, 21492, 21617, 21835, 21846, 22070, 23161, 23251, 23352, 23511, 23517, 23552, 23561, 23969, 24266, 24350, 24613, 24930, 25205, 25512, 25648, 26146, 26162, 26384, 26428, 26551, 27017, 27075, 27448, 27582, 27807, 29393, 29769, 30240, 30633, 31124, 31275, 31448, 31726, 32398, 32576, 33127, 33130, 33227, 33400, 33604, 34241, 34714, 35075, 35241, 35411, 35431, 35808, 36587, 36837, 36923, 36963, 37391, 37475, 37671, 37794, 38450, 39235, 39824, 39834, 40154, 40361, 40373, 40581, 40596, 40937, 40941, 40998, 41029, 41116, 41296, 41461, 41587, 42013, 42287, 42488, 42507, 42592, 42759, 43013, 43103, 43453, 43525, 44227, 44266, 44286, 44521, 44815, 45085, 45292, 45860, 46035, 46339, 47142, 47349, 47583, 47699, 48214, 48216, 48606, 48666, 49367, 49504, 49796, 49832, 50343, 50437, 50867, 51658, 51731, 52039, 52298, 53017, 53657, 53964, 54141, 54339, 54697, 55058, 55461, 55562, 55583, 55765, 55902, 56170, 56534, 56824, 57069, 57078, 57089, 57215, 57526, 57672, 57735, 58011, 58381, 58408, 58430, 58620, 58627, 58653, 58937, 58966, 59077, 59218, 59518, 59633, 60323, 61095, 61205, 61302, 62218, 62283, 62576, 62665, 63246, 63310, 63420, 63597, 64059, 64328, 64344, 64792, 65502
322, 359, 673, 843, 902, 1547, 1699, 1908, 2035, 2078, 2122, 2248, 2367, 2745, 2897, 2934, 3171, 3269, 3419, 3645, 3962, 4252, 4254, 5369, 5381, 5755, 6083, 6116, 6277, 6699, 7090, 8073, 8659, 8755, 8797, 8907, 9083, 9404, 9579, 9983, 11031, 11292, 11498, 11661, 11781, 11800, 11940, 11961, 12419, 13094, 13499, 13641, 13803, 13878, 13883, 14014, 14228, 14909, 15844, 16322, 16364, 16370, 16552, 16715, 16938, 17589, 17681, 17694, 18089, 18152, 18510, 19085, 19653, 19960, 20239, 20895, 20992, 21135, 21484, 21494, 21643, 21659, 21672, 22950, 22991, 23473, 23869, 24183, 24220, 26196, 26374, 26409, 26571, 27311, 27452, 27540, 27629, 28016, 28419, 28636, 28698, 29235, 29329, 29406, 29477, 29486, 29517, 29601, 29694, 29697, 29743, 29750, 30050, 30998, 31286, 31893, 31978, 32050, 32557, 33204, 34037, 34559, 35160, 35218, 35233, 35748, 35948, 36080, 36465, 37126, 37534, 37686, 37929, 38030, 38126, 38594, 38656, 39123, 39156, 39352, 39550, 39645, 40596, 40655, 40658, 40762, 41146, 41348, 41390, 41918, 42192, 42253, 42341, 43701, 44431, 44639, 45239, 45482, 45591, 45623, 45786, 45926, 46387, 46403, 46498, 46535, 46590, 46911, 46915, 47087, 47405, 47644, 47663, 48505, 48544, 48799, 48928, 48933, 49019, 49294, 49330, 49369, 50174, 50272, 50667, 50684, 51088, 51216, 51320, 51334, 51454, 51507, 51536, 51643, 51789, 52163, 52202, 52333, 52393, 52395, 52662, 52723, 52921, 52986, 53640, 53683, 53883, 54076, 54626, 54747, 54835, 54922, 54940, 55617, 55832, 56482, 56559, 56573, 56870, 56914, 57019, 57427, 57488, 57495, 58163, 59149, 59180, 59374, 59385, 59419, 59641, 59710, 60385, 60387, 61022, 61338, 61673, 61799, 61848, 62000, 62057, 62445, 63128, 63416, 63450, 63459, 63845, 64049, 64074, 64401, 64457, 64804, 64824, 65032, 65422, 65462
30, 458, 635, 655, 1686, 2026, 2069, 2143, 2243, 2657, 2749, 2942, 2949, 3275, 3306, 3443, 4272, 4360, 4419, 4597, 4675, 4682, 5204, 5315, 5370, 5437, 5752, 6360, 6471, 6797, 7821, 8211, 8279, 8657, 8989, 9228, 9326, 9559, 9595, 9653, 9780, 10009, 10157, 10467, 10469, 11139, 11497, 11603, 12158, 12376, 12442, 12740, 12778, 12784, 12869, 12929, 13350, 13377, 13440, 13535, 14261, 14293, 14511, 14630, 14802, 15024, 15797, 16043, 16154, 16186, 16219, 17355, 17649, 17777, 17867, 17897, 18287, 18356, 18456, 18477, 18873, 19015, 19034, 19200, 19387, 19389, 19964, 20170, 20229, 20402, 20504, 21175, 22307, 22386, 22559, 22668, 22795, 23553, 24023, 24287, 24574, 24591, 25445, 25484, 25518, 25655, 25878, 26061, 26194, 26301, 26755, 26901, 27445, 27692, 28711, 28848, 29052, 29182, 29341, 29413, 29453, 29489, 29982, 30223, 30728, 30766, 30803, 31031, 31211, 31232, 31427, 31702, 31722, 31976, 32034, 32348, 32433, 33371, 33409, 33423, 33901, 34007, 35124, 35292, 35676, 35850, 36083, 36145, 36173, 36418, 37226, 37287, 37299, 37444, 37580, 37814, 38777, 38793, 39797, 39844, 40644, 40709, 40904, 41050, 41839, 41854, 42031, 42035, 42564, 43234, 43349, 43576, 43844, 43923, 43957, 44241, 45127, 45269, 45849, 46440, 46464, 46529, 46716, 47140, 47228, 47584, 47705, 47810, 48179, 48457, 48997, 49467, 49497, 49642, 49653, 50079, 50091, 50785, 50837, 51031, 51049, 51340, 51470, 51711, 52205, 52257, 52319, 52788, 52809, 53103, 53294, 53993, 54138, 54168, 54484, 54499, 54773, 54896, 55251, 55297, 56287, 56582, 56804, 56923, 56967, 57261, 57321, 57491, 57586, 58326, 58610, 58678, 59667, 60035, 60391, 60498, 60797, 61487, 61518, 61795, 61805, 61940, 62059, 62163, 62368, 62978, 63213, 63436, 63465, 63488, 64329, 64408, 64410, 64477, 65391, 65506
210, 361, 684, 1353, 1474, 1787, 1814, 1959, 2099, 2426, 2803, 3083, 3088, 3136, 4179, 4962, 5481, 5642, 5853, 6720, 6734, 7048, 7109, 7918, 8285, 8651, 9482, 10257, 10327, 10521, 10539, 10544, 10598, 10643, 10856, 11031, 11134, 11385, 11761, 11900, 12591, 12640, 12698, 12705, 12845, 12947, 13156, 13164, 13599, 13772, 14447, 15025, 15306, 15480, 15644, 15702, 15815, 16264, 16280, 16296, 16573, 16814, 17043, 17196, 17312, 17541, 17700, 17705, 17744, 17777, 17785, 17792, 18084, 19347, 19763, 19781, 19851, 20362, 20372, 20486, 20519, 20840, 21200, 21732, 21794, 21891, 22010, 22259, 22477, 22586, 22841, 23793, 23917, 24067, 24620, 24740, 25138, 25143, 25587, 26068, 26536, 26659, 27413, 27455, 28646, 29029, 29181, 29397, 29547, 29767, 29844, 29928, 29942, 30010, 30497, 31012, 31026, 31104, 31216, 31455, 31530, 31705, 32505, 32602, 32695, 32877, 32984, 33125, 33861, 33918, 33954, 34037, 34331, 34543, 34845, 34851, 35116, 35908, 36086, 36193, 36256, 36280, 36348, 36988, 37095, 37249, 37254, 37273, 37464, 37578, 38447, 38772, 38835, 38961, 39433, 39529, 39629, 39666, 39865, 40064, 40250, 40527, 40691, 40804, 41032, 41072, 41146, 41470, 41673, 41838, 42130, 42365, 42778, 43193, 43627, 43700, 43782, 43794, 43851, 43890, 43940, 44302, 44304, 44568, 44660, 44965, 45876, 45902, 45989, 46264, 46805, 46817, 47103, 47291, 47302, 47823, 48159, 49170, 49786, 49803, 50026, 50032, 50120, 50496, 50556, 50963, 50979, 51091, 52462, 52718, 52976, 53056, 54336, 54540, 54602, 54739, 55099, 55526, 55620, 56161, 56536, 56568, 56835, 57536, 57769, 57891, 58088, 58583, 58859, 59019, 59240, 59283, 59481, 59704, 59739, 59979, 60072, 60371, 60500, 60594, 60815, 61053, 61538, 61690, 61905, 62358, 62678, 63494, 63666, 63671, 64230, 64374, 64387, 65244, 65388, 65499
421, 1112, 1695, 1920, 2254, 2585, 2657, 3168, 3388, 3573, 3909, 4097, 4139, 4408, 4740, 5059, 5083, 5155, 5346, 5427, 5480, 5896, 6228, 6932, 7840, 8322, 8765, 8874, 8947, 9851, 10014, 10034, 10242, 10776, 11182, 11327, 11759, 11893, 12184, 12839, 13333, 14490, 14512, 14635, 15030, 15149, 15341, 15343, 15360, 15433, 15440, 15598, 15680, 15823, 15906, 15971, 16003, 16095, 16250, 16693, 16954, 16966, 17109, 17506, 17651, 17665, 17719, 17759, 17888, 18132, 18282, 18429, 18605, 18657, 18784, 18927, 19045, 19457, 19580, 19799, 19814, 19977, 20621, 21425, 21441, 21731, 22062, 22733, 22739, 23100, 23224, 23250, 23307, 23480, 23499, 23660, 23792, 23808, 23943, 23960, 24334, 24419, 24834, 24958, 24982, 25046, 25098, 25448, 25620, 25885, 26254, 26524, 28120, 29115, 29339, 29481, 29840, 30169, 30279, 30470, 30670, 30877, 30923, 31525, 32119, 32140, 32517, 32646, 32786, 32860, 33009, 33303, 33526, 33982, 34114, 35343, 35407, 35560, 35607, 35922, 36066, 36733, 36745, 37320, 37544, 37881, 38100, 38139, 38293, 38318, 38348, 38469, 38557, 38814, 39073, 39307, 39316, 39361, 40048, 40110, 40158, 40339, 40907, 40969, 41298, 41367, 41501, 41911, 42050, 42092, 43252, 43367, 43504, 44128, 44814, 44932, 45072, 45110, 45280, 45655, 45788, 45970, 46149, 46425, 46474, 46815, 47042, 47129, 47208, 47377, 47582, 48353, 48539, 48828, 48832, 49785, 49889, 50058, 50082, 50338, 50345, 50384, 50425, 50471, 50480, 50487, 50939, 51413, 51550, 51564, 51914, 52060, 52067, 52251, 52626, 52745, 52776, 53509, 54117, 54235, 54445, 55422, 55868, 55893, 56149, 56435, 56578, 56906, 57129, 57947, 58071, 58291, 58345, 58776, 58791, 59269, 59647, 59723, 60430, 60606, 60732, 60898, 61716, 62321, 62559, 62807, 63512, 63548, 63559, 63714, 63760, 64182, 64440, 65018, 65111, 65335
109, 279, 331, 472, 687, 784, 1730, 1738, 1741, 2395, 2771, 3257, 3382, 3881, 3960, 5277, 5583, 5627, 5758, 6145, 6224, 6271, 6324, 6384, 6500, 6974, 7021, 7602, 7779, 8303, 8577, 8610, 8783, 8817, 9170, 9295, 9533, 9547, 10311, 10374, 10504, 10527, 10559, 10722, 10741, 10942, 11084, 11171, 11179, 11247, 11633, 12090, 12206, 12258, 12290, 12338, 12449, 12532, 12931, 13388, 13540, 14196, 14286, 14337, 15265, 15347, 15901, 16133, 16177, 16370, 16591, 16961, 17246, 17358, 17832, 18054, 18168, 18270, 18366, 19326, 19581, 19800, 20273, 20303, 20381, 20438, 21638, 22034, 22343, 22621, 22724, 22727, 23027, 23778, 23859, 24046, 24183, 24285, 24348, 24441, 24591, 24805, 24810, 25079, 25174, 25353, 25562, 25605, 25651, 25774, 25855, 26215, 26625, 27441, 27690, 28212, 28298, 28436, 28966, 29036, 29433, 29471, 29673, 29942, 30390, 30609, 30985, 31058, 31268, 31388, 31404, 31714, 32312, 32616, 32965, 32975, 33411, 33444, 33563, 33702, 34537, 34612, 34874, 35121, 35397, 35517, 35867, 35904, 36162, 36585, 36776, 37076, 37509, 37818, 37919, 38814, 39715, 40169, 40190, 40332, 40390, 40503, 40820, 41117, 41221, 41325, 41595, 41707, 41808, 42022, 42704, 42739, 44451, 44494, 44506, 44707, 44711, 45257, 45497, 45934, 45964, 46055, 46156, 46603, 47074, 47805, 48061, 48659, 48678, 48944, 49277, 49410, 49438, 49500, 49891, 49920, 50578, 50693, 50731, 50952, 51336, 51445, 51627, 51699, 51815, 52010, 52253, 52610, 52620, 53015, 53489, 53515, 53533, 53637, 54045, 54295, 54350, 55251, 55260, 55839, 56120, 56806, 57085, 57183, 57201, 57253, 57305, 57584, 57734, 58017, 58659, 58748, 59071, 59680, 59692, 60050, 60399, 61098, 61635, 61708, 62006, 62053, 62148, 62322, 62391, 62488, 63084, 63139, 63360, 63417, 63422, 63701, 64499, 64749, 65104, 65310
1334, 1393, 1401, 1477, 1783, 1943, 2297, 2535, 2722, 3191, 4744, 4858, 4868, 5168, 5921, 6033, 6202, 6328, 6394, 6566, 6570, 6656, 6668, 6766, 7384, 8091, 8121, 8461, 8514, 8715, 8733, 8746, 9273, 9585, 9888, 10097, 10426, 10555, 10677, 10748, 11129, 11456, 11693, 11725, 11774, 12162, 12393, 12857, 12981, 13100, 13170, 13630, 15277, 15763, 16177, 16201, 16307, 16314, 16452, 17122, 17798, 18496, 18571, 18904, 19452, 19456, 19476, 19700, 20070, 20105, 20826, 20956, 20963, 21143, 21979, 22038, 22576, 22658, 22922, 23026, 23112, 23367, 23421, 23462, 23551, 23796, 24024, 24492, 24591, 24692, 24717, 25157, 25185, 25312, 25746, 26100, 26390, 26478, 26622, 26966, 27039, 27049, 27306, 27907, 27922, 28078, 28398, 28848, 29014, 29251, 29484, 29552, 29794, 30142, 30396, 30627, 30766, 30768, 31037, 31240, 31373, 31825, 31906, 32329, 32507, 32645, 32841, 33216, 33227, 33240, 33378, 33540, 33559, 33669, 33672, 34239, 34618, 34623, 34829, 34924, 35133, 35549, 35835, 36060, 36293, 36708, 37054, 37105, 37666, 37755, 37846, 37922, 38147, 38231, 38461, 38984, 39441, 39679, 40030, 40038, 40134, 40155, 40190, 40665, 40939, 41112, 41731, 41741, 42298, 42376, 42390, 42489, 42491, 42643, 43154, 43465, 44083, 44395, 44477, 44851, 45318, 45755, 45800, 46219, 46272, 46331, 46931, 47000, 47244, 47359, 47730, 47953, 48121, 48354, 48477, 48591, 48600, 48791, 49435, 49969, 50026, 50813, 50960, 51021, 51036, 51152, 51539, 51862, 51955, 52202, 52320, 52323, 52439, 52645, 52767, 52835, 52895, 53053, 53713, 54136, 54352, 55656, 56033, 56189, 56629, 57085, 57345, 57398, 57691, 58109, 59091, 59608, 59825, 59834, 59840, 60251, 60461, 60526, 60689, 60891, 60996, 61270, 61835, 62533, 62866, 63050, 63103, 63106, 63635, 64003, 64360, 64780, 65013, 65203, 65229, 65427
58, 470, 1151, 1648, 1654, 1840, 1938, 2003, 2063, 2380, 2459, 2623, 3021, 3341, 3849, 4047, 4328, 4339, 4471, 4545, 4765, 4817, 4937, 4991, 5059, 5238, 5823, 5826, 6147, 6476, 6807, 7200, 7239, 7294, 7296, 7436, 7970, 8144, 8603, 8760, 8766, 8881, 9215, 9797, 9892, 10018, 10096, 10184, 10283, 10801, 10840, 10863, 11469, 11671, 11908, 12402, 12855, 12877, 13202, 13316, 13328, 13618, 13736, 14132, 14666, 14901, 14985, 15611, 15800, 15900, 15939, 16851, 16927, 17297, 17613, 17624, 17917, 18338, 18824, 19533, 19549, 20116, 20614, 20828, 20863, 21095, 21235, 21565, 21794, 22419, 23214, 23553, 23575, 23754, 24039, 24635, 24678, 24767, 25125, 25129, 25558, 25788, 25941, 26296, 26358, 26838, 27134, 27515, 27770, 28017, 28074, 28336, 28801, 28927, 29088, 29583, 30341, 30362, 30614, 30668, 30724, 31339, 31560, 31626, 32578, 32948, 33887, 33984, 34486, 34776, 35077, 35425, 36062, 36227, 36233, 36243, 36408, 36793, 37047, 37078, 37326, 37459, 37976, 38939, 39058, 39307, 39772, 39903, 40517, 40761, 41044, 41345, 41431, 41536, 41831, 41883, 42589, 43194, 43537, 43693, 43969, 44026, 44190, 44226, 44419, 44496, 44639, 44644, 44802, 44854, 44870, 44885, 45175, 45233, 45640, 46119, 46542, 46719, 46799, 46838, 47281, 47965, 48518, 48558, 48635, 48678, 48871, 48983, 49060, 49193, 49369, 49886, 50020, 50149, 50442, 50540, 50840, 50960, 51332, 51367, 51687, 52370, 52613, 52625, 52907, 52952, 53632, 53689, 54267, 54326, 54416, 54765, 54938, 55503, 55521, 56147, 56307, 56972, 56985, 57001, 57298, 57310, 57521, 57704, 58054, 58090, 58147, 58549, 58864, 58888, 59114, 59276, 59310, 59961, 60156, 60750, 60977, 61063, 61543, 62408, 62526, 62705, 62790, 62923, 63327, 63433, 63561, 63614, 63834, 64649, 65039, 65243, 65276, 65307, 65311, 65443
524, 565, 840, 1283, 1317, 1378, 1512, 1537, 1953, 2125, 2856, 3462, 3700, 3942, 4041, 4094, 4297, 4426, 4502, 4590, 4642, 5275, 5413, 5473, 5729, 6490, 6624, 6650, 6753, 7034, 7337, 7774, 8246, 8306, 8332, 8841, 8865, 8921, 8938, 9613, 9787, 10023, 10132, 10333, 10399, 10420, 10599, 11393, 11469, 11542, 11631, 11680, 11741, 11978, 12182, 12190, 12318, 12657, 12873, 13237, 13368, 13651, 14040, 14095, 14405, 14717, 14921, 15694, 15804, 17456, 17533, 17569, 17985, 18171, 19088, 19303, 19817, 19929, 20286, 20471, 20944, 20951, 21148, 21324, 21463, 21473, 21627, 21764, 22426, 22696, 22886, 23081, 23762, 23800, 24087, 24502, 24548, 25143, 25207, 25449, 25952, 26003, 26215, 26770, 26887, 27053, 27392, 27692, 27942, 28000, 28195, 28240, 28288, 28640, 29071, 29125, 29169, 29486, 29768, 30440, 30546, 30600, 30934, 31026, 31221, 31428, 31517, 31566, 31642, 31737, 31955, 32951, 33340, 33547, 33653, 34402, 34409, 34604, 34803, 35590, 35657, 35996, 36035, 36378, 36534, 36543, 36647, 36729, 37085, 37157, 37522, 37543, 38099, 38250, 38577, 38669, 38773, 38973, 39015, 39541, 39563, 39713, 40075, 40116, 40187, 40350, 40767, 40770, 40837, 40966, 41078, 41730, 41829, 42313, 42607, 43156, 43486, 43636, 44031, 44500, 44525, 45319, 45496, 45574, 45624, 45844, 46042, 46192, 46242, 46427, 46526, 46871, 47057, 47083, 47187, 47396, 47419, 47561, 47597, 47612, 47991, 48183, 48355, 48532, 48776, 48945, 49692, 50478, 50718, 51021, 51112, 51243, 52035, 52758, 53786, 54017, 54355, 54623, 54692, 56653, 57079, 57313, 57568, 58824, 58880, 59295, 59741, 59858, 59936, 59994, 60031, 60176, 60362, 60486, 60667, 61133, 61527, 61594, 62077, 62128, 62163, 62915, 63277, 63671, 63771, 64053, 64141, 64200, 64253, 64303, 64390, 64788, 64970, 65111, 65311, 65525
106, 108, 249, 254, 307, 649, 745, 808, 1282, 1714, 1895, 2185, 2350, 2493, 2725, 2800, 2851, 2955, 2975, 3479, 3503, 3531, 3812, 4978, 5089, 5126, 5292, 5301, 5440, 5757, 6399, 6536, 6721, 7928, 8060, 9327, 9821, 9867, 10332, 10464, 10771, 11860, 12508, 12677, 12986, 13100, 13283, 13705, 13910, 13951, 14111, 14677, 15681, 15910, 15919, 15945, 16391, 16558, 16637, 16797, 17529, 18138, 18871, 19106, 19185, 19451, 20907, 21597, 21921, 22147, 22342, 22414, 22489, 23081, 23207, 23430, 23486, 23666, 24033, 24163, 24330, 24339, 24490, 25035, 25173, 25179, 25185, 25592, 25710, 25761, 25829, 26657, 26794, 27019, 27073, 27162, 27778, 28027, 28146, 28813, 28968, 29128, 29163, 29537, 29579, 29583, 29942, 30318, 30359, 30677, 30741, 30769, 30958, 31487, 31713, 31729, 32441, 32528, 32586, 32617, 32713, 32863, 33151, 33580, 33795, 33954, 34359, 34645, 34722, 35129, 35273, 35562, 35770, 35874, 35883, 36002, 36591, 36906, 37191, 37350, 37357, 37404, 37440, 37523, 37544, 37586, 37588, 37855, 37930, 38107, 38140, 38173, 38241, 38495, 38705, 39230, 39380, 39644, 39742, 40165, 40338, 40619, 40856, 41062, 41431, 41697, 41925, 42116, 42142, 42370, 42858, 42861, 42953, 43120, 43284, 43348, 43373, 43685, 43692, 43817, 44152, 44225, 44237, 44278, 44325, 44465, 44852, 44854, 45318, 45402, 45521, 46003, 46068, 46429, 46566, 46776, 46917, 47240, 47252, 48030, 48277, 48318, 48441, 48850, 50174, 50600, 50893, 51763, 51994, 52314, 52492, 52903, 53463, 53790, 54440, 54562, 54588, 54913, 55201, 56023, 56030, 56128, 56318, 56651, 57337, 57500, 57578, 58058, 58219, 58852, 58985, 59419, 59795, 59943, 60150, 60301, 60460, 60705, 60984, 61109, 61304, 61376, 62395, 62740, 63278, 63771, 63995, 64039, 64370, 64405, 64547, 64585, 64613, 64767, 64836, 65382
1, 146, 331, 371, 534, 539, 695, 756, 932, 1075, 1600, 1843, 1915, 1964, 2859, 2966, 2996, 3250, 3678, 3888, 4905, 4963, 4972, 5016, 5482, 5507, 5602, 5810, 5817, 5835, 6097, 6413, 6501, 6588, 7434, 7796, 8040, 8067, 8306, 8480, 8650, 8890, 8920, 9145, 9366, 9590, 9611, 9955, 10165, 10423, 11026, 11821, 12032, 12292, 12690, 12759, 12965, 13013, 13951, 14234, 14593, 14921, 15226, 15258, 15407, 15639, 15657, 15676, 15806, 16213, 16269, 16301, 16621, 17098, 17201, 17388, 17485, 17528, 17536, 17750, 18059, 18087, 18093, 18280, 18292, 18763, 19189, 19392, 19514, 19940, 20080, 20326, 20655, 20735, 20800, 20827, 21147, 21213, 21486, 21821, 22281, 23347, 23370, 23511, 23827, 23987, 24791, 25031, 26271, 26334, 27184, 27283, 27303, 27388, 27496, 27780, 28287, 28295, 28357, 29292, 29706, 29753, 29863, 30400, 30406, 30661, 31008, 31242, 31441, 31734, 32117, 32170, 32226, 32840, 32873, 33115, 34142, 34392, 34746, 34829, 34859, 34955, 35016, 36534, 36703, 36746, 38408, 38488, 38516, 38596, 38734, 38842, 38859, 39051, 39128, 40145, 40157, 40285, 40504, 40683, 40914, 41151, 41234, 41459, 41559, 41876, 41904, 42175, 42182, 42308, 43090, 43763, 43856, 43936, 44086, 44644, 44868, 44967, 45014, 45038, 45288, 45347, 45601, 45762, 45801, 46395, 46717, 46945, 47247, 47533, 47746, 48277, 48354, 49075, 49163, 49198, 49632, 49687, 49695, 49828, 50925, 51655, 51687, 51706, 52564, 52633, 53211, 53442, 53450, 53539, 53613, 53750, 53966, 54081, 54181, 54255, 54308, 54547, 54570, 55038, 55631, 56000, 56189, 56581, 57466, 57492, 57567, 57601, 57951, 58120, 58145, 58261, 58844, 59031, 59424, 60107, 60224, 60264, 61223, 61428, 61449, 61624, 61827, 61977, 62126, 62244, 62555, 62990, 63063, 63444, 63564, 63932, 64763, 65302, 65342, 65486
277, 347, 766, 1132, 1135, 1165, 1167, 1626, 1768, 1989, 2280, 2556, 2990, 3167, 3517, 4079, 4233, 4333, 4413, 4558, 4568, 4682, 4800, 4863, 4905, 4911, 5255, 5322, 5377, 5540, 6512, 6706, 6892, 7155, 7272, 7315, 7447, 7753, 8211, 8811, 8921, 9012, 9121, 9362, 9739, 10541, 10566, 10690, 10717, 11083, 11107, 11652, 12099, 12353, 12890, 12927, 13077, 13360, 13371, 13868, 14033, 14395, 14628, 14980, 14981, 15469, 15555, 15676, 15841, 15871, 17095, 17251, 17513, 17607, 18284, 18377, 18401, 18429, 18448, 18683, 18738, 18886, 18964, 19797, 19896, 20441, 20559, 21620, 22018, 22584, 23086, 23294, 23373, 23576, 23625, 23637, 23717, 23905, 24072, 24276, 24316, 25263, 25410, 25449, 25554, 25741, 25865, 26140, 26273, 26313, 26496, 27241, 27290, 28601, 28787, 28871, 29042, 29200, 29841, 30068, 30282, 30425, 30498, 30628, 30943, 31207, 31325, 31485, 31541, 31596, 31688, 31707, 31885, 31914, 32234, 32751, 32802, 33126, 34130, 34274, 34392, 34424, 35066, 35118, 35157, 35271, 35342, 35451, 35471, 36009, 36257, 36322, 36329, 36364, 36727, 37405, 37420, 37526, 38662, 38843, 39291, 40217, 41107, 41146, 41350, 41921, 42096, 42899, 43221, 43738, 43964, 44079, 44087, 44150, 44309, 44388, 44487, 44504, 44808, 45547, 45787, 46115, 46135, 46188, 46473, 46539, 46680, 46698, 46724, 47764, 47983, 47992, 48239, 48478, 48515, 48778, 49801, 50332, 50447, 51428, 51835, 52137, 52351, 52929, 52967, 53428, 53575, 53743, 53922, 54084, 54132, 54142, 54146, 54669, 54756, 55090, 55318, 55490, 55654, 55722, 56231, 56276, 56456, 56540, 56786, 56803, 57027, 57081, 57419, 57540, 57680, 57746, 57931, 57965, 58163, 58598, 59666, 59759, 59801, 59838, 59883, 60066, 60156, 60671, 61005, 61070, 61138, 61371, 62019, 62752, 63784, 64399, 64453, 64862, 65008, 65432
417, 465, 1341, 1359, 1557, 1627, 1789, 1837, 1987, 2037, 2091, 2741, 3123, 3224, 3582, 3960, 4144, 4282, 4316, 4321, 4444, 4488, 4569, 4612, 4882, 5390, 5408, 5554, 5555, 5705, 5849, 5889, 6149, 6581, 6665, 6699, 6805, 6877, 7036, 7087, 7462, 7764, 8031, 8124, 8237, 8309, 8547, 8557, 9172, 9384, 9464, 9526, 9617, 9662, 10312, 10637, 10922, 10954, 10999, 11574, 11627, 11728, 12199, 12229, 12773, 13061, 13159, 13290, 13631, 13692, 13792, 14434, 14591, 14819, 15057, 15186, 15330, 15475, 15705, 15965, 16196, 16217, 16295, 16614, 16899, 16945, 16968, 17325, 17925, 18227, 18766, 18852, 19147, 20035, 20802, 20839, 21036, 21221, 22389, 22409, 22862, 22942, 23040, 23351, 23369, 23436, 23624, 24060, 24464, 24496, 24781, 24815, 25139, 25366, 25578, 26020, 26620, 26759, 27183, 27936, 28327, 28431, 28624, 28692, 28824, 29296, 29438, 29931, 29956, 30306, 30627, 30789, 31166, 31941, 32683, 32792, 32883, 33133, 33523, 33634, 33730, 33925, 33983, 35548, 35718, 36205, 36460, 36803, 36871, 37048, 37139, 37322, 37469, 37576, 37704, 37840, 38014, 38130, 38394, 38595, 38947, 39173, 39352, 39985, 40736, 40835, 41613, 41765, 42662, 42741, 42771, 42779, 43012, 43046, 43778, 44007, 44149, 44365, 44714, 44732, 44757, 45194, 45338, 45360, 46899, 46943, 47252, 47511, 47515, 47613, 47796, 48288, 48619, 49480, 49532, 49784, 50169, 50866, 51485, 51760, 51812, 51943, 52570, 52715, 52837, 52998, 53057, 53113, 53178, 53664, 53668, 53679, 54001, 54236, 54602, 54973, 55362, 55406, 55834, 55858, 56109, 56195, 56410, 57323, 57385, 58019, 58043, 58098, 58176, 58290, 59364, 59457, 59475, 59521, 59710, 60327, 60588, 61213, 61229, 61233, 61289, 61887, 62332, 62589, 62807, 62838, 63006, 63066, 63380, 63750, 63939, 63952, 63959, 64664, 64696, 65278
113, 290, 576, 909, 994, 1023, 1404, 1984, 1992, 2425, 2528, 2601, 2713, 2874, 3061, 3170, 4334, 4568, 5182, 5604, 5681, 5918, 5951, 5979, 6100, 6160, 6246, 6303, 6335, 6483, 7160, 7300, 7909, 8566, 9000, 9050, 9171, 9329, 9756, 10342, 10473, 10502, 10791, 11098, 12303, 12440, 12501, 12502, 12690, 12996, 13001, 13378, 13808, 14049, 14100, 14167, 15086, 15298, 15775, 16221, 16420, 16432, 16630, 16661, 16705, 16728, 17053, 17115, 17605, 17875, 18231, 18272, 19056, 19177, 19231, 19570, 19960, 19992, 20256, 20525, 21216, 21538, 21601, 21656, 21716, 21764, 22052, 22080, 22132, 22177, 22268, 22402, 22903, 23213, 23547, 23613, 24081, 24315, 24539, 24788, 24846, 25208, 25717, 25941, 25984, 26301, 26532, 27408, 28001, 28350, 28359, 28559, 28698, 28845, 29210, 29214, 29317, 29379, 29551, 29688, 29946, 29998, 30364, 30656, 31173, 31217, 31329, 31587, 33082, 33120, 33420, 34201, 34541, 34543, 34675, 34940, 34996, 35215, 35259, 35632, 36008, 36311, 36395, 36940, 36961, 37362, 37379, 37493, 37563, 38255, 39178, 39613, 39700, 39738, 39739, 39755, 39818, 40003, 40449, 41112, 41327, 41458, 41743, 42249, 42486, 42782, 42955, 43330, 43542, 43637, 43986, 44181, 44458, 44692, 44991, 45001, 45069, 45593, 46214, 46381, 46413, 46573, 46877, 46952, 47211, 48427, 48594, 49092, 50036, 50082, 50481, 50661, 50925, 50982, 51296, 51337, 51352, 51531, 51664, 51836, 51885, 52046, 52307, 52436, 52713, 52874, 53127, 53234, 54191, 54214, 54543, 54759, 54811, 54892, 54934, 55552, 55689, 55886, 56253, 56263, 56384, 56423, 56431, 56654, 56902, 57573, 57789, 57812, 58971, 59101, 59157, 59185, 59206, 59349, 59438, 60196, 60515, 60893, 61029, 61123, 61179, 61359, 62026, 62247, 62593, 63185, 63211, 63567, 63818, 64147, 64658, 64844, 64863, 65023, 65211, 65248
69, 174, 188, 544, 630, 785, 865, 1023, 1094, 1777, 1904, 2238, 2898, 3187, 3482, 3937, 3979, 4003, 4033, 4271, 4283, 4497, 4749, 4912, 4913, 5140, 5231, 5338, 5804, 5902, 5968, 6005, 6455, 6915, 7094, 7439, 7477, 7792, 7797, 7939, 8051, 8322, 8341, 8629, 8708, 8793, 8870, 9527, 9649, 10387, 10479, 10634, 11118, 11534, 11914, 12308, 12348, 12571, 13093, 13438, 13454, 13537, 13601, 13634, 14401, 14462, 14741, 15548, 15687, 15826, 16245, 16972, 17067, 17664, 17895, 17943, 17973, 18684, 19546, 20064, 20683, 21691, 21960, 22251, 22318, 22491, 22736, 23078, 23243, 23788, 23831, 24358, 24407, 24438, 24699, 25179, 25244, 25513, 26290, 26337, 26609, 27010, 27396, 27620, 28452, 28524, 28549, 28598, 28965, 29013, 29184, 29259, 29330, 29514, 29710, 30086, 30751, 31188, 31205, 31452, 31574, 31679, 31923, 32018, 32219, 32359, 32394, 32535, 32617, 32799, 33220, 33333, 33432, 33515, 33890, 33953, 34000, 34415, 34424, 34723, 35351, 35415, 35791, 36333, 36489, 36563, 36919, 37215, 37236, 37471, 37593, 37697, 38054, 38281, 38529, 38684, 39224, 39248, 39259, 39608, 39966, 40922, 41062, 41585, 41794, 42009, 42154, 42761, 43170, 43444, 43876, 44044, 44348, 44673, 44788, 44918, 44996, 45224, 45228, 45253, 45500, 45515, 45829, 46377, 46852, 47150, 47427, 48452, 48547, 49113, 49330, 50435, 50859, 51006, 51731, 51818, 52136, 52219, 52411, 52722, 53191, 53316, 53569, 53715, 53835, 53855, 54237, 54706, 54775, 54820, 54824, 54910, 54991, 55253, 55530, 56098, 56133, 56155, 56587, 56716, 57022, 57280, 57329, 57404, 57462, 57529, 57614, 57731, 58516, 58742, 59173, 59656, 59738, 59867, 60208, 60466, 60818, 61128, 61146, 61147, 61275, 61491, 61715, 61837, 61853, 62422, 62735, 63165, 63764, 63847, 63895, 64390, 64429, 64561, 64835, 65450
204, 386, 1107, 1618, 1801, 1997, 2021, 2232, 2402, 2687, 3047, 3503, 3652, 3749, 4031, 4291, 4319, 4717, 5192, 5248, 5950, 6110, 6781, 6903, 6945, 7079, 7192, 7734, 8090, 8170, 8509, 8679, 9003, 9289, 9663, 10180, 10221, 10453, 10617, 11305, 11435, 11471, 11622, 11634, 12558, 12862, 13012, 13217, 13409, 13489, 14407, 14594, 14811, 14858, 15202, 15713, 15985, 16123, 16188, 16333, 16560, 16670, 16771, 16929, 16979, 17193, 17344, 17669, 17707, 18444, 18775, 18783, 19218, 19627, 19806, 19936, 20121, 20276, 20398, 20408, 20521, 21289, 21472, 22281, 22405, 23088, 23107, 23346, 23366, 23387, 24069, 24339, 24893, 25092, 25261, 25405, 25807, 25828, 25829, 26009, 26145, 26184, 26209, 26255, 26785, 26971, 27669, 27738, 27743, 27752, 27770, 27850, 27856, 28104, 28494, 29639, 30041, 30242, 30268, 30501, 30617, 30972, 31550, 31644, 32573, 33193, 33650, 33755, 34075, 34140, 34239, 34691, 34715, 34999, 35332, 35355, 35376, 35529, 36066, 36131, 36458, 36526, 37326, 37560, 38032, 38580, 39062, 39131, 39210, 39616, 40258, 40288, 40653, 40854, 40946, 41161, 41264, 41267, 41402, 41506, 41809, 41863, 41882, 41994, 42037, 42084, 42281, 42317, 42472, 43188, 43536, 44391, 44450, 44809, 45701, 45763, 46365, 46487, 46590, 46830, 47423, 47605, 47711, 47887, 48190, 48632, 48674, 49706, 49872, 50317, 50378, 50530, 50866, 50913, 50952, 51037, 51071, 51327, 51467, 51632, 51649, 52074, 52240, 52383, 52873, 52881, 52914, 53108, 53605, 53823, 53927, 54213, 54249, 54394, 54501, 55290, 55357, 56028, 56402, 56545, 56720, 56770, 56934, 57148, 57209, 57324, 57565, 57727, 57774, 58046, 58627, 58948, 59126, 59254, 59313, 59816, 59834, 59882, 59985, 60080, 60161, 60163, 60762, 60865, 62229, 62279, 62326, 63098, 63227, 63737, 63859, 64042, 64795, 65063, 65159, 65333
84, 264, 351, 480, 687, 1765, 1975, 2108, 2409, 2577, 2643, 2783, 2813, 3047, 3087, 3107, 3398, 3455, 3598, 3749, 3828, 4282, 4776, 5057, 5274, 5475, 5868, 5937, 6087, 6107, 6665, 6698, 7344, 7744, 7794, 7928, 8209, 8684, 8765, 8932, 9344, 9735, 9821, 10083, 10269, 10347, 10722, 11637, 11799, 12052, 12129, 12606, 12610, 12681, 12993, 13011, 13180, 13345, 13388, 13661, 13700, 13823, 14258, 15100, 15373, 15447, 15672, 15693, 16324, 16767, 17154, 17381, 17400, 17411, 18885, 19812, 20288, 20431, 20986, 21121, 21540, 22342, 22399, 22412, 22540, 22717, 22769, 22932, 22986, 23702, 23785, 24254, 24890, 25067, 25453, 25618, 26206, 26252, 26520, 26571, 26979, 27673, 28005, 28158, 28235, 28298, 28732, 28840, 29016, 29023, 29113, 29150, 29439, 29577, 29698, 29935, 29971, 29990, 30467, 31321, 31706, 31776, 31985, 31992, 32275, 32370, 33764, 33875, 34077, 34233, 34569, 34821, 35194, 35485, 35816, 35845, 35900, 35991, 36351, 36432, 36500, 36527, 36580, 36815, 37337, 38027, 38080, 38320, 38401, 38887, 39498, 39565, 39594, 39624, 39835, 40094, 40122, 40849, 40976, 41159, 41334, 41509, 41610, 41784, 41990, 41992, 42129, 42155, 42458, 42698, 42838, 43001, 43071, 43110, 43376, 43861, 43868, 44368, 44738, 44837, 45366, 45573, 45851, 46086, 46779, 47013, 47126, 47159, 47580, 47583, 47673, 47776, 47960, 48010, 48836, 49070, 49129, 49914, 50014, 50021, 50428, 51207, 51308, 51387, 51675, 51826, 51918, 52338, 52415, 53003, 53170, 53676, 53980, 54939, 55124, 55428, 55642, 56269, 56610, 56722, 57123, 57224, 57230, 57482, 57502, 57511, 57629, 57909, 58067, 58359, 58700, 58770, 58983, 59451, 59513, 60520, 60580, 61121, 61225, 61486, 61723, 61800, 62094, 62100, 62200, 63017, 63463, 63735, 64018, 64092, 64421, 64950, 64965, 65204, 65378, 65519
130, 139, 256, 1303, 1795, 1801, 1834, 1857, 1872, 2100, 2109, 2453, 2551, 2775, 3668, 4976, 5137, 5149, 5253, 5470, 6144, 6208, 6280, 6445, 6731, 6733, 6962, 7065, 7571, 7652, 7686, 7710, 8175, 8177, 8613, 8948, 9529, 9782, 9887, 9895, 9904, 10533, 10618, 10778, 10800, 11016, 11045, 11355, 11898, 11910, 12387, 12797, 13590, 13735, 14264, 14508, 14525, 14609, 14732, 14979, 15019, 15449, 16834, 16987, 18026, 18356, 18628, 18723, 18938, 19283, 19838, 19843, 19980, 20385, 20590, 21191, 21881, 22044, 22129, 22446, 22497, 22506, 22968, 23670, 23677, 23715, 23785, 23925, 24354, 24749, 25091, 25263, 25781, 25898, 25920, 26168, 26347, 26480, 26746, 26958, 27352, 27531, 27565, 27666, 28043, 28229, 28292, 28646, 29158, 29167, 29173, 29436, 29498, 29576, 29666, 29677, 29929, 30248, 30295, 30526, 30672, 30735, 30858, 31274, 32017, 32240, 32303, 32566, 32639, 32803, 32927, 33036, 33085, 33087, 33278, 33332, 33339, 33390, 33873, 34266, 34457, 34664, 34897, 35269, 35534, 35563, 36070, 36739, 36840, 37026, 37606, 37623, 37647, 37740, 38415, 38968, 39164, 39237, 39300, 39325, 39346, 39581, 39707, 40048, 40438, 40617, 40836, 40976, 41063, 41686, 42026, 42133, 42242, 42440, 42979, 43396, 43764, 44023, 44774, 44871, 44968, 45036, 45509, 45536, 46000, 46101, 46177, 46194, 47438, 47748, 47849, 48079, 48356, 48441, 48504, 48892, 49032, 49789, 50145, 50438, 50541, 51297, 51990, 52044, 52254, 52305, 52323, 52550, 53069, 53110, 53243, 53350, 53489, 53790, 54037, 54446, 54495, 54664, 55231, 55334, 55693, 55881, 56024, 56206, 56407, 57857, 58078, 58535, 58684, 58716, 58800, 58847, 59124, 59171, 59873, 59930, 60287, 60439, 60559, 60651, 60739, 61015, 61214, 61236, 61484, 61527, 61732, 61999, 62024, 62152, 63449, 63794, 63822, 63895, 64240, 64254
82, 412, 1223, 1683, 1767, 1796, 1951, 2054, 2213, 2299, 2454, 2656, 2889, 3110, 3876, 3993, 4013, 4359, 4490, 4501, 5107, 5123, 5804, 6301, 6554, 6717, 6806, 7133, 7191, 7529, 7716, 7898, 7923, 7925, 8005, 8297, 8412, 8639, 9187, 9253, 9268, 9340, 9384, 9399, 10453, 10680, 11002, 11462, 12865, 13122, 13244, 13456, 13696, 14328, 14592, 14808, 15172, 15327, 15583, 15857, 15915, 16067, 16223, 16395, 16670, 16957, 17024, 17634, 17726, 17732, 17935, 18029, 18133, 18303, 18327, 18579, 18948, 19119, 19638, 19755, 19785, 20025, 20141, 20283, 20514, 20563, 21106, 21318, 21736, 22126, 22315, 22444, 22627, 22930, 22960, 23563, 24211, 24269, 24483, 24665, 24775, 24811, 25318, 25386, 25542, 25675, 25915, 26007, 26060, 26300, 26817, 26954, 27191, 27555, 27659, 27762, 27791, 27812, 28068, 28073, 28159, 28608, 28945, 28997, 29029, 29798, 30763, 30778, 31256, 31265, 31383, 32137, 32246, 32306, 32339, 32662, 32923, 33447, 33461, 34155, 34205, 34324, 34513, 34866, 35355, 35491, 35760, 36088, 36151, 36255, 36376, 38086, 38904, 39401, 39539, 40048, 40399, 41039, 41187, 41841, 41970, 42344, 42411, 42673, 42879, 43335, 43409, 43508, 43884, 43988, 44113, 44353, 44454, 44569, 44857, 45005, 45046, 45250, 45785, 46157, 46277, 46391, 46627, 46655, 46690, 46933, 47363, 47506, 47560, 47804, 48057, 48163, 48214, 48338, 48569, 48812, 49930, 50024, 50112, 50827, 50854, 50985, 51001, 51019, 51087, 51710, 51933, 52123, 52988, 53393, 53543, 53614, 53655, 53711, 53757, 54100, 54219, 54493, 54870, 55142, 55512, 55554, 55671, 55811, 55917, 56146, 56288, 56501, 56700, 56725, 57058, 57156, 57174, 57333, 57579, 57864, 58287, 58358, 59546, 59692, 59704, 59868, 60302, 60309, 60453, 60630, 60880, 62077, 62331, 62341, 62813, 62911, 64241, 64602, 64887, 65366
245, 302, 877, 1195, 1380, 1458, 1814, 1875, 2003, 2120, 2461, 2544, 2770, 2825, 3039, 3384, 3473, 3504, 4000, 4036, 4435, 4790, 4824, 5318, 5558, 5640, 5903, 5954, 6003, 6245, 6303, 6315, 6855, 6975, 6992, 7215, 7460, 7744, 7989, 8272, 8404, 8418, 8827, 9456, 9749, 9931, 10319, 10511, 11244, 11745, 12264, 12441, 12468, 12609, 12762, 13131, 13154, 13310, 13391, 13511, 13704, 14499, 14660, 14866, 15429, 15876, 16342, 16393, 16460, 16734, 16990, 17173, 17775, 18385, 18728, 19915, 20632, 20982, 21221, 21747, 21855, 21979, 22468, 22671, 22932, 22994, 23007, 23225, 23577, 23637, 23667, 23715, 23795, 24258, 24873, 24911, 25163, 25740, 25785, 26509, 26624, 26772, 27064, 27726, 28737, 29011, 29303, 29331, 29580, 30067, 30102, 30116, 30295, 30705, 30926, 31275, 31276, 31463, 31493, 31582, 31761, 31806, 31850, 31954, 31967, 32031, 32064, 32497, 32667, 33150, 33221, 33392, 33419, 33710, 34644, 34863, 34871, 34920, 35233, 35676, 35750, 36088, 36289, 36478, 36504, 36521, 37018, 37626, 37739, 38118, 38706, 39304, 39314, 39681, 39739, 39773, 39983, 40429, 40754, 40819, 41027, 41632, 41964, 42358, 42367, 42659, 43613, 43909, 44266, 44271, 44617, 44722, 44836, 45374, 45376, 45511, 45569, 46170, 46177, 46812, 46830, 47205, 48082, 48478, 48628, 48838, 49073, 49359, 49511, 49778, 49844, 49872, 49961, 50004, 50191, 50400, 50644, 50717, 50841, 51541, 51668, 52030, 52071, 52375, 52644, 52875, 53259, 53396, 53442, 53539, 53877, 54061, 54203, 54432, 54648, 55284, 55383, 56222, 56415, 56611, 56781, 57386, 57824, 58029, 58092, 58353, 58964, 59095, 59152, 59476, 59588, 59606, 59611, 59683, 59925, 60118, 60243, 60539, 60904, 60957, 61025, 61128, 61599, 62019, 62198, 62891, 63392, 63403, 63698, 63901, 64343, 64375, 64486, 64805, 64854, 65233
662, 774, 869, 1460, 1509, 2565, 2603, 2605, 3335, 3602, 3638, 3868, 3945, 4224, 4690, 5025, 5069, 5190, 5198, 5265, 5316, 5565, 5663, 5747, 6288, 6767, 7154, 7185, 7279, 7450, 7542, 7808, 7870, 8535, 8690, 8735, 8846, 9006, 9208, 9225, 10099, 10123, 10151, 11013, 11411, 11659, 12433, 12728, 13702, 14096, 14199, 14267, 14388, 14415, 14603, 14898, 15178, 15424, 15469, 15510, 15623, 15691, 15701, 15896, 15918, 16308, 16472, 16615, 17979, 18355, 18687, 18953, 19116, 19138, 19507, 20168, 20231, 20891, 21207, 21462, 21507, 21725, 21997, 22348, 23402, 23422, 23714, 24037, 24312, 24389, 24460, 24664, 24802, 24975, 25155, 25514, 25909, 26255, 26473, 26747, 26957, 27251, 27544, 28115, 28242, 28915, 29057, 29193, 29212, 29425, 29479, 29852, 30203, 30349, 30366, 30923, 31038, 31531, 31732, 32113, 32522, 32808, 32850, 33210, 33295, 33549, 33597, 33750, 33819, 33904, 33924, 34449, 34576, 34808, 34825, 35101, 35366, 35999, 36216, 36220, 36225, 36406, 36411, 36752, 36915, 36936, 37573, 37616, 38008, 38524, 38991, 39129, 39384, 39460, 39491, 39513, 40039, 40657, 40683, 40695, 41201, 41710, 42188, 42221, 42230, 42359, 42656, 42808, 43214, 43267, 43270, 43489, 43778, 44635, 44801, 45158, 45217, 45434, 45572, 46756, 46960, 47299, 47563, 47812, 47977, 47980, 47987, 48492, 48493, 48812, 49014, 49222, 49327, 49346, 49399, 49462, 49494, 49498, 49592, 49904, 49970, 49983, 50027, 50195, 50488, 50839, 51058, 51512, 51727, 51850, 52193, 52395, 52551, 52764, 52812, 53073, 53147, 53427, 53495, 53694, 53908, 54232, 54591, 56247, 56368, 56458, 56509, 56921, 56955, 57334, 57782, 58015, 58220, 58293, 58315, 58607, 58854, 58905, 59759, 60036, 60617, 60944, 61004, 61211, 61581, 61587, 62161, 62549, 62914, 63032, 63120, 63231, 64082, 65047, 65298, 65533
456, 742, 843, 1089, 1359, 1400, 1609, 1766, 1785, 2087, 3257, 3956, 4256, 4604, 4751, 4766, 5064, 5371, 5520, 5585, 5676, 6077, 6280, 6296, 6773, 7148, 7277, 8008, 8250, 8459, 8568, 8579, 8585, 9073, 9554, 9588, 9706, 9777, 10103, 10104, 10631, 10661, 11063, 11084, 11165, 11352, 11553, 11620, 12433, 12813, 13355, 13425, 13438, 13823, 14155, 14227, 14500, 14545, 14546, 14557, 14608, 14610, 15028, 15087, 15474, 16117, 16163, 16206, 16219, 16225, 16344, 16704, 16896, 17301, 17325, 17365, 17453, 18698, 19166, 19537, 19568, 19594, 19599, 20008, 20085, 20131, 20191, 20325, 20332, 20741, 20864, 21091, 21203, 21663, 21744, 21840, 21913, 21997, 22265, 22338, 22593, 22613, 22812, 23389, 23435, 23952, 24061, 24341, 24391, 25861, 26316, 26449, 26584, 27314, 27465, 27582, 27891, 28899, 29238, 29595, 29918, 30028, 30031, 30070, 30226, 30309, 30778, 32129, 32158, 32375, 32439, 32481, 32674, 32708, 32990, 33039, 34161, 34194, 34547, 34597, 35113, 35183, 35890, 36131, 36187, 37250, 37456, 37549, 37694, 38054, 38141, 38833, 39288, 39794, 40034, 40174, 40218, 40288, 40400, 41556, 41558, 42143, 42418, 42766, 42958, 43189, 44108, 44109, 44182, 44347, 44477, 44730, 44741, 44750, 45288, 45405, 45454, 46052, 46341, 46636, 46759, 46773, 46808, 46926, 46996, 47715, 47981, 48105, 48392, 48654, 48666, 48919, 49349, 50192, 50322, 50925, 51030, 51330, 51569, 51731, 53109, 53222, 53305, 53641, 53758, 54446, 55041, 55187, 55537, 55693, 55768, 56186, 56272, 56431, 56658, 57015, 57016, 57198, 57371, 57418, 57475, 58073, 58480, 59114, 59207, 59773, 60079, 60132, 60137, 60176, 60218, 60271, 60471, 60608, 60657, 61058, 61114, 61179, 61287, 61479, 62130, 62401, 62403, 62477, 62481, 62629, 62710, 63479, 63673, 63804, 63826, 64088, 64334, 64442, 64735, 64985
198, 629, 1166, 1435, 1815, 1932, 2545, 2701, 3379, 3506, 3654, 4926, 5039, 5577, 5789, 5811, 6070, 6938, 6995, 7422, 8055, 8464, 8710, 9361, 9609, 10032, 10100, 10152, 10915, 10961, 11019, 11152, 11303, 11462, 11491, 11778, 11934, 12443, 12760, 12936, 12964, 13128, 13629, 13682, 13685, 13786, 14007, 14482, 14500, 14540, 15142, 15260, 15374, 15897, 15924, 15985, 16286, 16337, 16488, 16613, 16726, 16804, 17021, 17145, 17251, 17781, 18138, 18560, 19090, 19123, 19659, 20116, 20344, 20582, 20622, 20801, 20814, 21095, 21170, 21616, 22830, 22856, 23158, 23424, 23452, 23618, 23658, 23793, 23812, 23912, 24000, 24111, 24141, 24247, 24677, 25445, 26544, 26763, 27529, 27544, 27979, 28090, 28147, 28170, 28370, 28888, 29272, 29690, 30779, 31309, 31381, 31729, 31816, 31958, 32138, 32218, 32857, 33123, 33236, 33269, 33542, 33977, 34724, 34900, 35001, 35012, 35503, 35702, 35714, 35743, 35881, 36131, 36259, 36261, 36297, 36573, 36668, 37144, 37309, 37459, 37584, 38631, 38784, 38823, 38851, 38974, 39048, 39093, 39236, 39240, 40142, 40179, 40302, 40522, 40861, 40998, 41239, 41326, 41618, 41918, 42095, 42316, 42618, 42793, 43074, 43447, 43545, 43664, 43789, 43953, 44050, 44181, 44307, 44603, 44672, 44874, 45041, 45764, 46315, 46627, 46659, 46854, 47018, 47624, 47778, 48047, 48063, 48116, 48160, 48388, 48458, 48603, 48632, 48769, 49652, 49971, 50028, 50247, 50263, 50556, 50932, 51294, 51544, 51618, 51656, 52314, 52338, 52849, 53355, 53383, 53571, 53677, 53725, 53775, 53818, 54300, 54341, 54750, 54976, 55573, 56511, 56751, 56827, 56926, 57063, 57107, 57755, 58048, 58415, 58458, 58763, 59101, 59115, 59271, 59529, 59680, 59681, 59902, 60019, 60057, 60124, 60457, 60797, 61302, 62182, 62826, 62965, 63176, 63426, 63869, 64102, 64386, 64683, 64992, 65111, 65328
734, 911, 997, 1675, 2234, 2396, 2426, 2788, 3054, 3822, 3941, 4057, 4224, 4603, 4660, 4704, 4712, 4857, 4976, 4982, 5080, 5864, 6299, 6606, 6884, 7047, 7326, 7639, 7730, 8662, 8729, 8829, 9098, 9371, 9471, 9546, 9824, 10547, 10624, 10642, 10763, 10775, 10984, 11132, 11304, 11431, 11650, 11672, 11957, 12160, 12947, 12979, 13133, 13170, 13302, 13679, 14029, 14271, 14398, 14655, 14660, 15169, 15528, 15900, 16284, 16441, 17153, 17191, 17391, 17786, 17797, 18092, 18210, 19104, 19601, 19640, 19843, 20152, 20306, 20496, 20746, 20885, 21619, 21789, 21872, 21920, 21972, 22333, 22753, 23930, 23954, 24346, 24497, 24590, 24665, 24851, 24862, 25437, 25600, 25771, 26435, 26778, 27057, 27060, 27181, 27328, 27374, 27480, 27495, 27639, 27853, 28025, 28095, 28210, 28379, 28513, 28649, 28692, 28988, 29055, 29215, 29562, 29638, 30632, 30741, 30969, 31088, 31280, 31326, 32109, 32357, 32428, 32764, 32927, 32930, 32934, 33080, 33407, 34018, 34812, 34896, 35053, 35219, 35349, 35352, 35789, 35861, 35892, 35948, 36079, 36818, 36884, 37162, 38386, 38434, 38850, 39061, 39156, 39672, 39702, 39781, 40124, 40202, 40543, 40630, 41394, 41440, 41642, 41698, 42022, 42043, 42115, 42538, 42596, 42982, 43210, 43657, 43707, 43975, 44167, 44405, 44557, 44803, 45511, 45520, 45677, 45980, 46288, 47017, 47294, 47391, 47584, 47657, 48367, 48531, 49125, 49369, 49804, 50366, 51305, 51335, 51702, 51795, 51935, 51944, 51956, 52190, 52941, 54675, 54836, 55296, 55563, 55706, 57130, 57478, 57507, 57679, 58055, 58132, 58198, 58377, 58548, 58643, 58719, 58739, 58883, 58966, 59159, 59555, 59772, 59870, 60524, 61473, 61528, 61646, 61665, 61711, 61847, 61948, 62297, 62460, 62534, 62547, 62671, 62681, 62777, 62806, 63493, 63962, 64118, 64268, 64306, 64327, 64359, 64575, 65426
805, 1033, 1266, 1437, 1881, 1895, 2157, 2818, 2968, 3472, 3597, 3684, 3761, 3888, 3930, 3997, 4248, 4385, 5384, 5477, 5681, 5684, 6060, 6581, 6907, 6999, 7057, 7139, 7171, 7355, 7915, 8089, 8134, 8177, 8263, 8339, 8577, 9335, 9997, 10383, 10407, 10411, 10551, 10844, 11146, 11405, 12018, 12253, 12369, 12626, 13005, 13798, 14010, 14012, 14254, 14639, 14708, 15704, 15773, 15814, 15898, 16192, 16495, 16596, 16679, 16760, 17102, 17375, 17430, 17455, 17926, 17976, 18649, 18654, 18817, 19182, 19471, 19719, 19964, 20199, 20247, 20306, 20376, 20572, 20943, 21021, 21043, 21092, 21440, 21468, 21649, 22325, 22620, 23115, 23337, 23463, 23498, 23853, 23981, 24110, 24157, 24351, 24477, 24833, 25104, 25133, 25152, 26492, 26502, 26849, 27069, 27119, 27221, 27775, 27904, 28343, 28345, 28442, 28468, 28576, 28590, 28626, 28926, 29311, 29954, 31584, 32531, 33118, 33399, 33699, 33833, 33972, 33999, 34314, 34433, 34815, 34965, 35363, 35885, 35994, 36178, 37257, 37294, 37793, 37834, 37951, 38171, 38371, 39055, 39213, 39227, 39229, 39407, 39603, 39766, 39803, 39810, 40157, 40393, 40453, 40730, 41001, 41537, 41552, 42183, 42184, 42256, 42619, 43030, 43217, 43745, 43784, 45022, 45223, 45264, 45598, 45794, 45845, 46086, 46509, 46860, 47392, 48127, 48546, 49330, 49373, 49418, 49934, 50278, 50293, 50301, 50423, 50792, 50995, 51013, 51087, 51324, 51886, 52068, 52210, 53016, 53465, 53733, 53923, 54032, 54125, 54361, 54406, 54598, 54659, 55169, 55399, 55860, 56142, 56380, 57157, 57785, 57943, 58075, 58131, 58171, 58304, 58619, 58874, 58920, 59450, 59813, 59999, 60055, 60058, 60145, 60202, 60210, 60298, 60694, 61073, 61292, 61464, 61745, 62054, 62379, 62736, 62836, 62965, 63054, 63284, 63305, 63646, 63782, 63903, 63911, 64139, 64228, 64614, 64734, 64972
376, 636, 747, 886, 1382, 1632, 1869, 2220, 2660, 2674, 3367, 3435, 3454, 3854, 4022, 4575, 4753, 4784, 4892, 5000, 5484, 5676, 5697, 5895, 6590, 6919, 7349, 7358, 7555, 7673, 7742, 7964, 8050, 8095, 8116, 8337, 8728, 8927, 9144, 9376, 9540, 9549, 9753, 9849, 9940, 9964, 10629, 10878, 11138, 11528, 12265, 12324, 12518, 12951, 13183, 13284, 13561, 13948, 14440, 14511, 14555, 15121, 15528, 15810, 16165, 16434, 16580, 16793, 16997, 17392, 17988, 18141, 18360, 19102, 19258, 19824, 19850, 20235, 20713, 21154, 21815, 22008, 22050, 22240, 23581, 24023, 24508, 24531, 24787, 24992, 25836, 26088, 26300, 26469, 26474, 26694, 27106, 27116, 27391, 27434, 27591, 27643, 27837, 29322, 29507, 29563, 29719, 30123, 30270, 30276, 30689, 30932, 31001, 31291, 31296, 31419, 31603, 31986, 32127, 32437, 32709, 33005, 33771, 33803, 34287, 34496, 34721, 35284, 35437, 35474, 35887, 36111, 36239, 36254, 37026, 37854, 38181, 38307, 38461, 38781, 39258, 39285, 39309, 40030, 40563, 40627, 40806, 41049, 41271, 41489, 41555, 41874, 42199, 42317, 42669, 43125, 43153, 43521, 43815, 44222, 44392, 44565, 44852, 45029, 45079, 45372, 45450, 45867, 45955, 46202, 46281, 46761, 46815, 46990, 47025, 47266, 47386, 47556, 47971, 48639, 48673, 49314, 49385, 49507, 49604, 50312, 50825, 51127, 51171, 51535, 52614, 52997, 53037, 53181, 53400, 53510, 53852, 53983, 54247, 54378, 54862, 55108, 55172, 55230, 55260, 55326, 55827, 55908, 56126, 56493, 56658, 56870, 57037, 57783, 58064, 58096, 58168, 58288, 58401, 58761, 59067, 59186, 59189, 59224, 59547, 59557, 59760, 59897, 59938, 60221, 60234, 60271, 60356, 60448, 60480, 60484, 60559, 60620, 60727, 60882, 60923, 61239, 62051, 62330, 62602, 62697, 63069, 63163, 63527, 63639, 63859, 63951, 64002, 65004, 65268, 65342
281, 1118, 1210, 1313, 1503, 1645, 1748, 1919, 1997, 2117, 2721, 2847, 3075, 3182, 3424, 3451, 3910, 4996, 5095, 5119, 5133, 5144, 6336, 6462, 6578, 7366, 7480, 7644, 7780, 7928, 8952, 9356, 9427, 9498, 9623, 9723, 9900, 9963, 10105, 10277, 10546, 10548, 10904, 10938, 10949, 10987, 11471, 11966, 11969, 12231, 12280, 12426, 12810, 12898, 13005, 13102, 13209, 13534, 13818, 14469, 14491, 15083, 15442, 15851, 15944, 16380, 16612, 16974, 17304, 17632, 17898, 18219, 18506, 18728, 19700, 20348, 20380, 20544, 20927, 21504, 21992, 22052, 22473, 22649, 23064, 23091, 23131, 23164, 23366, 23505, 23525, 23633, 24247, 24349, 24496, 24507, 24663, 24687, 24994, 25126, 25270, 25295, 25575, 25578, 25742, 25899, 26955, 27273, 27401, 27976, 28087, 28120, 28877, 29039, 29967, 30325, 30502, 30807, 31204, 31206, 31802, 32359, 32382, 32593, 32660, 33109, 33136, 33244, 33308, 33380, 33560, 33620, 33853, 34041, 34228, 34314, 34605, 34796, 35349, 35498, 35636, 35669, 36090, 36394, 36751, 37705, 37791, 37865, 37997, 38000, 38156, 38433, 38506, 38536, 38641, 39223, 39393, 39472, 39645, 39689, 39768, 41010, 41383, 41881, 41933, 41998, 42255, 42511, 43379, 44218, 44460, 44852, 44998, 45818, 45846, 46197, 46475, 46577, 46912, 47691, 47719, 47928, 47997, 48043, 48329, 48333, 48371, 48442, 48873, 48889, 48982, 49065, 49602, 49929, 50028, 50071, 50139, 50529, 50655, 50778, 50822, 51331, 51429, 51473, 51548, 51631, 51884, 52619, 52675, 53035, 53111, 53301, 53647, 53867, 53899, 53907, 54181, 54508, 54839, 55000, 55252, 55397, 55962, 56460, 57386, 57396, 57634, 57848, 57879, 58124, 58525, 59731, 59855, 60047, 60281, 60285, 61203, 61566, 61996, 62271, 63428, 63511, 63578, 63651, 63690, 63797, 63917, 64034, 64043, 64338, 64510, 64644, 64705, 64774, 65376, 65397
14, 69, 281, 283, 449, 450, 1807, 2247, 2320, 2568, 2942, 3047, 3142, 3262, 3343, 4164, 4315, 4725, 4732, 5249, 5382, 5767, 5904, 5916, 6152, 6159, 6901, 7013, 7720, 7786, 8215, 8296, 8381, 8385, 8631, 8770, 9191, 9329, 9373, 9409, 9487, 9618, 9672, 9954, 10009, 10032, 10164, 11381, 11447, 11512, 11832, 11913, 12401, 12556, 12725, 12762, 12775, 12826, 13227, 13284, 13310, 13371, 13514, 13687, 13824, 13987, 13988, 14124, 14345, 14425, 14535, 14561, 14929, 15047, 15131, 15797, 15911, 16095, 16119, 16249, 16573, 16931, 17200, 17340, 17504, 18135, 18339, 18725, 18763, 19782, 19963, 20317, 20434, 20666, 21149, 21435, 21580, 21736, 21806, 21813, 21913, 21921, 22035, 22299, 23002, 24065, 24143, 24477, 25325, 25439, 25918, 26380, 26636, 27100, 27257, 27431, 27936, 28022, 28120, 28187, 28207, 29215, 30346, 30533, 31011, 31497, 31760, 32034, 32264, 32311, 32472, 33001, 33102, 33346, 33404, 34492, 34667, 34732, 35122, 35906, 36073, 36255, 36701, 36765, 37874, 38144, 38230, 38361, 38569, 38612, 38790, 38959, 39245, 39558, 39583, 39982, 41111, 41563, 42014, 42297, 42507, 43564, 43811, 43823, 44197, 44399, 44421, 44643, 44661, 45249, 45540, 45870, 45904, 45955, 46557, 46583, 46843, 46871, 47032, 47797, 47871, 48502, 48938, 48965, 49201, 49795, 49796, 50875, 51961, 52700, 53158, 53225, 53258, 53510, 53602, 53856, 54050, 54224, 54321, 54390, 54668, 54798, 54941, 55037, 55047, 55169, 55213, 55387, 55699, 56740, 56849, 56998, 57011, 57106, 58271, 58493, 58658, 59126, 59379, 59430, 59462, 59656, 60070, 60351, 60526, 61348, 61458, 61483, 61556, 61648, 61737, 61791, 61845, 62088, 62112, 62216, 62286, 62430, 62473, 62690, 62696, 62758, 63142, 63195, 63622, 63724, 63818, 63969, 64030, 64044, 64249, 64343, 64897, 65041, 65184, 65355
11, 261, 303, 350, 808, 848, 901, 1118, 1948, 2115, 2194, 2612, 2715, 2825, 3101, 3553, 3641, 3688, 4092, 4148, 4764, 5124, 5365, 5603, 5863, 6221, 6481, 6815, 7207, 7263, 7288, 7409, 7427, 7446, 7551, 7671, 7779, 8259, 8804, 9029, 9073, 9449, 9685, 9774, 9853, 9863, 9987, 11368, 11844, 11888, 12019, 12907, 13240, 13323, 13474, 13718, 13727, 13932, 14025, 14282, 14420, 14906, 14963, 15226, 15232, 15258, 15357, 15632, 15681, 15766, 15945, 16222, 16281, 16458, 16908, 17070, 17273, 17886, 18302, 18325, 18566, 18862, 18876, 18973, 19161, 19307, 19630, 19722, 19736, 19889, 20006, 20343, 20396, 20544, 20618, 20769, 20829, 21009, 21048, 21174, 21345, 21513, 21760, 22033, 22386, 22611, 22803, 22871, 23035, 23290, 23420, 23683, 24367, 24419, 24730, 25341, 25371, 25375, 25443, 25497, 25579, 25688, 25822, 25898, 26404, 26712, 26857, 27020, 27362, 27434, 27671, 27999, 28417, 28652, 28696, 28771, 28812, 29025, 29107, 29253, 29565, 29940, 30244, 30486, 30653, 30659, 31136, 31294, 32043, 32713, 33081, 33097, 33265, 33901, 33923, 34867, 35197, 35349, 35461, 35782, 36332, 36464, 36610, 36622, 36796, 37047, 37237, 37354, 37380, 38672, 38678, 38724, 39118, 39730, 39888, 40452, 40493, 40733, 40778, 40834, 41145, 41536, 42679, 43126, 43368, 43435, 43443, 43465, 44373, 44878, 45106, 45307, 45555, 45573, 45575, 46574, 46863, 47248, 47386, 48064, 48227, 48864, 49213, 49341, 49400, 50368, 50900, 51023, 51285, 51435, 51632, 52341, 52451, 53029, 53647, 54016, 54121, 54277, 54614, 54854, 54881, 55175, 55199, 55341, 55420, 55651, 55877, 56461, 56925, 57034, 58328, 58358, 58555, 59128, 59997, 60174, 60762, 60980, 61014, 61266, 61422, 61955, 62030, 62399, 62492, 62543, 62631, 62703, 63506, 63708, 64166, 64402, 64561, 64644, 65028, 65124
309, 1272, 1796, 2281, 2415, 3250, 3460, 3593, 3759, 4138, 4193, 4324, 4408, 4808, 4878, 5284, 5534, 5541, 5746, 5883, 6148, 6210, 6806, 7282, 7378, 8000, 8105, 8476, 8481, 8870, 8948, 9146, 9197, 9317, 9543, 10140, 10226, 10228, 10302, 10500, 10558, 10892, 10953, 11131, 11954, 12094, 12333, 12453, 12880, 13270, 13755, 13917, 14009, 14316, 14643, 14882, 15622, 15646, 15780, 15853, 16112, 16164, 16370, 16600, 16694, 17047, 17086, 17088, 17380, 17731, 17978, 18494, 18632, 19260, 19345, 19703, 19709, 19736, 19963, 20244, 20483, 20558, 20599, 20728, 21106, 21118, 21592, 21771, 22539, 22613, 22719, 23530, 24260, 25105, 25656, 26050, 26083, 26397, 26583, 26627, 26630, 26633, 26712, 27742, 28008, 28044, 28626, 28942, 29025, 29095, 29593, 29712, 29899, 30359, 30465, 30479, 30504, 30596, 30667, 30705, 31036, 31664, 31705, 31948, 32360, 33222, 33662, 34192, 34195, 34643, 34799, 34830, 35045, 35615, 36376, 36607, 36835, 37252, 37390, 38758, 38771, 38786, 39091, 39109, 39630, 40174, 40238, 40299, 40335, 40660, 41046, 41048, 41234, 41253, 41286, 41388, 41482, 41557, 41647, 41703, 41808, 42095, 42247, 42394, 43036, 43045, 43086, 43612, 43881, 44220, 44348, 44588, 44735, 44951, 44993, 45023, 45107, 45261, 45553, 45768, 45819, 45897, 45945, 46006, 46233, 46307, 46341, 46860, 46914, 47090, 47566, 47884, 48028, 48119, 48605, 49142, 49253, 49888, 49898, 49985, 50027, 50042, 50307, 50968, 51051, 51338, 51397, 51843, 51914, 52293, 52305, 53037, 53535, 53939, 54105, 54573, 54694, 54796, 55019, 55303, 55320, 55443, 55753, 56216, 56325, 56588, 57159, 57401, 57464, 57511, 57591, 57725, 57889, 58099, 59356, 60140, 60214, 60316, 60521, 60609, 60826, 61449, 61487, 61827, 62022, 62219, 62496, 62629, 63039, 63082, 63111, 63272, 63525, 64700, 64850, 65429
235, 1223, 1454, 1684, 2164, 2255, 2435, 2846, 3154, 3563, 3695, 3724, 3860, 4135, 4318, 5072, 5244, 5279, 5606, 5672, 6331, 6348, 6857, 7089, 7161, 7548, 7873, 8251, 8502, 9190, 9306, 9434, 9576, 9849, 9866, 10602, 11014, 11089, 11674, 11709, 11917, 12409, 12523, 12698, 12728, 12744, 12915, 13348, 13364, 13915, 14080, 14270, 14342, 14518, 14727, 15280, 15514, 16052, 16105, 16424, 16634, 16685, 16902, 17096, 17142, 17488, 17596, 17875, 18772, 19013, 19122, 19226, 19236, 19596, 19651, 19856, 20014, 20622, 20635, 20971, 21126, 21508, 22358, 22445, 22707, 23001, 23054, 23492, 23764, 24038, 24248, 24283, 24447, 24852, 25394, 25510, 25593, 25721, 25754, 25904, 26335, 26379, 26394, 26871, 26984, 27884, 28570, 29198, 29243, 29245, 29274, 29364, 29582, 29758, 29793, 29820, 30232, 30702, 30900, 30915, 31418, 31877, 33108, 33178, 33216, 33321, 33435, 33530, 33552, 33617, 34453, 34895, 35092, 35249, 35398, 35536, 35743, 35823, 35904, 35974, 35992, 36040, 36703, 36853, 37117, 37174, 37444, 37619, 37643, 38052, 38067, 38464, 38496, 38756, 39218, 40675, 40767, 40769, 40943, 41004, 41194, 41338, 41534, 41682, 43445, 43505, 43820, 43930, 44028, 44302, 44550, 44817, 45176, 45806, 46322, 46464, 46483, 46598, 46615, 46736, 46974, 47045, 47086, 47115, 47174, 47179, 47674, 47747, 47895, 47938, 48005, 48292, 48561, 48696, 49292, 49320, 49322, 49480, 49571, 49775, 49997, 50800, 50968, 51217, 51643, 51949, 52062, 52513, 52516, 53834, 53907, 53978, 54316, 54675, 54863, 55124, 55165, 55169, 55898, 55979, 56222, 56315, 56512, 57084, 57271, 57388, 57654, 57672, 57688, 57881, 57892, 58332, 58384, 58982, 59249, 59502, 59600, 59800, 60171, 60516, 60799, 60805, 61061, 61248, 62009, 62172, 62526, 63018, 63561, 63596, 63724, 64154, 64328, 64482, 64721, 64754
374, 1062, 1784, 1813, 1846, 1976, 2044, 2141, 2557, 2898, 3569, 3729, 4175, 4191, 4293, 4477, 4631, 4653, 4918, 4952, 5063, 5148, 5207, 5802, 5867, 6014, 6128, 6438, 6465, 7150, 7501, 7574, 7668, 7944, 8209, 8414, 8466, 8520, 8678, 8780, 8823, 9407, 9435, 9891, 9985, 10077, 10254, 10457, 10464, 10822, 10992, 11834, 12248, 12507, 12660, 13012, 13167, 13474, 13819, 13828, 14278, 14487, 14803, 15011, 15072, 15119, 15386, 15824, 16586, 16958, 17022, 17140, 17312, 17416, 17435, 17966, 18353, 18510, 18616, 18814, 19674, 19746, 19809, 20082, 20474, 20631, 20726, 20917, 21369, 21580, 21703, 21868, 22085, 22159, 22275, 22309, 22561, 22642, 22838, 22900, 22985, 23350, 23620, 23727, 23894, 24098, 24314, 24338, 24509, 24590, 24614, 25016, 25275, 25631, 25666, 25776, 25857, 26191, 26381, 26434, 26541, 26698, 26984, 27438, 27718, 27827, 27993, 28051, 28297, 28772, 29319, 29716, 30382, 30450, 30591, 31154, 31527, 31720, 31948, 32242, 32369, 32600, 33751, 34266, 34478, 34605, 34645, 34647, 35383, 35724, 36048, 36881, 37585, 37850, 38177, 38531, 39342, 39488, 39569, 39704, 39760, 40168, 40387, 40461, 40694, 41083, 41268, 41570, 41804, 42395, 42602, 43121, 43314, 43571, 43659, 43793, 44654, 44788, 45233, 45348, 45722, 45879, 46087, 46218, 48231, 48365, 48679, 48757, 48763, 49169, 49383, 49400, 49765, 49912, 50333, 50515, 50633, 50821, 50910, 51111, 51197, 52065, 52283, 52989, 53385, 53602, 54641, 54888, 54999, 55033, 55319, 55460, 55524, 55696, 55861, 55882, 55911, 57284, 57298, 57438, 57669, 57789, 57797, 58279, 58666, 58690, 59120, 59169, 59317, 59509, 59893, 60045, 60159, 60231, 60335, 60408, 60563, 60911, 61106, 61339, 61763, 62034, 62094, 62671, 62727, 62898, 62971, 63404, 63691, 63759, 63989, 64734, 64807, 64902, 64981, 65031
396, 402, 404, 414, 577, 618, 1600, 1792, 1834, 1943, 2125, 3040, 3564, 4033, 4038, 4140, 4300, 4507, 4588, 5621, 5642, 6675, 7091, 7272, 7590, 7688, 7904, 7971, 8034, 8045, 8294, 8479, 8737, 8835, 9102, 9598, 10050, 10203, 10686, 10941, 10956, 11137, 11201, 11256, 12529, 12799, 12865, 13256, 14020, 14719, 14976, 15257, 15292, 15294, 15337, 15662, 15961, 16155, 16300, 16434, 17296, 17416, 17432, 17839, 17978, 18770, 18897, 19853, 20825, 21108, 21143, 21621, 22063, 22213, 22396, 22661, 22691, 23468, 23999, 24389, 24811, 24882, 25213, 25497, 25511, 26138, 26465, 26939, 27008, 27026, 27210, 27444, 27833, 28946, 29035, 29199, 29356, 29810, 29974, 30229, 30623, 30793, 31118, 31497, 31690, 31804, 32059, 32268, 32532, 33047, 33284, 33767, 34046, 34425, 34687, 35203, 35630, 35989, 36197, 36702, 36704, 36707, 36767, 37038, 37203, 37228, 37229, 37251, 37737, 37900, 37901, 38657, 38731, 38950, 39624, 39915, 39927, 40265, 40367, 40547, 40810, 41188, 41506, 41691, 42064, 42275, 42570, 42693, 42975, 43209, 43389, 43445, 44005, 44011, 44258, 44403, 44420, 44634, 45303, 45393, 45556, 45691, 45754, 46155, 46225, 46292, 46378, 46415, 46442, 46808, 46923, 47035, 47086, 47161, 47175, 47248, 47261, 47295, 47333, 47357, 47489, 47943, 49139, 49321, 49875, 50220, 50568, 51169, 51724, 51860, 51996, 52134, 52413, 52443, 52540, 52652, 52953, 53166, 53201, 53320, 53459, 53562, 53858, 54119, 54972, 55061, 55141, 55149, 55368, 55710, 55757, 55839, 55856, 56315, 56452, 57329, 57442, 57569, 57839, 58093, 58256, 58368, 58480, 58764, 58918, 58978, 59613, 59937, 60126, 60215, 60294, 60310, 60517, 60525, 60885, 61143, 61249, 61368, 61893, 62242, 62296, 62449, 62457, 62577, 62686, 62925, 63175, 63654, 63905, 63916, 64093, 65028, 65138, 65301, 65321, 65363
17, 39, 108, 391, 415, 417, 894, 1331, 1588, 1971, 2104, 2129, 2502, 2520, 2920, 3663, 3883, 4132, 4285, 4349, 4906, 5003, 5363, 5979, 6161, 6237, 6628, 6686, 6984, 7083, 7143, 7608, 7796, 8196, 8579, 8590, 8754, 8910, 9119, 9226, 9295, 9612, 10013, 10449, 10490, 10724, 10887, 11083, 11673, 12320, 12447, 12980, 13514, 14173, 14401, 14846, 15081, 15090, 15559, 15714, 16206, 16551, 16559, 16573, 16834, 17072, 17121, 17178, 17989, 18209, 18553, 18569, 18834, 19126, 19697, 19788, 19980, 20118, 20572, 20844, 21070, 21287, 21399, 21512, 21558, 21695, 21800, 21888, 21986, 22826, 23210, 23267, 23280, 23647, 23732, 24174, 24183, 24751, 25153, 25312, 25406, 25437, 25553, 25657, 25682, 26624, 27106, 27520, 27671, 27815, 27972, 28416, 28672, 29167, 29637, 29702, 29866, 29993, 30165, 30414, 30576, 31350, 31567, 31810, 32452, 32707, 32776, 32857, 32956, 33347, 33730, 33857, 33859, 33879, 33889, 33920, 33952, 34911, 34912, 35011, 35448, 36118, 36291, 37033, 37186, 37908, 38301, 38489, 38498, 38708, 39369, 39520, 39703, 39865, 39971, 40072, 40096, 40294, 40420, 40532, 40635, 40861, 41001, 41438, 41484, 41750, 41824, 42038, 42188, 42212, 42540, 42605, 43357, 43565, 43592, 43657, 43662, 44158, 44309, 44531, 44631, 45354, 45560, 45574, 45661, 46152, 46459, 46535, 46692, 46759, 47197, 47581, 47789, 47828, 48163, 49102, 49734, 49949, 50200, 50650, 50927, 51275, 51754, 52068, 52309, 52568, 52892, 52933, 52981, 53016, 53886, 54193, 54347, 54442, 54464, 54515, 54810, 55055, 55474, 55543, 55846, 56403, 56580, 56949, 56966, 57945, 57976, 58469, 58533, 58701, 59414, 59561, 59746, 59847, 60211, 60375, 60410, 60780, 61129, 61130, 61618, 61628, 61837, 61934, 62735, 62972, 63346, 63463, 63563, 63817, 63986, 64397, 64417, 64562, 64790, 65057
1180, 1338, 1396, 2569, 3552, 3595, 3696, 3862, 4344, 4400, 4849, 5404, 5988, 6050, 6179, 6598, 6985, 7032, 7080, 7124, 7281, 7294, 7445, 7570, 7851, 8172, 8381, 8550, 9029, 9212, 9383, 10024, 10042, 10276, 10285, 10904, 11082, 11788, 11801, 11859, 12432, 12524, 12735, 13020, 13085, 13448, 13913, 14391, 14533, 14641, 14738, 14851, 14989, 15265, 15330, 15998, 16091, 16403, 16407, 16534, 16745, 17189, 17470, 17683, 17772, 17929, 18006, 18043, 18238, 18337, 18486, 18611, 18749, 18855, 19546, 19962, 20482, 20559, 20720, 20727, 20995, 21236, 22121, 22834, 22937, 23363, 23366, 23549, 24039, 24228, 24341, 24394, 24740, 25013, 25197, 25290, 25663, 25918, 25994, 25995, 26042, 26304, 26398, 26611, 27098, 27321, 27330, 27575, 27736, 28323, 28337, 28471, 28697, 29173, 29603, 29747, 29818, 30216, 30302, 30730, 30875, 30890, 31211, 31377, 31487, 31766, 32619, 32751, 32806, 33039, 33401, 33665, 33809, 33990, 34109, 34236, 34947, 35361, 35677, 36450, 36560, 36686, 37761, 37874, 37903, 37976, 38027, 38034, 38972, 40222, 40364, 40512, 40593, 41360, 41560, 41744, 41883, 42060, 42129, 42145, 42356, 42370, 42384, 42476, 42548, 42751, 42752, 42915, 42990, 43042, 43082, 43730, 43960, 43970, 44745, 45606, 45660, 46355, 46467, 46817, 47036, 47618, 47673, 47999, 48073, 48418, 49027, 49275, 49665, 49741, 49939, 50162, 50262, 50454, 50488, 50662, 50727, 50856, 51138, 51754, 52182, 52360, 52370, 52569, 52891, 52944, 53572, 53685, 53710, 54011, 54113, 54424, 54525, 54716, 54868, 54946, 55683, 56222, 56224, 56293, 57131, 57182, 57476, 57797, 57938, 58726, 58734, 58793, 58858, 58987, 59579, 59756, 59928, 59978, 60003, 60628, 60964, 61502, 61622, 62251, 62393, 63160, 63361, 63466, 63808, 63849, 64014, 64264, 64308, 64337, 64482, 64692, 64970, 65225, 65239, 65347
422, 436, 650, 1029, 1108, 1211, 1475, 1873, 2042, 2171, 2287, 2652, 2727, 3181, 3274, 3348, 3753, 3816, 4049, 4078, 4307, 4318, 4450, 4652, 4906, 5136, 5386, 5500, 5677, 5712, 6547, 6756, 6845, 6887, 7260, 7705, 7761, 7788, 8063, 8259, 8322, 8365, 8794, 9408, 9551, 9631, 9802, 10123, 10456, 10917, 11097, 11116, 11237, 11268, 11422, 11652, 11698, 11904, 12142, 12198, 12308, 12416, 12751, 12790, 13385, 13780, 13873, 13910, 14168, 14211, 14573, 14661, 15088, 15550, 15792, 16027, 16276, 16432, 17037, 17247, 17271, 17285, 17348, 17461, 17712, 17899, 17905, 17985, 18025, 18145, 18384, 18396, 18431, 18728, 19772, 19780, 20124, 20175, 20425, 20526, 21305, 22092, 22215, 22657, 22703, 22934, 23292, 23558, 24365, 24468, 24539, 24798, 25340, 25595, 25727, 25731, 27138, 27281, 27622, 28779, 28819, 29036, 29203, 29261, 30061, 31032, 31871, 31988, 32140, 32313, 32375, 32627, 32717, 32721, 32848, 33604, 33651, 33703, 34134, 34278, 34877, 35003, 35469, 35662, 35848, 35865, 35914, 36273, 36531, 36697, 36754, 37303, 37503, 37732, 37887, 38462, 38794, 38832, 39012, 39019, 39037, 39203, 39317, 39691, 39842, 39971, 40306, 40442, 40919, 41222, 41264, 41946, 42013, 42207, 42372, 42388, 42549, 42569, 42722, 43132, 43350, 43453, 44400, 44440, 44723, 44894, 45042, 45651, 45879, 46246, 46328, 46580, 46725, 47050, 47085, 47109, 47714, 48019, 48128, 48697, 49259, 49493, 50396, 51185, 51262, 51412, 51792, 52225, 52391, 52570, 52598, 52862, 53209, 53451, 53558, 53599, 53818, 54633, 55398, 55544, 55784, 55905, 55935, 56094, 56118, 56228, 56307, 57071, 57336, 57382, 57775, 58561, 58981, 59380, 59576, 59724, 59757, 59990, 60224, 60238, 60383, 60492, 60752, 61329, 61476, 61523, 61621, 62137, 63046, 63496, 63607, 64048, 64115, 65137, 65303, 65429
102, 127, 202, 363, 647, 666, 706, 917, 1617, 1794, 2082, 2659, 3087, 3126, 3490, 3516, 4649, 5098, 5126, 5390, 5523, 5612, 5812, 6732, 7119, 7324, 7399, 8077, 8135, 8686, 8694, 8923, 9170, 9237, 9458, 9867, 9905, 10177, 10975, 11016, 11261, 11842, 11944, 12104, 12139, 12313, 13023, 13774, 14718, 15009, 15051, 15122, 15203, 15285, 15998, 16747, 17127, 17725, 17969, 17975, 17979, 18006, 18434, 18657, 18731, 18948, 19228, 19645, 20176, 20260, 20676, 21049, 21155, 21281, 22458, 22820, 22838, 22960, 23535, 23541, 23892, 23908, 23949, 24211, 24760, 24998, 25425, 25517, 25577, 26193, 26873, 26930, 27060, 27177, 27290, 27590, 28270, 28308, 28521, 28603, 28639, 28787, 28842, 28856, 28945, 29133, 29303, 29544, 29767, 29953, 29961, 30009, 30160, 30189, 30516, 30533, 30589, 31488, 32129, 32294, 32722, 32803, 33102, 33232, 33470, 33542, 33838, 33929, 34068, 34377, 34578, 34798, 34889, 34921, 35236, 35560, 35565, 35698, 35883, 35939, 36014, 36578, 36629, 36642, 36780, 36802, 36841, 36997, 37090, 37286, 37454, 37500, 37534, 37574, 37770, 38593, 39022, 39032, 39093, 39178, 39379, 39677, 40186, 40442, 40589, 41744, 41834, 42877, 43303, 43404, 43460, 43650, 43862, 44582, 45260, 45930, 45949, 46108, 46423, 46484, 46582, 46591, 46594, 46603, 46738, 47164, 47200, 47395, 47632, 47916, 48160, 48233, 48470, 48792, 48876, 48945, 49356, 49403, 49712, 49953, 50070, 50085, 50110, 50184, 50223, 50553, 51002, 51662, 51839, 52215, 52301, 52302, 52711, 52956, 53495, 53516, 53629, 53777, 54089, 54104, 54612, 54702, 54815, 56623, 57248, 57860, 58220, 59124, 59263, 59922, 59957, 60060, 60347, 61360, 61739, 62054, 62125, 62328, 63062, 63318, 63447, 63507, 63923, 63999, 64015, 64052, 64299, 64427, 64707, 64861, 64992, 65046, 65274, 65340, 65345, 65464
209, 376, 541, 584, 1048, 1952, 2423, 2852, 3328, 3392, 3773, 4144, 4459, 4484, 4986, 5409, 6027, 6163, 6880, 7137, 7619, 7701, 7726, 7764, 7963, 8459, 9099, 9108, 9580, 9701, 9755, 9773, 9903, 10011, 10025, 10329, 10467, 10503, 11439, 11536, 11639, 11701, 11955, 12234, 12400, 12567, 12587, 12617, 13008, 13134, 13515, 13616, 13834, 13915, 15297, 15298, 15435, 15576, 15642, 15779, 15927, 16083, 16483, 16763, 16829, 17038, 17167, 17335, 17341, 17490, 17658, 18273, 18461, 18521, 19004, 19291, 19599, 19695, 20147, 20297, 20483, 20648, 21747, 22265, 22898, 23715, 23994, 24052, 24509, 24763, 24883, 24968, 25338, 25436, 25449, 25651, 26145, 26151, 26282, 26439, 26594, 26999, 27370, 27799, 27846, 28196, 28572, 28730, 28762, 28880, 28943, 28993, 29190, 29279, 29345, 29381, 29631, 29826, 30050, 30471, 30537, 31321, 31683, 31741, 31784, 32098, 32580, 33653, 33758, 34208, 34567, 35063, 35370, 35542, 35642, 36058, 36454, 36516, 36586, 36656, 37146, 37394, 37621, 37631, 37706, 37863, 38141, 38150, 38464, 38516, 38546, 38669, 38704, 39267, 39271, 39311, 39317, 40449, 40555, 41135, 41552, 41583, 41801, 41875, 42006, 42689, 42901, 43038, 43361, 43552, 43714, 43923, 44613, 45001, 45157, 45169, 45213, 46264, 46407, 46459, 46554, 46725, 46994, 47171, 47199, 47310, 47379, 47523, 47913, 48140, 48294, 48424, 48849, 49076, 49669, 49676, 50060, 50098, 50157, 50200, 50259, 50596, 51062, 51745, 52356, 53495, 53761, 54309, 54574, 54729, 55368, 55386, 55553, 55698, 55757, 55857, 56099, 56274, 56456, 56607, 56713, 56916, 57186, 57462, 57627, 57666, 57823, 58024, 58391, 58742, 58811, 59060, 59248, 59476, 59629, 61107, 61210, 61241, 61338, 61824, 61843, 62236, 63176, 63277, 63504, 63711, 63921, 63954, 63974, 64102, 64183, 64211, 64430, 64889, 65296, 65416
106, 1483, 1704, 2480, 2498, 3310, 3620, 3737, 3774, 3892, 4107, 4203, 4626, 5029, 5276, 5365, 5652, 6185, 6201, 6568, 6596, 7421, 7450, 7659, 8051, 8053, 8349, 8465, 8578, 8673, 8846, 9274, 9307, 9514, 9830, 10117, 10196, 10382, 10426, 10485, 10486, 10517, 10700, 10701, 10902, 11734, 11873, 12016, 12034, 12258, 12355, 12398, 13048, 13218, 13296, 13618, 13700, 13873, 13940, 13942, 14789, 14936, 15327, 15890, 16492, 16820, 17256, 18659, 18713, 19246, 19714, 19869, 19923, 20299, 20333, 20474, 20511, 20931, 21145, 21177, 21308, 21360, 21986, 22320, 22859, 22906, 23246, 23253, 23595, 24251, 24342, 25130, 25485, 25490, 26066, 26206, 26354, 26367, 26728, 27221, 27530, 27641, 28531, 28578, 28581, 28856, 29233, 29503, 29650, 29734, 30094, 30878, 31521, 31798, 31955, 32084, 32419, 32659, 32924, 33274, 34608, 34624, 35127, 35416, 35759, 35853, 36037, 36261, 36270, 36396, 36491, 36568, 36793, 36813, 36848, 37602, 37945, 38011, 38057, 38434, 38625, 38827, 39347, 39913, 40346, 40418, 40667, 40679, 40931, 41072, 41152, 41729, 41811, 41930, 42513, 42962, 42989, 43041, 43148, 43212, 43221, 43310, 43408, 43619, 43894, 44026, 44273, 44288, 44494, 44588, 44674, 44724, 44911, 45010, 45103, 46000, 46033, 46454, 46501, 46595, 46860, 47142, 47176, 47511, 47740, 47773, 47818, 48369, 48564, 48858, 49371, 49770, 49899, 50548, 50782, 51002, 51424, 51457, 51666, 51672, 51901, 51913, 52321, 52328, 52344, 52586, 52780, 53090, 53092, 53460, 53480, 54433, 54458, 55274, 55335, 55799, 56469, 56668, 56699, 56704, 57219, 57873, 58018, 58340, 58534, 58649, 58737, 58976, 59095, 59542, 60039, 60071, 60383, 60424, 60646, 60654, 61168, 61358, 61402, 61426, 61471, 62128, 62412, 62598, 62676, 63201, 63406, 63559, 63677, 63678, 64179, 64241, 64392, 64702, 65183, 65327
7, 297, 569, 1302, 2160, 2164, 2619, 3317, 3605, 3684, 3687, 4595, 4808, 4824, 5498, 6162, 6380, 6459, 6623, 6773, 6934, 7259, 7597, 7833, 8546, 8582, 8791, 9002, 9143, 9159, 9495, 10163, 10177, 10202, 10408, 10420, 10869, 11182, 11218, 11223, 11429, 11448, 11615, 12341, 12923, 12935, 13363, 13779, 13900, 13973, 14145, 14276, 14591, 14773, 14887, 15106, 15538, 15653, 17061, 17182, 17278, 17561, 17592, 17907, 17927, 18207, 18688, 18918, 19225, 19346, 20631, 20891, 20899, 20940, 21301, 22159, 22383, 22952, 23125, 23164, 23716, 24048, 24314, 24408, 24440, 24503, 25189, 25633, 26413, 26866, 27540, 27816, 28622, 29030, 29435, 29785, 29906, 30049, 30072, 30811, 30971, 31260, 31464, 31543, 31601, 31869, 32035, 32355, 32522, 32732, 32798, 33135, 33159, 33231, 33590, 33824, 34153, 35134, 35238, 35858, 36025, 36290, 36549, 36758, 36818, 36979, 37109, 37537, 38120, 38267, 38344, 38713, 38844, 39335, 39511, 39665, 39684, 39874, 40429, 42435, 42555, 42763, 43128, 43387, 43578, 43769, 43802, 43947, 44132, 44643, 44705, 44984, 45152, 45527, 45562, 45585, 45754, 45769, 45799, 45881, 46068, 46263, 46593, 47228, 47234, 47576, 47683, 47870, 47885, 47991, 48027, 48098, 48743, 48905, 48920, 49012, 49527, 49833, 50121, 50803, 50811, 50815, 51617, 52184, 52242, 52267, 52301, 52367, 52662, 52825, 52908, 53232, 53434, 53507, 53612, 53766, 53916, 54035, 54067, 54107, 54670, 54913, 54934, 54995, 55323, 55426, 55552, 56207, 56308, 56750, 57145, 57450, 57669, 57780, 57883, 58123, 58341, 58924, 58938, 58959, 59011, 59313, 59408, 59631, 60000, 60493, 60768, 60772, 60784, 60900, 60913, 60937, 61141, 61172, 61195, 61374, 61582, 61643, 62256, 62627, 62888, 63193, 63475, 63748, 63955, 63992, 63998, 64271, 64379, 64617, 64658, 64771, 64852, 64997, 65241, 65530
156, 172, 188, 490, 912, 1015, 1023, 1060, 1855, 2593, 2609, 2755, 3231, 3792, 3838, 4003, 4098, 4184, 4351, 4462, 4819, 5103, 5194, 5330, 5860, 5909, 6020, 6051, 6259, 6461, 6764, 6856, 7059, 7140, 7464, 7493, 7924, 8119, 8318, 8438, 8461, 8488, 8742, 8882, 9302, 10491, 10564, 10601, 10651, 11955, 11987, 12040, 12342, 13467, 13573, 13948, 14004, 14102, 14311, 14325, 14721, 14815, 15573, 15691, 15820, 15827, 16078, 16414, 16869, 16954, 16955, 17094, 17473, 18469, 18946, 19076, 19102, 19410, 19553, 19724, 19773, 19804, 19986, 20252, 20304, 20500, 20582, 20721, 20812, 20896, 20935, 21239, 21451, 21849, 22022, 22242, 22599, 22617, 22893, 22961, 23799, 24177, 24641, 25112, 25174, 25306, 25887, 26212, 26255, 26258, 26573, 26792, 27615, 28252, 28701, 28963, 29428, 29497, 29587, 29728, 29747, 30137, 30414, 30530, 30539, 30594, 31112, 31128, 31389, 31510, 32361, 32560, 32667, 32795, 34328, 34418, 35716, 36240, 36442, 36574, 36692, 37747, 37853, 38928, 39687, 40528, 41036, 41110, 41145, 41794, 41945, 42437, 42461, 42831, 42963, 43526, 43638, 43724, 44196, 44370, 44393, 44449, 44985, 45058, 45589, 45779, 46065, 46311, 46373, 46420, 46523, 46765, 46807, 46950, 47006, 47126, 47219, 47223, 47332, 47510, 47724, 47813, 47981, 48483, 48652, 48850, 49166, 49304, 50415, 50425, 50558, 50644, 50680, 50715, 50882, 51286, 51376, 51598, 52393, 52431, 52473, 52649, 52911, 53098, 53323, 53362, 53550, 53728, 53925, 54031, 54329, 54517, 54627, 54922, 55110, 55820, 56032, 56597, 56734, 56794, 56926, 57047, 57226, 57328, 57803, 58093, 58227, 58739, 58850, 58879, 59013, 59068, 59211, 59423, 59722, 60430, 60509, 60710, 60771, 60976, 61220, 61567, 62024, 63119, 63147, 63150, 63423, 63474, 63478, 63547, 63820, 63898, 64253, 64267, 64619, 65151
505, 1260, 1358, 1418, 1707, 1754, 2358, 3390, 3439, 3555, 3946, 4756, 5502, 5593, 5673, 5950, 6247, 6254, 6332, 6631, 6773, 6902, 8284, 9053, 9314, 9414, 9590, 9988, 10055, 10209, 10344, 10856, 10859, 10975, 11403, 12435, 12553, 12602, 12679, 12983, 13145, 13486, 13502, 13529, 14038, 14217, 14505, 14533, 14917, 15316, 15361, 15725, 16273, 16450, 16530, 16950, 16968, 17279, 17288, 17520, 17582, 17917, 17987, 18092, 18210, 18683, 18895, 19138, 19377, 19446, 19532, 19538, 20008, 20535, 20612, 20773, 20782, 20850, 21262, 21428, 21534, 21890, 22047, 22675, 22734, 22762, 22913, 22980, 23092, 23112, 23322, 23705, 24004, 24048, 24221, 24472, 24706, 24963, 25417, 25867, 25998, 26364, 26391, 26572, 26699, 26756, 26841, 27032, 27198, 27486, 27808, 27999, 28339, 28375, 28703, 29643, 29929, 30081, 30168, 30594, 30596, 30795, 31426, 32625, 32736, 33067, 33174, 33210, 33587, 33687, 33808, 34004, 34155, 34831, 34950, 35021, 35107, 36086, 36655, 36683, 36720, 36988, 37027, 37529, 37727, 37799, 37808, 38042, 38133, 38738, 38807, 38814, 38880, 39033, 39695, 39868, 40246, 40371, 40564, 40954, 40967, 41061, 41601, 41611, 41902, 42187, 42481, 42639, 43302, 43312, 43390, 43729, 43861, 43924, 43931, 43980, 44067, 44094, 44270, 44425, 44947, 45128, 45157, 45263, 45819, 45879, 45937, 46181, 46467, 46802, 47195, 47565, 47605, 49371, 49506, 49734, 50112, 50465, 50525, 50613, 50686, 51255, 51408, 51613, 52534, 52677, 52872, 53237, 53354, 53370, 53512, 53615, 53732, 53877, 54246, 54333, 54560, 54675, 55821, 56245, 56278, 56483, 56491, 56834, 56989, 57533, 58715, 59192, 59201, 59557, 59958, 60365, 60370, 60384, 60883, 60889, 60941, 60986, 61214, 61321, 61592, 61735, 61746, 62385, 62848, 63434, 63529, 63822, 63911, 64115, 64317, 64495, 64665, 64747, 64821, 65178
1079, 1156, 1173, 1244, 1286, 1652, 1930, 2553, 2652, 2753, 2985, 3272, 3343, 3482, 3742, 4590, 5368, 5487, 5541, 5930, 6426, 7068, 7278, 8359, 8736, 9599, 10000, 10255, 10541, 11887, 11962, 11979, 12357, 12576, 13138, 13196, 13309, 13579, 13625, 13656, 13791, 14086, 14732, 14765, 14894, 15545, 15571, 15617, 15782, 15867, 16165, 16297, 16388, 16566, 16718, 17066, 17178, 17386, 17649, 17811, 17865, 17917, 18105, 18327, 18504, 18767, 19026, 19128, 19192, 19204, 19223, 19468, 19971, 20218, 20360, 20506, 21088, 21112, 21315, 21477, 21595, 21618, 21963, 22184, 22898, 23512, 23760, 23887, 24204, 24310, 24404, 25416, 25523, 25770, 26166, 26167, 26238, 26467, 26672, 26731, 26852, 26886, 27113, 27135, 27148, 27232, 27292, 27737, 28169, 28209, 28232, 28290, 28556, 28615, 28666, 28796, 29083, 29900, 30505, 31090, 31238, 31308, 31565, 31858, 32246, 32346, 32523, 32797, 33291, 33460, 33982, 34002, 34471, 35291, 35413, 35740, 36123, 36270, 36343, 36661, 37507, 37582, 37632, 37735, 37758, 37932, 38199, 38216, 38436, 39399, 39432, 39455, 39486, 39606, 40216, 40534, 40859, 41202, 41470, 41607, 41643, 42012, 42296, 42373, 42490, 42901, 43167, 43684, 43948, 44712, 44756, 44872, 44919, 44923, 44983, 45336, 45466, 45725, 45841, 46237, 46422, 46539, 46756, 46783, 46949, 47472, 47493, 47850, 48299, 48417, 48746, 48804, 48967, 49072, 49376, 49381, 49392, 49446, 49671, 50122, 50622, 50695, 50779, 50935, 52074, 52539, 52885, 52959, 53026, 54021, 54385, 55592, 55701, 55793, 56533, 56538, 56850, 57099, 57233, 57275, 57595, 58111, 58428, 58688, 59222, 59276, 59438, 59619, 60126, 60471, 60820, 61016, 61237, 61434, 61475, 61751, 61769, 62222, 62253, 62266, 62445, 62501, 62523, 63038, 63054, 63288, 63351, 63974, 64161, 64442, 64643, 64951, 65037, 65229, 65270, 65300
609, 2168, 2404, 2545, 3159, 3594, 3865, 4030, 4154, 4159, 4497, 4583, 4783, 4950, 5098, 5944, 6122, 6845, 7247, 7888, 8031, 8083, 8474, 8504, 8942, 8978, 9012, 9473, 9723, 9935, 10192, 10490, 10847, 11026, 11138, 11231, 11239, 11270, 12007, 12327, 12557, 12706, 13027, 13038, 13231, 13419, 13678, 13737, 14222, 14331, 14582, 14711, 14751, 14903, 14939, 15480, 15547, 15908, 16018, 16324, 16336, 16379, 16614, 16655, 16864, 17076, 17276, 17794, 17961, 18626, 18656, 18661, 18949, 19255, 19434, 19556, 19610, 19706, 19782, 20238, 20712, 20732, 20824, 20924, 20952, 21117, 21302, 21406, 21658, 21891, 21948, 22557, 22640, 22700, 22820, 22952, 23500, 23714, 24039, 24084, 24452, 24499, 24539, 24562, 24782, 24967, 25039, 25538, 26144, 26239, 26417, 27029, 27199, 27225, 27252, 27565, 27674, 27802, 27837, 28072, 29784, 30707, 31001, 31124, 31635, 31903, 32361, 32505, 32539, 32821, 33221, 33489, 33561, 33604, 33941, 34057, 34260, 34376, 34476, 34477, 34740, 34964, 35051, 35085, 35328, 35555, 35715, 35851, 36015, 36233, 36621, 36719, 36901, 38265, 38406, 38790, 38831, 38833, 38938, 39015, 39692, 39888, 39945, 40353, 41137, 41140, 41589, 41664, 41907, 42025, 42509, 42620, 42703, 42946, 43022, 43287, 43581, 43588, 43797, 43870, 43914, 44105, 44365, 44871, 45270, 45554, 45938, 46515, 46721, 47282, 47403, 49120, 49508, 49649, 49905, 50146, 50358, 51283, 51639, 51668, 52155, 52180, 52431, 52847, 52943, 53201, 53295, 53343, 53575, 53601, 53610, 53896, 54123, 54195, 54245, 54508, 54658, 54863, 54872, 55193, 55635, 55870, 55889, 56239, 56702, 57028, 57270, 57315, 57501, 57634, 58246, 58424, 58754, 59140, 59381, 59389, 59645, 59664, 59839, 60244, 60270, 60278, 60296, 60351, 60771, 60788, 60987, 61004, 61023, 61286, 62258, 62834, 62974, 63390, 64240, 65299
140, 507, 601, 1164, 1452, 1502, 2113, 2501, 2570, 2828, 3062, 3414, 3442, 3455, 3517, 3853, 4196, 4371, 4911, 4917, 5244, 5477, 6439, 6556, 6588, 6595, 6604, 6718, 6962, 7545, 7571, 7578, 7769, 7847, 8084, 8104, 8301, 8407, 8993, 9164, 9183, 9525, 9687, 10475, 10657, 11590, 11866, 12506, 12891, 12904, 13182, 13234, 13455, 13761, 14086, 14163, 14322, 14428, 14899, 15205, 15803, 16904, 17219, 17230, 17564, 18002, 18113, 18245, 18594, 18600, 18620, 18761, 18888, 19291, 19373, 19716, 19870, 20069, 20306, 20795, 20803, 20917, 20984, 21246, 21340, 21499, 21558, 21719, 21912, 22053, 22168, 22216, 22267, 22426, 22570, 22889, 23046, 23751, 24386, 24636, 24642, 25461, 25494, 26163, 26638, 26725, 26813, 27167, 27218, 27620, 27758, 28237, 28327, 28899, 28961, 29043, 29411, 29828, 30105, 30289, 30430, 30928, 31085, 31218, 31593, 31653, 32035, 32155, 32301, 32312, 32354, 32403, 32582, 32633, 32816, 33106, 33704, 33751, 33879, 34251, 34642, 34897, 35143, 35562, 35979, 36290, 37206, 37215, 37273, 37305, 37316, 37339, 37384, 37420, 37550, 37558, 37801, 37834, 38514, 38559, 39099, 39639, 39640, 40368, 40512, 40624, 40860, 41161, 41560, 41917, 42360, 42700, 42977, 42992, 43089, 43384, 43510, 43664, 44013, 44369, 46167, 46478, 46487, 46725, 46727, 46959, 46994, 48051, 48259, 48372, 48441, 48512, 48551, 49092, 49849, 49957, 50003, 50260, 50529, 50837, 51037, 51691, 51727, 51740, 51823, 51827, 51897, 52296, 52312, 52434, 52506, 53119, 53211, 53468, 53483, 53836, 53838, 54079, 54309, 54379, 54691, 55002, 55416, 55600, 56048, 56420, 56590, 56954, 56996, 57021, 57336, 57408, 58345, 58353, 59001, 59546, 60074, 60260, 60372, 60399, 61097, 61204, 61718, 61818, 62148, 62388, 62404, 63594, 63810, 64042, 64063, 64151, 64292, 64567, 64885, 65086
299, 363, 502, 508, 637, 661, 749, 923, 1332, 1391, 1544, 1791, 1973, 2441, 2752, 3088, 3184, 3500, 3859, 3980, 4210, 4778, 5158, 5604, 5922, 6376, 6674, 6738, 7014, 7196, 7269, 7416, 7486, 7615, 7727, 8346, 8437, 8537, 8844, 9255, 9587, 9795, 9969, 10099, 10297, 10303, 10656, 10991, 11405, 11992, 12138, 12164, 12670, 12967, 13051, 13164, 13283, 13641, 13678, 13968, 14331, 14376, 14991, 15157, 15249, 15313, 15409, 15714, 15794, 15933, 18183, 18351, 18966, 19004, 19181, 19630, 19809, 20235, 20319, 20480, 20521, 20892, 21020, 21146, 21837, 22439, 22581, 22788, 22998, 23337, 23383, 23897, 24100, 24386, 24623, 24902, 25498, 25829, 26480, 26560, 26619, 26741, 27159, 27240, 27319, 27436, 27707, 27963, 28087, 28106, 28233, 28805, 28907, 28978, 29932, 30557, 30590, 31017, 31311, 31824, 31903, 32556, 32597, 32770, 33148, 33233, 33442, 33516, 33774, 33859, 34128, 34317, 34686, 34698, 34951, 35780, 36039, 36092, 36224, 36669, 36782, 36955, 37042, 37613, 37758, 37771, 38286, 38521, 38531, 38538, 38881, 39389, 39412, 39436, 39515, 39621, 39786, 39919, 40581, 40753, 41234, 41421, 41459, 41734, 41739, 42070, 42176, 42388, 42772, 43371, 43855, 44077, 44213, 44958, 45092, 45249, 45747, 45759, 45909, 46379, 47345, 47408, 47459, 47469, 47500, 47581, 48356, 48554, 48809, 48845, 49030, 49259, 49378, 49765, 50453, 50482, 50565, 51039, 51378, 51522, 51712, 52856, 53070, 53135, 53229, 53446, 53706, 54261, 54445, 55117, 55244, 55789, 56211, 56605, 56952, 57065, 57074, 57299, 57434, 57510, 57634, 57926, 57991, 58086, 58713, 58715, 59041, 59383, 59455, 59681, 59733, 59853, 59955, 59969, 60197, 60207, 60402, 60854, 61071, 61190, 61533, 61823, 61967, 62700, 62715, 62793, 63022, 63417, 63783, 63828, 63837, 63910, 63964, 64639, 64703, 64765
106, 119, 161, 254, 925, 989, 1033, 1054, 1121, 1237, 1537, 1645, 1861, 2034, 3107, 3302, 3632, 4091, 4607, 4937, 4939, 5464, 5493, 5873, 6059, 6276, 6521, 6827, 7015, 7470, 7511, 8036, 8127, 8576, 8991, 9127, 9154, 9409, 9534, 9669, 10243, 10844, 11000, 11296, 11300, 11719, 12166, 12403, 12587, 12762, 12767, 13241, 13538, 13554, 13662, 13678, 13932, 13966, 14503, 14645, 15346, 16210, 16928, 17128, 17777, 18556, 18598, 18758, 19316, 19324, 19571, 19634, 19764, 19895, 19917, 19943, 20464, 21243, 21506, 21632, 21642, 21914, 21942, 22034, 22062, 22184, 22485, 22651, 23075, 23173, 23697, 23786, 24016, 24093, 24137, 24171, 24982, 25232, 25310, 25392, 25483, 26282, 26429, 26458, 27062, 27113, 27215, 27406, 27470, 27809, 27843, 27863, 27990, 28098, 28617, 28719, 29747, 30052, 30182, 30214, 30272, 30414, 30515, 30557, 31195, 31597, 31638, 31700, 31930, 32506, 32649, 32697, 32916, 33183, 33333, 33610, 33760, 33820, 34067, 34072, 34470, 34620, 34886, 35611, 36518, 36814, 36971, 37180, 37245, 37387, 37535, 37587, 37846, 38358, 38449, 38534, 39286, 39287, 39391, 39453, 39874, 39995, 40036, 40267, 40278, 40364, 40605, 40706, 40734, 41027, 41035, 41259, 41525, 41916, 42722, 42925, 42942, 43109, 43385, 43892, 44143, 44199, 44687, 44825, 44863, 44926, 45430, 45448, 45832, 45855, 46313, 46373, 47202, 47592, 48736, 49089, 49528, 49690, 50259, 50284, 51182, 51313, 51541, 52022, 52273, 52422, 52724, 52758, 52774, 52878, 53019, 53101, 53136, 53554, 53763, 53854, 53995, 54435, 54579, 54695, 54820, 55690, 56063, 56106, 56165, 56425, 56690, 56726, 57076, 57301, 57637, 57806, 58192, 58294, 58311, 58888, 59058, 59076, 59654, 60137, 60157, 60559, 61206, 61293, 62114, 62451, 62682, 62686, 62804, 63094, 63431, 64498, 64887, 65131, 65323, 65529
106, 696, 828, 906, 989, 999, 1039, 1964, 2466, 2816, 2837, 2953, 3930, 4104, 4796, 4826, 4871, 4913, 5460, 5776, 6153, 6168, 6412, 6518, 7028, 7148, 7656, 7854, 7894, 8039, 8123, 8278, 8375, 8427, 8433, 8580, 8792, 8871, 8932, 9308, 9632, 9832, 9960, 10187, 10601, 10857, 11174, 11176, 11348, 11409, 11913, 11926, 12126, 12284, 12407, 13036, 13077, 13102, 13789, 14160, 14192, 14311, 14502, 15135, 15816, 15862, 15898, 16205, 16222, 16373, 16589, 17255, 17727, 17856, 17879, 17939, 18244, 19000, 19334, 19985, 20247, 20590, 20629, 20780, 21146, 21155, 21179, 21298, 22109, 22272, 22383, 22502, 22817, 23046, 23087, 23136, 23347, 23405, 23747, 24137, 24635, 24808, 25048, 25087, 25530, 25836, 25968, 26027, 26213, 26301, 26711, 27007, 27192, 27369, 27371, 27581, 27721, 27930, 27978, 28246, 28307, 28686, 28952, 29897, 29904, 30459, 30865, 30887, 31079, 31163, 31498, 31650, 32126, 32424, 32593, 32641, 32792, 32988, 33164, 33447, 33552, 33635, 33737, 34118, 34264, 34885, 35098, 35144, 35501, 35777, 36182, 36335, 36345, 36426, 36804, 36906, 37264, 37682, 37982, 38087, 38833, 39170, 39209, 39765, 40497, 40508, 41657, 41824, 42686, 42738, 42852, 43462, 43997, 44211, 44415, 44473, 44492, 44541, 45202, 45227, 45531, 45744, 45836, 46106, 46226, 46319, 46736, 46789, 47093, 47129, 48068, 48071, 48293, 48605, 48736, 48761, 49166, 49360, 49466, 50160, 50972, 50975, 51209, 51249, 51361, 51366, 51371, 51663, 51754, 52566, 53007, 53540, 53633, 54307, 55069, 55100, 55345, 55755, 55774, 55840, 56176, 56273, 56283, 56284, 56311, 56407, 56471, 56670, 57790, 57880, 57999, 58186, 58196, 58259, 58469, 58976, 58995, 59058, 59117, 59140, 59178, 60288, 60299, 60362, 60373, 61919, 61934, 62337, 62668, 62968, 63737, 64104, 64138, 64284, 65231, 65383
179, 431, 666, 1226, 1626, 1681, 2065, 2462, 2721, 3203, 3240, 3312, 3494, 3993, 4093, 4750, 4989, 5094, 5125, 5643, 5679, 5751, 5852, 5857, 5962, 6010, 6065, 6735, 6860, 6873, 7222, 7290, 7292, 7766, 8052, 8077, 8916, 9249, 9307, 9571, 9574, 9991, 10339, 10380, 10598, 11189, 11255, 11629, 11673, 11689, 12448, 13502, 13586, 14135, 14188, 14834, 14989, 15036, 15309, 15831, 16047, 16453, 16580, 16679, 17052, 17338, 17579, 17624, 17644, 17785, 18030, 18459, 18792, 19067, 19218, 19429, 19742, 19881, 19976, 20076, 20386, 20609, 20655, 20887, 21159, 21324, 21697, 21738, 21760, 21910, 22119, 22296, 22709, 23067, 23281, 23458, 23606, 23975, 24114, 25460, 26129, 26173, 26539, 26541, 26550, 26834, 26902, 27147, 27202, 27213, 27528, 27617, 27711, 27834, 27951, 27979, 29527, 29554, 29594, 29656, 29823, 29905, 29936, 30666, 31084, 31248, 32015, 32319, 32353, 32457, 32677, 32709, 32877, 32992, 33052, 33393, 33745, 33796, 33969, 34385, 34751, 35099, 35224, 35670, 35791, 36246, 37130, 37326, 37327, 37611, 37848, 37985, 38561, 38676, 38714, 39454, 39698, 39808, 39940, 41879, 42087, 42485, 42517, 42955, 43455, 43662, 43722, 43921, 44287, 44487, 44524, 44907, 45076, 45342, 45360, 45440, 45478, 46074, 46213, 46303, 46588, 46594, 46625, 46743, 46938, 47236, 48269, 48416, 48450, 48632, 48903, 49281, 49329, 50411, 50848, 51285, 51657, 51967, 52017, 52386, 52528, 52665, 52837, 53649, 53763, 53804, 53956, 54260, 54545, 54941, 55064, 55414, 55892, 55992, 56093, 56348, 56558, 56599, 56632, 56707, 56945, 57361, 57452, 58319, 58756, 59186, 59646, 59669, 59737, 59846, 59986, 60477, 60530, 60559, 60701, 61736, 61988, 62041, 62123, 62460, 62978, 63181, 63245, 63250, 63287, 63366, 63513, 63726, 64085, 64124, 64230, 64414, 64667, 64675, 64999, 65431
113, 210, 476, 580, 613, 1077, 1481, 1705, 1754, 2126, 2522, 3096, 3262, 3300, 3387, 3438, 3565, 3827, 3880, 4025, 4316, 4742, 4904, 5314, 5644, 5705, 5791, 6163, 6617, 6811, 6994, 7504, 8358, 8743, 9212, 9437, 9772, 10006, 10081, 10385, 10821, 10882, 11021, 11211, 11777, 11875, 12266, 12464, 12547, 12808, 12930, 13016, 13037, 13160, 13192, 13289, 13366, 13441, 13726, 13734, 13927, 14561, 14961, 14993, 15182, 15351, 15418, 16146, 16180, 16374, 16688, 17149, 17238, 17251, 17804, 17850, 18936, 18999, 19819, 19845, 19924, 19959, 20693, 20877, 21111, 21340, 21437, 21477, 21770, 22103, 22115, 22181, 22214, 22476, 23316, 23495, 23556, 23735, 23967, 24293, 24331, 24940, 25042, 25208, 25306, 26186, 26599, 27155, 27699, 27807, 27820, 27827, 28020, 28217, 28377, 28411, 29347, 29433, 29437, 29738, 29754, 29965, 31104, 31232, 31759, 31769, 31960, 31967, 32658, 32677, 32825, 32904, 32915, 33314, 33644, 33646, 33900, 34083, 34230, 34458, 34511, 35171, 35201, 35345, 35380, 35389, 35504, 35580, 36113, 36279, 36405, 36555, 36996, 37091, 37240, 37553, 37634, 37937, 38105, 38974, 39086, 39246, 39363, 39383, 39623, 39869, 40180, 40952, 41686, 41696, 42006, 42109, 42228, 43582, 43694, 43892, 44477, 44628, 45233, 45299, 46212, 46940, 47250, 47340, 47413, 47764, 47904, 47909, 48241, 48667, 48981, 49053, 49090, 49381, 49461, 49671, 49689, 49859, 49984, 50021, 51543, 51921, 52032, 52275, 52954, 53167, 53175, 53265, 53662, 53771, 53821, 53938, 54205, 54208, 54705, 54739, 54748, 54871, 55483, 55584, 55694, 55825, 55872, 55997, 56244, 56327, 56686, 57018, 57206, 57306, 57416, 58090, 58745, 58802, 58850, 59406, 60084, 60415, 60618, 60874, 61451, 61815, 62062, 62306, 62453, 62879, 62881, 62907, 63152, 63362, 64157, 64271, 64518, 64542, 64557, 65179
358, 862, 875, 1031, 1086, 1798, 2110, 2285, 2474, 2571, 2786, 2873, 3750, 3854, 4277, 4564, 5309, 5366, 5402, 5519, 5778, 5838, 6166, 6333, 6835, 7250, 7701, 7787, 8017, 8477, 8672, 8725, 8988, 9182, 9344, 9508, 9999, 10291, 10780, 10901, 11017, 11721, 11750, 12205, 12402, 12553, 12748, 13244, 13326, 13534, 13565, 13595, 13627, 14328, 14584, 14625, 14831, 15000, 15214, 15216, 15279, 15551, 15619, 15930, 16465, 16640, 16715, 16730, 17244, 17503, 17712, 17966, 18216, 18607, 18887, 19233, 19538, 19620, 19725, 20208, 20318, 20381, 20692, 20914, 21313, 22204, 22231, 22335, 22696, 23161, 23370, 23404, 23680, 24100, 24129, 24139, 24292, 24558, 24673, 25058, 25100, 25653, 25960, 26063, 26407, 26659, 26692, 27127, 27928, 28003, 28180, 28222, 28365, 28377, 28513, 28589, 28891, 29197, 29275, 29373, 29398, 29549, 30117, 30150, 30768, 30891, 31106, 31337, 31344, 31844, 32106, 32119, 32158, 32480, 32975, 32984, 33233, 33476, 33599, 33909, 34196, 34306, 34392, 34609, 34662, 34789, 35832, 35917, 35939, 36616, 36746, 36901, 37273, 37339, 37632, 37667, 38296, 38349, 38624, 38693, 38704, 38975, 39080, 39431, 40051, 40623, 40807, 40817, 40856, 40870, 41169, 41264, 41288, 41538, 41705, 41985, 42172, 43208, 43405, 43539, 43627, 43654, 43941, 44013, 44015, 44504, 44506, 44658, 44661, 45150, 46262, 46357, 47297, 47748, 47756, 48122, 48466, 48501, 48993, 49602, 49625, 49753, 49793, 50107, 50489, 51622, 52107, 52531, 52861, 53313, 53979, 54163, 54224, 54346, 54623, 55629, 55871, 55968, 56124, 56219, 56285, 56537, 56640, 56829, 56882, 57000, 57828, 57970, 58109, 58532, 58918, 59255, 59388, 59759, 59803, 59950, 60060, 60120, 60271, 60741, 60795, 61321, 61693, 61737, 62437, 62477, 62592, 62644, 63279, 63402, 63516, 64597, 64893, 65210, 65311, 65450
1299, 1702, 1847, 1912, 2079, 2266, 2528, 2817, 3122, 4104, 4144, 4167, 5115, 5200, 5569, 5655, 5789, 5933, 5949, 6281, 6460, 6554, 6830, 7344, 7404, 7966, 7998, 8053, 8399, 8712, 8732, 9541, 9772, 9902, 10238, 10408, 10700, 10927, 11030, 11216, 11613, 11756, 11918, 12715, 12785, 12944, 13094, 13700, 14291, 14423, 14474, 14561, 14636, 14827, 14995, 15246, 15500, 15734, 15735, 16013, 16480, 16491, 16512, 16656, 16761, 17036, 17122, 17481, 17733, 18157, 18559, 19019, 19298, 20085, 20313, 21257, 21858, 22093, 23172, 23447, 24424, 24730, 24926, 25057, 25323, 25625, 26513, 26539, 26656, 26779, 27455, 27466, 28241, 28332, 28370, 28402, 28431, 28446, 28663, 28834, 29243, 29423, 29663, 29697, 29703, 29825, 30399, 30791, 31113, 31850, 32005, 32019, 32554, 32975, 33134, 33152, 33244, 34126, 34365, 34445, 34664, 34936, 34970, 35120, 35290, 35303, 35380, 35536, 35942, 36120, 36149, 36343, 36714, 36724, 37129, 37420, 37458, 37471, 37509, 37631, 37637, 37917, 38119, 38209, 38321, 38442, 38471, 38560, 38645, 39031, 39472, 39900, 40056, 40546, 40569, 40677, 40808, 41815, 41852, 41853, 42398, 42994, 43200, 43235, 43620, 43720, 43751, 43786, 44180, 44415, 44861, 45587, 45592, 45676, 46369, 46548, 46773, 47186, 47407, 47557, 47630, 47728, 47856, 48248, 48353, 48444, 48962, 49430, 49570, 49664, 49762, 49796, 49915, 50310, 50479, 50918, 50962, 51184, 51209, 51873, 52010, 52347, 53073, 53226, 53574, 53948, 54002, 54088, 54426, 54608, 54748, 54811, 56006, 56459, 56612, 56704, 57050, 57127, 57336, 57634, 58043, 58158, 58549, 58573, 58712, 58787, 58958, 58961, 59040, 59446, 59587, 59667, 59791, 60148, 60383, 60674, 60951, 62029, 62388, 62592, 62681, 62834, 62953, 62988, 63038, 63109, 63163, 63502, 63533, 63890, 64540, 64678, 64775, 64943, 65189, 65381
50, 55, 158, 269, 772, 807, 1017, 1054, 1779, 1975, 2147, 2332, 2385, 2676, 3067, 3364, 3756, 4034, 4214, 4224, 4381, 5316, 6067, 6175, 6193, 6367, 6378, 6656, 6752, 6787, 7899, 8040, 8643, 8862, 8918, 9246, 9444, 9807, 9906, 10404, 10772, 10924, 11150, 11480, 11649, 11660, 11713, 11718, 11724, 12432, 13218, 13339, 13910, 13953, 14490, 14512, 14577, 15570, 15637, 15639, 15972, 16375, 16400, 16489, 16733, 16770, 17460, 17525, 17968, 18275, 18467, 18601, 18667, 18797, 18904, 19106, 19686, 19835, 20445, 20616, 20737, 21041, 21145, 21265, 21360, 22376, 22444, 22553, 22748, 23473, 23541, 23568, 23621, 23665, 24143, 24370, 25218, 25481, 25822, 26052, 26347, 26400, 26522, 26900, 26966, 27110, 27151, 27346, 27890, 28090, 28294, 28637, 29117, 29363, 29518, 29806, 30808, 30826, 31702, 31756, 32086, 32462, 32516, 32738, 33071, 33334, 33363, 33644, 33690, 34272, 34816, 34836, 34918, 34962, 35008, 35926, 36887, 36967, 37364, 37713, 37874, 38199, 38431, 38914, 39266, 39276, 39902, 40328, 40398, 40467, 40498, 40647, 40658, 40678, 40830, 41027, 41338, 41472, 41486, 41546, 42223, 42255, 42446, 43244, 43533, 43971, 44221, 44387, 45320, 45421, 45432, 45527, 45706, 45730, 45810, 45969, 46290, 46338, 46601, 46775, 46874, 47137, 47153, 47784, 48379, 48616, 48660, 48972, 49197, 49734, 49790, 50530, 50553, 50659, 50880, 51215, 51347, 51563, 52016, 52183, 52248, 52258, 52442, 52605, 52619, 52665, 53026, 53079, 53477, 53553, 53595, 54369, 55074, 55148, 55847, 56117, 56292, 56676, 56927, 56961, 56987, 57007, 57009, 57456, 57568, 57903, 58156, 58291, 58685, 58861, 59134, 59144, 59253, 59429, 59488, 60009, 60149, 60743, 60793, 60847, 61009, 61116, 61508, 61536, 61815, 62799, 62935, 62986, 63440, 63531, 64226, 64252, 64626, 64799, 64829, 65165
313, 421, 805, 1179, 1266, 1360, 1379, 1539, 1769, 1780, 1830, 2160, 2357, 2476, 2881, 3077, 3150, 3159, 3834, 4219, 4707, 4746, 5100, 5115, 5840, 6988, 7459, 7847, 8415, 8473, 8876, 8950, 9041, 9595, 10160, 10429, 10624, 11272, 11324, 11743, 11803, 12031, 12492, 12686, 12711, 12894, 13100, 13615, 13998, 14270, 14581, 14772, 15070, 16441, 16542, 16596, 17021, 17284, 17662, 18106, 18622, 18654, 18710, 20428, 21051, 21144, 22411, 22588, 22746, 23252, 23264, 23332, 23804, 23822, 23823, 24030, 24167, 24446, 24521, 24784, 24983, 25693, 26789, 26918, 27351, 27536, 27646, 27736, 27840, 28006, 28105, 28173, 28495, 28749, 28817, 28907, 29197, 29534, 29568, 29688, 29798, 30072, 30676, 30738, 30747, 30889, 31028, 31170, 31502, 31688, 31728, 32017, 32124, 32206, 32863, 33126, 33389, 33776, 33877, 33922, 34378, 34442, 35096, 35148, 35187, 35532, 35620, 35688, 36382, 36543, 36750, 36806, 36876, 37374, 37421, 37594, 37603, 37604, 37704, 37721, 37800, 37870, 38002, 38165, 38343, 38554, 38604, 38852, 39207, 39271, 39303, 39621, 39639, 39910, 40358, 40721, 40732, 40821, 41254, 41366, 41527, 41548, 41633, 41916, 41971, 42396, 42871, 42961, 42976, 43125, 43301, 43496, 43668, 43804, 45012, 46144, 46577, 47224, 47331, 47348, 47665, 48193, 48240, 49004, 49043, 49523, 49542, 49633, 50036, 50170, 50214, 50289, 50569, 50751, 51143, 51331, 51337, 51377, 52380, 53077, 53245, 53319, 53470, 53942, 53956, 54052, 54238, 54305, 54486, 54595, 54827, 54961, 55147, 55238, 55620, 55693, 55770, 55820, 56344, 56553, 57325, 57666, 58330, 58510, 58607, 58740, 58965, 58967, 59061, 59773, 59849, 59857, 59925, 60133, 60265, 60307, 60453, 60598, 60899, 61344, 61356, 61366, 61438, 62030, 62093, 62421, 62591, 63150, 63156, 63578, 63723, 64001, 64044, 64795, 65199, 65403
130, 405, 499, 969, 994, 1051, 1072, 1692, 1922, 2147, 3239, 3395, 3471, 3560, 4176, 4177, 4279, 4395, 4804, 5193, 5593, 6107, 6449, 6548, 7525, 7561, 7654, 7692, 7704, 8082, 8120, 8300, 8545, 8633, 8752, 9098, 9292, 9308, 9411, 9878, 10359, 10459, 10620, 10642, 10974, 11613, 12257, 12477, 12905, 13164, 13428, 14079, 15033, 15722, 15769, 16288, 16320, 16896, 17080, 17120, 17309, 17397, 17615, 17754, 17899, 18066, 18470, 19017, 19232, 19281, 19601, 20169, 20384, 20416, 20581, 21129, 21154, 21176, 22214, 22502, 22665, 22906, 23301, 23823, 23947, 24344, 24707, 25323, 25434, 25507, 25551, 25633, 25676, 25909, 26279, 26476, 26731, 26796, 27379, 27471, 27665, 28004, 28463, 28464, 29165, 29637, 29983, 30673, 30827, 31036, 31099, 31375, 31592, 31720, 32287, 32401, 32507, 32756, 32844, 33483, 33818, 33918, 34131, 34426, 34878, 35126, 35495, 35641, 35898, 35932, 36734, 37020, 37432, 37596, 37631, 37657, 37760, 37765, 37864, 38077, 38317, 38442, 39269, 39600, 39804, 40609, 40617, 40668, 40946, 41073, 41151, 41167, 41598, 41790, 41979, 41993, 42051, 42162, 42280, 42363, 43184, 43758, 43979, 44407, 44481, 44960, 44971, 45046, 45352, 45422, 45429, 45799, 45897, 45999, 46416, 46661, 46778, 46869, 46922, 46954, 47302, 47934, 48241, 48411, 48453, 48597, 48827, 49052, 49235, 49913, 50146, 50518, 50653, 51098, 51262, 51316, 51325, 51650, 52028, 52256, 52333, 52583, 52725, 53092, 53547, 53932, 54104, 54178, 54340, 54441, 54873, 54900, 55035, 55160, 55270, 55323, 56014, 56464, 56686, 56905, 57115, 57180, 57285, 57407, 57798, 57955, 58513, 58568, 58635, 58691, 59214, 59485, 59624, 60005, 60565, 60661, 61018, 61096, 61311, 61511, 62229, 62470, 62715, 62762, 62822, 62848, 62853, 62975, 63056, 63136, 63234, 63331, 64037, 64218, 64254, 65323
44, 147, 229, 527, 723, 902, 1074, 2705, 3021, 3661, 3758, 4007, 4011, 4356, 4560, 4652, 5334, 5697, 6202, 6252, 6425, 6501, 6743, 6816, 6926, 7703, 7745, 8982, 9225, 9283, 9561, 9711, 9813, 10188, 10477, 10653, 10902, 11111, 11158, 11187, 11426, 11700, 11823, 11838, 12082, 12108, 12140, 12545, 12791, 12996, 13126, 13428, 13863, 14767, 14931, 15398, 15717, 15730, 15952, 16121, 16652, 16961, 17085, 17105, 17493, 17555, 17933, 18281, 18295, 18515, 19272, 19301, 19525, 19625, 20022, 20330, 20896, 21004, 21481, 21628, 21730, 21792, 22040, 22065, 22161, 22315, 22346, 22392, 22730, 22979, 23010, 23559, 23815, 24256, 24539, 24929, 24957, 25053, 25304, 25519, 25606, 26102, 26148, 26210, 26525, 26608, 26718, 26763, 26871, 27179, 27312, 27398, 27449, 27587, 28230, 28671, 28832, 29024, 29073, 29108, 29398, 29459, 29590, 29820, 29839, 30210, 30236, 30343, 30619, 31283, 31402, 31457, 31742, 31872, 32208, 32742, 33187, 34015, 34082, 34158, 34241, 34367, 34823, 34925, 34980, 35246, 35386, 35583, 35911, 36352, 36663, 36729, 38210, 38365, 38379, 39033, 39128, 39949, 40114, 40192, 40673, 41119, 41189, 41677, 41875, 41992, 42013, 42023, 42027, 42202, 42317, 42494, 42708, 42839, 42961, 43082, 43382, 43493, 44330, 44407, 44447, 44530, 44714, 44752, 45034, 45208, 45501, 46482, 46587, 46954, 47002, 47540, 47650, 48268, 48697, 48828, 50422, 50678, 51001, 51032, 51361, 51561, 51995, 52149, 52391, 52775, 52785, 52836, 53395, 53678, 53682, 53684, 53832, 54026, 54508, 54925, 55035, 55253, 55265, 55721, 55784, 56083, 56269, 56276, 56470, 56654, 57109, 57385, 57903, 58397, 58730, 58832, 58979, 59140, 59268, 59531, 59660, 60108, 60231, 60636, 61192, 61553, 62174, 62253, 62390, 62601, 63154, 63915, 64098, 64556, 64791, 64837, 64855, 65038, 65145, 65335
1, 130, 226, 784, 902, 1208, 1307, 1325, 1382, 1404, 1427, 1762, 1994, 3194, 3201, 3989, 3993, 4043, 4193, 4274, 4737, 4909, 5243, 5476, 5547, 5827, 5919, 6360, 6505, 6672, 6829, 7551, 7727, 7963, 8225, 8550, 9078, 9085, 9236, 9241, 9303, 9846, 9883, 10317, 10558, 10672, 10727, 10860, 11181, 11185, 11639, 13087, 13140, 13247, 14632, 14832, 15304, 15460, 15482, 16004, 16235, 16292, 16613, 16791, 17036, 17317, 17574, 18080, 18098, 18798, 18834, 19428, 19925, 20172, 20271, 20540, 20864, 20881, 20954, 20985, 21165, 21837, 21908, 22052, 22395, 22421, 22538, 22565, 22619, 22717, 22972, 23421, 23735, 23843, 24251, 24547, 24914, 25012, 25094, 26646, 26824, 26857, 26923, 27043, 27197, 27910, 28078, 28160, 28602, 28792, 28823, 29323, 29793, 30365, 30778, 30901, 30936, 31406, 31435, 31704, 32373, 32402, 32500, 32510, 32686, 32768, 32791, 32796, 33106, 33834, 34041, 34750, 34936, 34954, 35769, 35968, 36106, 36249, 37030, 37141, 37230, 37629, 37678, 37739, 37968, 38046, 38319, 38434, 38514, 38617, 39039, 39171, 39439, 39506, 39733, 39854, 39916, 40169, 40212, 40497, 41117, 41246, 41692, 42116, 42723, 42931, 43084, 43217, 43509, 43541, 43652, 45227, 45276, 45913, 46602, 46874, 47126, 47168, 47244, 47247, 47357, 47513, 47756, 47945, 48307, 48349, 48591, 48722, 48853, 48912, 49345, 49347, 49422, 49475, 49597, 49844, 50311, 50339, 50991, 51560, 51866, 51922, 52348, 52862, 52940, 53202, 53294, 53657, 54086, 54267, 54286, 54626, 54647, 54685, 54791, 55150, 55598, 55919, 56113, 56574, 56764, 56914, 57016, 57059, 57302, 57523, 57802, 57914, 58098, 58510, 58983, 59019, 59147, 60134, 60855, 60965, 61514, 62271, 62456, 62636, 62812, 63073, 63245, 63319, 63474, 63723, 63825, 64115, 64320, 64397, 64490, 64614, 64864, 65053, 65384, 65469
620, 1109, 1729, 1937, 2700, 3019, 3128, 3499, 3598, 3707, 3710, 3797, 4126, 4272, 4458, 4654, 5504, 5601, 5727, 6183, 6457, 6663, 6906, 6907, 7257, 7484, 7714, 7821, 7957, 8127, 8498, 8577, 8758, 8786, 8911, 9183, 9555, 9800, 9952, 10376, 10507, 11326, 11707, 12128, 12389, 12965, 13467, 13471, 13837, 14169, 14264, 14345, 14798, 15140, 15269, 15272, 15521, 15557, 15793, 16079, 16183, 16285, 16497, 16815, 17628, 18104, 18149, 18469, 18769, 19372, 19444, 19639, 19646, 19773, 20182, 20281, 20345, 20354, 20362, 20600, 20603, 20627, 21302, 21665, 21683, 22219, 22407, 22578, 23345, 23484, 23524, 23640, 23700, 23746, 24129, 24948, 25145, 25277, 25613, 25705, 25728, 25879, 25908, 25965, 26306, 27199, 27315, 27585, 28005, 28142, 28210, 28465, 28489, 28570, 28642, 28705, 28751, 29071, 29297, 29369, 29392, 29890, 29927, 30050, 30197, 30360, 30471, 30505, 30967, 31140, 31736, 31938, 32026, 32349, 32427, 32680, 32820, 33113, 33328, 33434, 33604, 33827, 33838, 34340, 34395, 34714, 35668, 35937, 36123, 36411, 36590, 36945, 37445, 38009, 38284, 38405, 38457, 38744, 39725, 40248, 40727, 40859, 41202, 41210, 41234, 41554, 41588, 42154, 42189, 42228, 42935, 43364, 43594, 43740, 43742, 43955, 43975, 44002, 44807, 45255, 45677, 46021, 46145, 46168, 46435, 46653, 46847, 46927, 47288, 47838, 47942, 48295, 48456, 48840, 49068, 49989, 50445, 50530, 50725, 51111, 51679, 51768, 52043, 52106, 52116, 52537, 52625, 52890, 52970, 53186, 55073, 55236, 55583, 55709, 56044, 56301, 56367, 56559, 57532, 57598, 57859, 58322, 58683, 58715, 58993, 59261, 59281, 59304, 59377, 59881, 59950, 60139, 60231, 60793, 60855, 60864, 61031, 61349, 61526, 61544, 62365, 62439, 62777, 63259, 63420, 63719, 63727, 64242, 64419, 64882, 65078, 65253, 65303, 65305, 65409, 65458
207, 488, 737, 1250, 1432, 1563, 1762, 2109, 2125, 2281, 2649, 2661, 2667, 3016, 3336, 3654, 3797, 4023, 4081, 4145, 4150, 4526, 4768, 4856, 5237, 5382, 5470, 5577, 6235, 6298, 7061, 7485, 7760, 7814, 8422, 8512, 8515, 8593, 8728, 8947, 8952, 9054, 9334, 9369, 9586, 9703, 9791, 10129, 10207, 10288, 10420, 10975, 11048, 11182, 11229, 11735, 12037, 12131, 12515, 12756, 12937, 13128, 14350, 14994, 15281, 15938, 16090, 16293, 16452, 16653, 16822, 16993, 17321, 17329, 17387, 17426, 17585, 17597, 17837, 18013, 18510, 18557, 18819, 19116, 19228, 19268, 19666, 20389, 20669, 20697, 21052, 21061, 21426, 21720, 21858, 21947, 22198, 22504, 22613, 23001, 23142, 23190, 23232, 23440, 23531, 24239, 24576, 24685, 24877, 24959, 26315, 26509, 26638, 26683, 28022, 28236, 28662, 29007, 29122, 29195, 29224, 29645, 30083, 30130, 30705, 31586, 31600, 31603, 31818, 31914, 32034, 32430, 32852, 34002, 34020, 34058, 34185, 34303, 34469, 34724, 34727, 34972, 35421, 35747, 35783, 35837, 36281, 36356, 36437, 36445, 36629, 36739, 36766, 36896, 37132, 37373, 37623, 37921, 38980, 38993, 39875, 39948, 39961, 40304, 40469, 40473, 40586, 40688, 40975, 41590, 41742, 42516, 42677, 43823, 43837, 43882, 43889, 43965, 44212, 44358, 44396, 44792, 44893, 45042, 45438, 45774, 45851, 46232, 46732, 47513, 48161, 48581, 48693, 48809, 48977, 49265, 49320, 50036, 50415, 50643, 50937, 50971, 50992, 51116, 51390, 51518, 51610, 51858, 51951, 51994, 52210, 52258, 52666, 52779, 53882, 54056, 54564, 55045, 55054, 55836, 55847, 55866, 55940, 56332, 56937, 56945, 57134, 57289, 57325, 58006, 58214, 58270, 59132, 59346, 59572, 59691, 59751, 59864, 60072, 61028, 61266, 61470, 61841, 62222, 62348, 62570, 62635, 62960, 62968, 63683, 64257, 64470, 64865, 65064, 65504, 65507
51, 302, 523, 548, 575, 758, 1154, 1183, 1789, 1911, 2465, 2600, 2613, 2874, 3014, 3047, 3072, 3176, 3186, 3435, 3659, 3705, 5195, 5302, 5543, 5942, 6379, 6712, 6831, 6874, 7073, 7289, 7560, 7581, 8126, 8164, 8524, 9664, 9706, 9937, 10113, 10275, 10794, 11287, 11486, 11712, 11865, 12004, 12042, 12094, 12390, 12561, 13055, 13194, 13230, 13494, 13749, 14382, 14963, 15003, 15113, 15139, 15193, 15396, 15398, 15577, 15642, 15651, 15690, 15942, 16229, 16344, 16581, 16896, 17062, 17680, 17805, 18097, 18108, 18160, 18408, 18701, 18768, 18833, 19585, 19746, 19862, 19894, 19938, 20082, 20267, 21427, 21775, 21947, 21997, 22710, 22942, 23060, 23707, 25765, 25807, 25816, 25936, 25963, 26462, 26762, 26966, 27127, 27152, 27362, 27556, 28299, 28332, 29007, 29130, 29450, 30077, 30335, 30907, 30980, 31499, 31607, 31660, 31756, 31774, 31909, 32522, 34050, 34066, 34075, 34141, 34385, 34582, 34609, 34648, 35160, 35719, 35781, 36209, 36450, 36802, 37576, 37751, 37820, 38170, 38178, 38801, 38828, 39069, 39576, 39725, 39774, 39829, 39836, 39874, 39880, 39983, 40113, 40258, 40401, 40828, 40860, 40924, 40952, 41534, 41556, 41691, 41918, 41928, 42777, 43313, 43464, 43740, 43875, 43909, 44230, 44933, 44989, 45321, 45376, 45408, 45496, 45530, 46190, 47046, 47442, 47602, 48539, 48758, 48826, 49215, 49674, 49824, 50369, 50924, 51034, 51335, 51430, 51708, 51772, 51823, 53093, 53137, 53204, 53411, 53727, 54065, 54107, 54292, 54307, 54412, 54656, 54666, 54849, 55483, 55865, 55935, 56143, 56234, 56250, 56359, 56468, 56523, 57644, 57728, 58076, 58206, 58462, 58512, 58920, 59055, 59064, 59139, 59672, 59819, 59921, 60045, 60474, 60830, 60902, 61193, 61307, 61568, 61715, 62095, 62831, 63134, 63170, 63282, 63417, 63567, 63891, 64110, 64703, 64802, 65304
75, 142, 410, 703, 785, 845, 1102, 1390, 1666, 1751, 2247, 2348, 2420, 2711, 2793, 2941, 3368, 3529, 4314, 4506, 4688, 4695, 5156, 5250, 5850, 5968, 6002, 6114, 6279, 6831, 6858, 7132, 7410, 7463, 7554, 7814, 8105, 8651, 8718, 8863, 9177, 9186, 9640, 9719, 9862, 9952, 10321, 10461, 10553, 10699, 10822, 11329, 11436, 11571, 12005, 12320, 12486, 12654, 13591, 13711, 14007, 14109, 14160, 14856, 15044, 15499, 15889, 16040, 16214, 16399, 16526, 16882, 16938, 17301, 17678, 17789, 18496, 19296, 19410, 19698, 19955, 19964, 20289, 20408, 20453, 20464, 20796, 20824, 21239, 21401, 21597, 22388, 22418, 22572, 22730, 22800, 22889, 23048, 23566, 23671, 23697, 24319, 24390, 24405, 24756, 24784, 24960, 25099, 25816, 26092, 26199, 26661, 27182, 27305, 27613, 27676, 28147, 28193, 28568, 28767, 30200, 30278, 30334, 30601, 30818, 31116, 31345, 31955, 32022, 32521, 33015, 33224, 33290, 33457, 33789, 33798, 34424, 34547, 34775, 34881, 35082, 35327, 35355, 36010, 36419, 36553, 38295, 38734, 39006, 39107, 39506, 40344, 40742, 40859, 40963, 40969, 41090, 41834, 42156, 42435, 42510, 43149, 43183, 43497, 44069, 44120, 44187, 44210, 44934, 45574, 45613, 46143, 46176, 46187, 46241, 46422, 46540, 46636, 47208, 47355, 47484, 47509, 47890, 48427, 48788, 48850, 49159, 49976, 50079, 50514, 50642, 50800, 50875, 51154, 52523, 52921, 53015, 53273, 53335, 53616, 53914, 54069, 54234, 54401, 54465, 54504, 54508, 54677, 54786, 54825, 54987, 54994, 55071, 55610, 55668, 55737, 55972, 56089, 56197, 56454, 56912, 57087, 57450, 57741, 57762, 57778, 57847, 58234, 58253, 58341, 58918, 59252, 59542, 60095, 60352, 60387, 60558, 60866, 61133, 61198, 61904, 62284, 62693, 62699, 63467, 63500, 63906, 63960, 64043, 64319, 64401, 64709, 65055, 65272, 65295, 65398
451, 631, 896, 941, 963, 1451, 1497, 1865, 2027, 2275, 2443, 2509, 3084, 3534, 3566, 3604, 3760, 3779, 3871, 4444, 4461, 4532, 5223, 5264, 5347, 5415, 5748, 5768, 6526, 6750, 6857, 6967, 7321, 7502, 7662, 7835, 8203, 8258, 8468, 8683, 8997, 9342, 9404, 10087, 10113, 10539, 11524, 11777, 11876, 11993, 12041, 12435, 12790, 12998, 13071, 13364, 14101, 14482, 14675, 14840, 15226, 15324, 15457, 15956, 17123, 17287, 17330, 17806, 18581, 19349, 19534, 19537, 19683, 19959, 20100, 20608, 21209, 21237, 21491, 21537, 21674, 21877, 22400, 22691, 22824, 23166, 23267, 23416, 23545, 23632, 23716, 23870, 24747, 24968, 25099, 25111, 25228, 25251, 25457, 25596, 25836, 25919, 26286, 26383, 27535, 27581, 27820, 28298, 28491, 29290, 29304, 29784, 29951, 30438, 30633, 30951, 31280, 31286, 31426, 31936, 32029, 32034, 32426, 32749, 32942, 32977, 33274, 33670, 33673, 33705, 34004, 34200, 34287, 34378, 35226, 35780, 35946, 36218, 36500, 36719, 36922, 37816, 38481, 39190, 39734, 39767, 40034, 40282, 40565, 41644, 42215, 42437, 42753, 42847, 42886, 42921, 42924, 43049, 43301, 43397, 44067, 44110, 44402, 44536, 44752, 44821, 44832, 44969, 44973, 45353, 45396, 45476, 45636, 46616, 47273, 47436, 47956, 48113, 48119, 48449, 48467, 48857, 49049, 49166, 49183, 49776, 49870, 49958, 50074, 50200, 50216, 50563, 50898, 50944, 51411, 51418, 51429, 51535, 51714, 51900, 52156, 52330, 52335, 52444, 52530, 52674, 52950, 53045, 53118, 53189, 53250, 53294, 53332, 53867, 53987, 54035, 54516, 54550, 54939, 55345, 55684, 55988, 56139, 56173, 56240, 56267, 56473, 57433, 57542, 57807, 57873, 57955, 58213, 58604, 58986, 59156, 59347, 59424, 60024, 60877, 60965, 61176, 61451, 61486, 61680, 62154, 62189, 62407, 62570, 62995, 63078, 63138, 63193, 64104, 64391, 64493
1079, 1160, 1440, 1798, 1921, 2229, 2891, 3295, 3447, 3487, 3589, 3857, 4912, 5296, 5411, 5423, 5465, 5724, 5779, 5835, 6018, 6082, 6130, 6147, 6277, 6755, 6786, 7078, 7183, 7362, 7463, 7670, 7696, 7761, 7773, 7790, 7855, 8139, 8154, 8488, 9012, 9043, 9229, 9563, 10309, 10319, 10362, 10498, 10799, 10910, 11448, 11856, 12375, 12575, 12742, 12777, 12979, 13179, 13586, 13591, 13815, 14461, 14491, 14962, 15225, 15357, 15532, 15734, 15808, 15867, 16059, 16106, 16162, 16321, 16561, 16816, 16997, 17026, 17083, 17112, 17137, 17295, 17412, 17689, 17736, 18471, 18653, 18672, 18943, 19052, 19160, 19240, 19314, 19576, 19725, 20133, 20296, 20585, 20890, 21144, 21310, 21538, 21690, 21736, 21894, 22468, 22574, 22757, 23042, 23088, 23148, 23272, 24721, 25003, 25022, 25057, 25741, 25958, 26001, 26053, 26308, 26426, 26904, 27072, 28285, 28383, 28642, 28745, 29473, 29887, 30126, 30384, 30451, 30473, 30696, 30705, 30913, 30933, 31115, 31242, 31336, 31476, 31647, 31651, 31785, 32161, 32234, 32352, 32529, 33456, 33513, 33532, 33678, 33960, 34366, 34958, 35030, 35280, 35841, 36806, 36948, 37140, 37617, 38103, 38537, 38922, 38934, 38979, 39159, 39178, 39224, 39391, 39425, 39485, 39598, 40052, 40187, 40495, 40902, 41562, 41665, 42600, 42773, 43456, 43621, 43676, 43906, 43916, 44391, 44581, 45183, 45503, 45703, 45980, 46062, 46982, 47042, 47480, 47770, 48149, 48151, 48465, 49055, 49080, 49163, 49469, 49759, 50672, 51674, 52038, 52161, 52493, 52604, 52697, 52826, 52900, 52998, 53377, 53719, 54556, 54751, 56257, 57108, 57146, 57337, 57826, 57908, 57912, 58139, 58664, 58696, 59139, 59665, 60290, 60934, 61246, 61637, 61796, 61859, 61963, 62165, 62273, 62517, 62566, 62866, 62904, 63175, 63352, 63581, 63972, 64725, 64831, 65031, 65050, 65079, 65343
61, 481, 752, 1096, 1360, 1648, 1788, 2084, 3029, 3045, 3376, 4261, 4305, 4468, 5057, 5282, 5675, 5841, 5902, 5928, 6445, 6550, 6582, 6869, 7154, 7470, 7694, 7781, 8224, 8491, 8565, 8641, 8864, 8865, 9015, 9032, 9500, 9676, 9768, 9910, 10381, 10397, 10498, 11212, 11322, 12050, 13327, 13570, 13601, 14318, 14329, 14354, 14630, 15103, 15166, 15345, 15491, 15547, 15901, 15980, 16435, 16497, 16644, 16825, 17342, 17594, 17945, 17988, 18927, 19075, 19343, 19493, 19600, 19883, 19958, 20084, 20170, 20478, 20887, 20988, 21086, 21443, 21682, 21930, 22040, 22456, 22817, 22933, 23036, 23541, 23609, 24276, 24370, 24440, 24667, 24999, 25164, 25485, 25545, 25834, 25880, 25974, 26761, 27296, 27482, 27649, 27992, 28093, 28119, 28125, 28148, 28383, 28725, 28938, 29016, 29288, 29728, 29782, 30007, 30361, 30541, 30900, 30992, 31311, 32175, 33131, 33245, 33484, 33632, 33950, 34097, 34229, 34661, 35104, 35262, 35573, 35678, 35853, 36016, 36100, 36171, 36238, 36806, 36870, 37049, 37292, 37366, 37844, 37909, 38157, 38300, 39071, 39357, 39656, 39704, 39791, 40007, 40388, 40389, 40894, 41548, 42554, 42655, 42666, 42823, 42891, 42995, 43213, 43636, 43756, 43975, 44338, 44760, 45005, 45170, 45194, 45263, 45764, 46119, 46226, 46466, 46608, 46762, 46792, 47418, 47700, 48006, 48062, 48303, 48328, 48330, 48391, 48464, 48509, 48524, 48636, 48643, 48971, 49380, 49640, 50849, 51549, 51554, 51746, 52226, 52910, 52945, 54019, 54410, 55038, 55166, 55369, 55472, 55704, 55833, 56062, 56212, 56601, 56777, 56889, 56903, 57204, 57530, 57868, 58733, 58881, 59343, 59621, 59821, 60325, 60396, 60565, 60686, 61543, 61860, 61998, 62312, 62418, 62533, 62536, 62890, 63111, 63306, 63777, 64046, 64142, 64154, 64286, 64536, 64728, 64800, 64971, 65116, 65170, 65190, 65480
15, 52, 733, 973, 1010, 1054, 2286, 2794, 2904, 3890, 4007, 4056, 4089, 4492, 4884, 5213, 5238, 5849, 6279, 6495, 7537, 7541, 7580, 7610, 7617, 7787, 7940, 8184, 8415, 8485, 8579, 8766, 8852, 8965, 9087, 9115, 9242, 9515, 9656, 9738, 9877, 10409, 10431, 10510, 11233, 11495, 11566, 11573, 12123, 12281, 12293, 12682, 13418, 13694, 13724, 13823, 13892, 13945, 14003, 14826, 15194, 16294, 16573, 16648, 16717, 16814, 17062, 17825, 18166, 18515, 18552, 18857, 18924, 19209, 19268, 19314, 19429, 19524, 19931, 20203, 20734, 20810, 21134, 21168, 21219, 21268, 21455, 21461, 21874, 21938, 22043, 22077, 22210, 22728, 23299, 23334, 23443, 23652, 23670, 23799, 23920, 24282, 24367, 24695, 25381, 25386, 25427, 25552, 26343, 26384, 26555, 26740, 26741, 27492, 27677, 27862, 28116, 28940, 28987, 29342, 29878, 30129, 30381, 30413, 30588, 31173, 31446, 31565, 31995, 32152, 32221, 32267, 32372, 32888, 32897, 33091, 33488, 33583, 34183, 34185, 34232, 34273, 34372, 34407, 34840, 35011, 35165, 35472, 35781, 35941, 35974, 36255, 36449, 36660, 36670, 36689, 36926, 37224, 37605, 37793, 38086, 38394, 39429, 39885, 40273, 40730, 40938, 41110, 41931, 42099, 42151, 42472, 42569, 42629, 42712, 42859, 43286, 43608, 43670, 44346, 44450, 44574, 44634, 45771, 46007, 46161, 46253, 46985, 47158, 47421, 47929, 47972, 48154, 48378, 48430, 48762, 49131, 49520, 49848, 50474, 50588, 50873, 51056, 51219, 51671, 51747, 51785, 51928, 51936, 52154, 52526, 52610, 52716, 53412, 53589, 53957, 54048, 54225, 54398, 54998, 55049, 55155, 55520, 55526, 55594, 55809, 55826, 56121, 56197, 56402, 56415, 56627, 57037, 57080, 57348, 58036, 58839, 58913, 58952, 59090, 59692, 59747, 60201, 60968, 61515, 61912, 62297, 62697, 62961, 63196, 64239, 64736, 64977, 65028, 65521, 65522
1026, 1199, 1708, 1901, 2106, 2236, 2245, 2698, 3318, 3445, 3511, 4133, 5328, 5965, 6373, 6783, 7277, 7358, 7542, 7667, 7779, 7961, 7966, 8448, 8484, 9288, 9806, 10546, 10631, 10885, 10913, 11615, 11945, 12147, 12746, 12783, 12896, 13013, 13063, 13350, 13683, 13832, 13935, 14270, 14459, 14461, 14571, 14964, 15278, 15679, 15883, 17110, 17214, 17246, 17769, 18022, 18150, 18417, 18577, 19025, 19563, 19966, 20157, 20368, 20633, 20819, 21224, 21497, 22261, 22449, 22682, 22882, 22992, 23024, 23380, 23880, 23997, 24058, 24203, 24494, 24504, 24574, 24934, 24953, 25040, 25678, 26070, 26832, 27042, 27253, 27283, 27831, 28107, 28322, 28447, 28599, 28921, 29389, 29540, 29677, 29966, 30043, 30977, 31071, 31077, 31765, 31976, 32166, 32772, 33020, 33340, 34402, 34789, 34907, 35579, 36177, 36344, 36574, 36949, 36964, 36966, 37000, 37249, 37362, 37590, 38131, 38205, 38849, 39318, 39388, 39585, 39860, 39897, 40455, 40475, 40596, 41363, 41367, 41386, 41426, 41595, 41612, 41758, 42398, 42493, 43007, 43205, 43418, 43646, 44842, 45295, 46230, 46236, 46320, 46453, 47047, 47359, 47404, 47409, 47473, 47699, 47790, 48938, 48940, 48952, 49167, 49191, 49504, 49949, 50149, 50227, 50405, 50503, 50664, 50716, 50925, 50986, 51135, 51210, 51228, 51402, 51466, 51589, 51665, 51686, 51741, 51913, 52019, 52588, 52681, 52794, 52799, 53169, 53534, 53583, 53584, 53709, 54276, 54505, 54862, 55283, 55404, 55501, 55554, 55568, 55596, 55706, 55902, 56134, 56308, 56367, 56526, 56573, 56629, 56757, 57101, 57113, 57134, 57365, 57628, 58114, 58477, 58556, 58678, 59181, 59288, 59751, 59901, 60485, 60507, 60606, 60715, 60751, 60858, 61690, 61874, 61940, 62425, 62592, 63209, 63500, 63761, 63802, 63891, 64058, 64098, 64256, 64335, 64526, 64591, 64609, 64820, 65032, 65035, 65314, 65370
27, 67, 162, 1067, 1248, 1262, 1531, 1541, 1679, 1831, 2112, 2126, 2295, 2634, 2706, 2783, 2917, 3442, 3444, 4027, 4075, 4301, 4341, 4516, 4595, 4881, 4909, 5046, 5828, 5931, 5980, 6317, 6603, 6846, 7167, 7868, 7973, 8109, 8604, 8848, 9093, 9247, 9421, 9759, 9779, 9839, 9989, 10170, 10509, 10603, 10616, 10668, 10808, 10863, 11042, 11421, 11452, 11505, 11601, 11902, 11954, 12208, 12798, 12812, 13557, 13971, 14183, 14421, 14436, 14456, 14504, 14557, 15106, 15526, 16066, 16311, 16438, 16908, 17024, 17341, 17511, 17644, 17696, 18066, 18320, 18398, 18553, 18795, 18834, 19118, 19809, 20519, 21308, 21559, 21661, 22340, 22392, 22623, 22922, 23609, 23621, 23644, 23750, 24143, 24161, 24384, 24719, 24751, 24890, 25807, 25849, 25935, 26675, 27079, 27580, 27742, 28178, 28352, 28403, 29006, 29210, 29935, 30167, 30290, 30682, 30845, 31013, 31157, 31161, 31210, 31489, 31978, 32316, 32675, 32881, 33378, 33399, 33880, 34092, 34629, 34887, 35101, 35854, 36005, 36405, 36503, 36835, 37643, 37765, 37875, 37882, 38191, 38992, 39246, 39308, 39396, 39408, 39443, 39790, 39985, 40958, 41003, 41299, 41731, 41998, 42041, 42111, 42457, 42476, 42809, 42841, 42924, 43411, 43678, 43731, 43831, 44037, 44772, 44914, 45935, 45998, 46447, 46539, 46843, 46868, 47246, 47300, 47663, 47755, 48136, 48261, 48293, 48413, 48856, 49005, 49062, 49212, 49732, 50139, 50317, 50389, 51016, 51092, 51349, 52559, 52718, 53052, 53210, 53627, 53804, 53951, 53996, 54030, 54126, 54180, 54778, 55093, 55135, 55308, 55510, 55801, 56035, 56571, 56906, 57074, 57166, 57254, 57806, 58062, 58118, 58290, 58617, 58873, 59254, 59357, 59658, 59726, 59816, 60119, 60314, 60371, 60458, 60475, 60484, 60519, 61248, 61789, 62185, 62850, 63012, 63408, 63951, 64067, 64637, 64820, 65174
1526, 1699, 1749, 1884, 2053, 2461, 2553, 2993, 3214, 3530, 3785, 3824, 3987, 4485, 4526, 4945, 5839, 5980, 6187, 6195, 6238, 6327, 6625, 6797, 7353, 7619, 7918, 8160, 8189, 8319, 9031, 9096, 9098, 9131, 9223, 9257, 9331, 10205, 10259, 10425, 10708, 11126, 11167, 12416, 12588, 12832, 12849, 12941, 13431, 13666, 13826, 14293, 14996, 15447, 16180, 16488, 16506, 16612, 16745, 16923, 17035, 17056, 17122, 17265, 17910, 18203, 18346, 18497, 18529, 18697, 19086, 19126, 19354, 20129, 20280, 20611, 20936, 21670, 21739, 21817, 22250, 22373, 22630, 22854, 22943, 23042, 23065, 23204, 23539, 23677, 24193, 24617, 24809, 25891, 26257, 26388, 26494, 26505, 26672, 26774, 26927, 27129, 27799, 27982, 28005, 28120, 28420, 28806, 29161, 29319, 29772, 29999, 30060, 30118, 30123, 30805, 30814, 31820, 32081, 32146, 32498, 32587, 32703, 32776, 32780, 32835, 32954, 33922, 33925, 34147, 34236, 34453, 34801, 34923, 35137, 35326, 35356, 35497, 36029, 36158, 36710, 37376, 37781, 38043, 38049, 38515, 38554, 38616, 38792, 38837, 39238, 39280, 39949, 40311, 40328, 40399, 40421, 40525, 40599, 40739, 41136, 41173, 41251, 41332, 41945, 42068, 42212, 42479, 42605, 42900, 43039, 43053, 43277, 43303, 43315, 43438, 44002, 44172, 44519, 44769, 44865, 44954, 45328, 45445, 46087, 46155, 46540, 46677, 46681, 47021, 47089, 47276, 47341, 47396, 47489, 47934, 48258, 48301, 48410, 48502, 48572, 48589, 48959, 49063, 49242, 49416, 49575, 49963, 50098, 50144, 50644, 51370, 51449, 52015, 52210, 52217, 52239, 52414, 52586, 52906, 53109, 53300, 53912, 54472, 55424, 55445, 55951, 56540, 57738, 58126, 58755, 58939, 58943, 59067, 60115, 60335, 60520, 60619, 61322, 61496, 61616, 61986, 62061, 62152, 62881, 63042, 63119, 63249, 63456, 63739, 63750, 63919, 64122, 64162, 64990, 65223
48, 272, 570, 842, 1208, 1563, 1587, 1661, 1718, 1730, 1857, 2015, 2035, 2611, 2908, 3269, 3654, 3711, 3833, 3892, 4205, 4525, 4564, 4766, 4772, 4996, 5020, 5691, 5919, 5951, 6109, 6158, 6190, 6241, 6318, 6760, 6824, 6917, 6934, 7065, 7107, 7199, 7372, 8129, 8710, 9122, 9214, 9344, 9349, 9982, 10145, 10354, 10533, 10958, 10975, 11208, 12442, 12910, 13039, 13167, 13812, 14165, 14407, 14850, 14933, 15532, 15965, 16214, 16220, 16343, 16347, 17343, 17447, 17853, 19045, 19223, 19739, 19761, 20333, 20368, 20585, 20717, 20756, 20818, 20964, 21108, 21791, 22250, 22268, 22352, 22430, 22819, 22836, 22838, 22877, 22956, 23906, 24153, 24596, 24711, 25025, 25294, 25620, 25664, 26062, 26429, 26637, 26879, 27335, 27678, 27684, 27770, 28385, 28543, 29414, 29534, 29559, 29826, 29916, 30097, 30205, 30518, 30717, 30983, 31691, 31751, 31975, 32030, 32181, 32562, 32628, 33074, 33139, 33696, 33722, 33800, 34250, 34261, 34679, 34822, 34902, 35282, 35564, 35673, 35820, 36143, 36215, 36248, 36413, 36644, 36661, 37034, 37081, 37265, 37350, 37596, 37646, 37851, 37959, 38089, 38149, 38667, 38950, 39142, 39411, 39480, 40231, 40251, 40300, 40628, 41034, 41695, 41758, 41803, 42109, 42927, 43126, 43267, 43490, 44029, 44202, 44422, 44581, 44894, 44930, 45324, 45332, 46275, 46453, 47610, 48219, 48456, 48746, 48748, 48759, 48835, 49276, 49785, 50097, 50173, 50445, 50970, 52115, 52616, 52660, 53200, 53267, 53313, 53344, 53961, 54037, 54102, 54377, 54396, 55062, 55339, 55897, 56359, 56407, 56545, 56564, 57166, 57522, 57962, 59153, 59165, 59394, 59585, 59899, 60759, 61395, 61603, 62068, 62133, 62176, 62515, 62738, 62859, 62891, 62916, 62945, 63047, 63377, 63482, 63772, 63942, 64044, 64119, 64237, 64651, 64857, 65056, 65174, 65322, 65428, 65521
48, 513, 791, 1212, 1227, 1482, 2925, 3418, 3445, 4406, 4763, 5370, 5897, 6052, 6137, 6145, 6296, 6530, 7697, 7867, 8094, 8167, 8218, 8653, 8765, 8862, 8864, 9021, 9634, 10027, 10089, 10130, 10239, 10888, 10947, 11142, 11366, 11578, 11799, 12756, 12915, 13584, 13602, 13978, 14012, 14481, 14531, 14729, 14847, 15021, 15152, 15286, 15453, 15560, 15788, 15897, 15943, 16086, 16118, 16134, 16209, 16222, 16248, 16440, 16452, 16495, 16599, 17428, 17838, 18505, 19179, 19289, 19290, 19326, 19824, 20008, 20035, 20137, 20354, 21072, 21273, 21400, 22001, 22877, 22902, 23271, 23344, 23615, 23623, 23838, 24034, 24705, 25550, 26036, 26060, 26321, 26514, 26613, 26832, 27038, 27108, 27123, 27477, 27512, 27516, 28347, 28604, 28622, 28866, 29191, 29292, 29581, 30026, 31161, 31412, 31729, 31818, 31934, 32342, 32615, 32826, 33320, 33535, 33918, 34111, 34152, 34216, 34267, 34753, 34861, 34924, 35025, 35363, 35409, 35565, 35818, 35966, 36079, 36606, 36617, 36865, 37543, 37726, 37809, 38158, 38660, 38663, 39250, 39307, 39309, 39667, 39691, 39917, 39952, 39989, 39991, 40205, 40264, 40672, 41319, 41537, 41547, 42291, 42492, 42800, 42934, 42996, 43345, 43846, 43891, 44005, 44068, 44195, 44392, 44498, 44670, 44782, 45032, 45124, 45143, 45271, 45543, 45577, 45607, 45729, 45753, 46558, 47220, 48189, 48227, 48963, 49476, 49504, 49574, 49622, 49791, 50001, 50030, 50097, 50241, 50549, 50681, 50963, 51418, 51797, 51957, 52101, 52408, 52706, 52755, 52838, 52971, 53639, 53688, 53693, 53992, 54147, 54365, 55015, 55156, 56520, 56744, 56844, 57137, 57160, 57348, 57424, 57480, 57747, 57876, 58639, 58827, 58835, 58901, 59284, 59439, 59621, 59680, 59725, 60277, 60780, 60847, 60871, 61548, 61806, 62951, 62983, 62995, 63332, 63390, 64018, 64026, 64105, 64493, 64646, 65469
10, 278, 350, 693, 922, 1308, 1570, 1584, 2199, 2330, 2546, 2688, 2746, 3269, 3846, 3890, 4295, 4311, 4686, 4689, 4725, 4830, 4959, 5071, 5151, 5372, 5722, 5920, 6066, 6101, 6126, 6257, 6272, 6425, 6453, 6565, 6733, 6882, 7091, 7333, 7505, 7975, 8195, 8199, 9237, 9285, 9373, 9594, 9711, 9781, 10055, 10591, 10669, 10862, 11787, 11859, 12336, 12507, 12653, 12971, 13391, 13585, 13997, 14053, 14490, 14540, 14597, 14660, 14866, 14887, 14981, 15496, 16163, 16197, 16256, 16360, 16711, 16796, 16907, 17097, 17210, 17269, 17446, 17465, 17624, 17873, 17971, 18751, 18927, 19352, 20038, 20926, 21654, 22546, 22792, 22895, 23975, 24112, 25093, 25099, 25189, 25507, 25558, 25799, 25823, 25968, 27551, 28215, 28495, 28964, 29054, 29083, 29127, 29625, 29800, 30470, 30691, 30722, 30824, 30851, 30907, 31010, 31088, 31186, 31849, 31984, 32070, 32092, 32162, 32478, 32618, 33070, 34011, 34280, 34378, 34419, 34515, 34540, 34669, 34869, 35028, 35774, 36530, 37592, 37615, 37716, 37851, 38201, 38337, 38368, 38529, 38536, 38678, 38892, 39213, 39695, 39975, 40017, 40146, 40601, 40640, 40996, 41024, 41050, 42047, 42229, 42779, 43164, 43248, 43458, 43524, 43763, 44025, 44631, 44775, 44788, 45421, 45482, 45762, 45884, 46323, 46352, 46431, 46629, 46856, 46961, 47152, 47335, 47376, 47533, 47858, 47925, 48301, 49077, 49356, 49466, 49490, 49684, 49805, 49933, 50095, 50219, 50377, 50422, 50470, 51293, 51994, 52014, 52022, 53041, 53518, 53626, 53727, 54198, 54694, 54891, 55344, 55765, 56246, 56714, 56764, 56977, 57097, 57292, 57995, 58028, 58054, 58264, 58809, 59182, 59350, 59474, 60123, 60166, 60436, 60455, 60694, 60843, 61258, 61672, 61688, 61909, 62007, 62277, 62543, 62738, 63479, 63713, 63844, 64026, 64691, 64708, 64853, 65001, 65180, 65359
340, 961, 984, 1011, 1093, 1099, 1528, 1952, 2306, 2431, 2830, 3545, 3639, 3752, 4228, 4772, 5086, 5442, 5452, 5879, 5904, 6151, 6457, 6615, 6717, 6912, 7167, 7170, 7532, 7741, 7951, 8059, 8284, 8701, 9455, 9507, 9676, 10447, 10453, 10591, 10865, 10912, 10996, 11276, 11344, 11436, 12428, 12787, 12892, 12969, 13555, 13624, 13839, 14025, 14632, 15054, 15213, 16013, 16088, 16333, 16744, 17366, 17914, 18179, 18225, 18652, 18779, 18821, 19485, 19577, 19589, 19814, 19936, 20371, 20722, 20866, 21054, 22094, 22359, 22481, 22597, 22811, 23283, 23352, 24071, 24160, 24353, 24392, 24555, 24866, 24867, 25315, 25383, 25456, 25576, 25680, 25841, 25855, 25910, 26040, 26548, 27311, 27359, 28201, 28323, 28441, 28508, 28524, 28540, 28643, 28687, 28840, 29010, 29361, 29425, 29705, 29990, 30039, 30062, 30198, 30287, 30306, 30491, 30545, 30780, 30975, 31217, 31283, 31605, 31812, 31926, 32213, 32223, 32308, 32463, 32524, 32934, 33072, 33134, 33313, 33343, 33406, 33690, 34182, 34763, 34861, 35262, 35632, 35873, 35980, 36095, 36450, 36587, 37852, 38007, 38360, 38379, 38513, 38921, 39064, 39335, 39480, 39628, 39765, 40121, 40612, 40729, 41267, 41514, 41799, 41920, 42369, 42441, 42701, 43025, 43029, 43123, 43660, 43845, 43883, 43948, 44275, 44379, 44883, 44896, 45284, 45691, 45768, 45804, 45833, 45969, 46376, 46488, 46629, 47235, 47530, 47805, 47879, 48060, 48067, 48075, 48414, 48447, 48567, 48619, 48673, 48677, 49349, 49512, 49834, 49852, 49882, 50535, 50684, 50829, 50956, 51390, 52932, 52985, 53064, 53349, 55246, 55695, 55960, 57156, 57365, 57499, 58029, 58055, 58883, 59117, 59289, 59453, 59552, 59779, 60264, 60399, 60463, 60707, 61045, 61316, 61436, 61485, 62184, 62480, 62785, 62889, 63056, 63060, 63221, 63369, 63426, 63728, 63762, 64006, 65185
285, 474, 766, 1037, 1441, 2107, 2867, 3473, 4020, 4410, 4709, 5214, 5236, 5298, 5362, 5576, 6033, 6189, 6441, 6571, 6874, 7183, 7251, 7258, 7387, 7494, 7530, 7721, 7730, 7858, 8347, 8954, 9438, 9496, 9680, 9773, 10038, 10196, 10203, 10268, 10279, 10464, 10565, 10622, 10852, 10908, 11238, 11720, 11828, 12019, 12187, 12253, 12483, 12511, 12540, 12920, 14162, 14389, 14663, 14699, 15038, 15692, 16197, 16269, 16917, 17104, 17192, 17429, 17700, 17999, 18832, 19205, 19235, 19260, 19320, 19695, 19854, 20421, 20534, 20998, 21101, 21258, 21825, 22045, 22426, 22638, 22679, 22968, 23200, 23455, 23487, 23563, 23771, 23984, 24013, 24577, 24596, 24734, 24797, 24932, 25559, 26040, 26057, 26472, 27107, 27440, 27445, 27701, 27778, 27822, 27943, 27996, 28172, 28990, 29007, 29408, 29464, 29581, 29736, 29794, 29902, 30104, 30109, 30270, 30632, 30844, 31148, 31596, 32255, 32328, 32899, 33179, 33188, 33312, 33606, 33668, 33827, 34164, 34328, 34399, 34726, 35333, 35434, 35520, 35874, 35915, 36485, 36641, 36681, 36741, 37189, 37206, 37215, 37467, 37878, 38037, 38046, 38226, 38269, 38376, 38651, 38825, 39369, 39552, 39696, 40428, 40601, 41157, 41269, 41512, 41547, 41827, 41858, 41908, 41918, 42075, 42410, 42850, 42902, 42935, 43103, 43386, 43819, 44343, 44565, 44693, 45487, 45992, 46024, 46720, 47057, 47078, 47274, 47289, 47315, 47493, 47499, 47542, 47868, 48058, 48344, 48570, 48736, 49226, 49399, 49652, 49719, 49790, 50132, 51123, 51499, 51501, 51514, 52042, 52286, 52798, 53109, 53910, 54588, 54801, 54944, 55150, 55154, 55164, 55258, 55668, 56608, 57396, 57420, 57718, 57863, 58052, 58307, 58590, 58879, 59015, 59165, 59226, 59675, 59786, 60492, 60607, 61577, 61583, 61661, 61684, 61786, 62990, 63949, 63978, 64239, 64372, 64477, 64645, 64688, 64744
132, 247, 337, 1157, 1158, 1332, 1464, 1489, 1791, 1949, 2003, 2184, 2227, 2316, 2368, 2695, 3374, 3445, 3480, 3645, 4147, 4463, 5039, 5231, 5274, 5297, 5423, 5431, 5529, 5933, 6293, 6326, 6808, 7641, 7923, 8084, 8273, 8397, 8429, 8619, 8792, 9052, 9214, 9237, 9319, 9376, 9951, 10689, 10711, 10787, 11166, 11687, 12148, 12937, 13365, 13655, 13700, 13774, 14488, 14661, 14913, 15026, 15262, 16484, 17168, 17442, 17991, 18048, 18162, 18222, 18355, 18961, 19243, 19696, 19748, 19760, 20002, 20308, 20656, 20785, 21321, 21845, 21931, 21953, 22011, 22152, 22735, 23141, 23650, 23661, 23796, 24560, 24575, 25141, 25185, 25301, 25612, 25915, 26434, 26552, 26664, 27155, 27298, 27530, 27744, 27760, 27798, 28570, 29056, 29677, 29873, 29963, 30302, 30583, 30792, 30957, 30998, 31548, 31587, 31762, 31808, 31829, 32061, 32140, 32564, 32646, 32697, 33204, 33458, 33529, 33719, 34010, 34335, 34399, 34951, 35242, 35812, 35850, 36209, 36573, 36664, 36795, 37020, 37209, 37294, 37389, 37504, 37629, 37662, 37677, 37933, 38399, 38818, 39168, 39258, 39504, 39626, 40055, 40732, 40885, 41098, 41356, 41372, 41646, 42077, 42317, 42516, 42857, 43904, 44239, 44473, 44519, 44674, 45117, 45348, 45654, 45939, 45980, 46059, 46089, 46205, 46301, 46347, 46761, 46813, 47494, 48289, 48370, 48801, 48872, 49095, 49163, 49181, 50266, 50381, 50967, 51177, 51424, 51835, 51860, 52294, 52517, 52522, 52552, 52559, 52843, 52929, 52991, 53351, 53928, 54269, 55120, 55487, 56279, 56594, 56852, 57045, 57058, 57076, 57149, 57606, 57911, 57980, 58198, 58374, 58519, 58798, 58853, 59064, 60326, 60436, 60595, 61058, 61088, 61488, 61741, 61824, 61973, 61983, 62242, 62886, 63509, 63579, 63583, 63611, 63789, 63822, 64168, 64242, 64497, 64736, 64919, 65012, 65108, 65408, 65413
374, 699, 745, 771, 939, 974, 1072, 1357, 1799, 2018, 2053, 2191, 2282, 2596, 2659, 3298, 4249, 4809, 4818, 5034, 5179, 5196, 5356, 5582, 5604, 5851, 6190, 7116, 7117, 7119, 7306, 7409, 7413, 7528, 7779, 7831, 8150, 8331, 8383, 8552, 9008, 9369, 9425, 9797, 9885, 10220, 10432, 10631, 10694, 11296, 11850, 12294, 12653, 12905, 13097, 13315, 13387, 13568, 13767, 13797, 13802, 14110, 14589, 14611, 14722, 14914, 14955, 15151, 15381, 15621, 15677, 15710, 15758, 16606, 16861, 17207, 18230, 18465, 18716, 19304, 19596, 19883, 20504, 20812, 20839, 20882, 20883, 21196, 21413, 21424, 22509, 23359, 23407, 23649, 23818, 24013, 24485, 24545, 24551, 24609, 24671, 24940, 25339, 25431, 25763, 26134, 26174, 26253, 26360, 26429, 26665, 28342, 28567, 28653, 28655, 29755, 30080, 30222, 30359, 31717, 32656, 33046, 33195, 33215, 33342, 33577, 33817, 33872, 33936, 34072, 34497, 34519, 34576, 34634, 34680, 34907, 35389, 35448, 35568, 35952, 36058, 36155, 36845, 36883, 36907, 37070, 37255, 37444, 37496, 38246, 38340, 38345, 38886, 39001, 39099, 39452, 39642, 39772, 39830, 40327, 40631, 40854, 41481, 41525, 41770, 41862, 41899, 41909, 42030, 42273, 42434, 42525, 42634, 42753, 42886, 43157, 43733, 43849, 44062, 44312, 44717, 44807, 45239, 46031, 46128, 46302, 46747, 46921, 47056, 47250, 47258, 47654, 47798, 47830, 48128, 48318, 48606, 48808, 48858, 48981, 49042, 49466, 49577, 51356, 51783, 52046, 52189, 52534, 52606, 52981, 53141, 53652, 53813, 54159, 54353, 54462, 54614, 55764, 55932, 56386, 56496, 56586, 56702, 56796, 56997, 57082, 57112, 57907, 58384, 58397, 58670, 59057, 59635, 59926, 60488, 60662, 61040, 61445, 61497, 62199, 62239, 62542, 62646, 62873, 62884, 63208, 64225, 64266, 64345, 64355, 64476, 64666, 64829, 64944, 65505, 65518
33, 55, 293, 575, 611, 673, 769, 828, 1124, 1157, 1199, 2217, 2256, 2694, 3389, 3603, 3929, 4715, 4918, 5372, 5527, 6025, 6721, 6732, 6801, 6918, 6960, 6997, 7262, 7297, 7519, 7781, 8618, 8685, 9225, 9264, 9507, 10148, 10277, 10351, 10358, 10622, 10744, 10945, 11020, 11181, 11256, 11923, 11978, 11985, 12278, 12502, 12743, 13912, 14325, 14401, 14952, 15162, 15431, 16050, 16103, 16441, 16744, 16873, 17095, 17478, 18432, 18999, 19215, 19414, 19898, 20088, 20214, 20641, 21434, 21651, 21691, 21974, 21976, 22160, 22272, 22282, 22748, 23079, 23578, 23603, 23729, 24138, 25193, 25301, 25436, 25789, 26198, 26241, 26558, 26602, 26673, 26959, 27316, 27432, 27699, 28335, 28572, 28712, 29044, 29102, 29196, 29738, 29885, 30125, 30224, 30697, 30906, 31442, 31540, 32006, 32185, 32241, 32254, 32768, 32969, 33465, 33470, 34121, 35396, 35881, 36093, 36250, 36572, 37209, 37341, 37407, 37588, 38110, 38129, 38143, 38382, 38420, 38592, 38660, 38694, 39361, 40021, 40056, 40392, 40506, 40648, 40788, 40800, 40849, 41140, 42496, 42681, 42759, 42850, 43157, 43328, 43468, 44019, 44219, 44284, 44328, 45158, 45790, 46511, 46535, 46614, 46697, 46749, 46993, 47146, 47378, 47527, 47680, 48025, 48124, 48238, 48381, 48554, 48721, 48800, 48849, 49002, 49523, 49940, 50277, 50411, 50676, 50707, 51195, 51373, 51702, 52070, 52400, 52411, 52725, 52848, 53427, 53557, 53719, 53785, 53820, 54159, 54171, 54226, 54492, 54671, 54677, 55341, 55733, 56006, 56556, 56678, 56974, 57187, 57397, 57788, 57884, 57886, 58247, 58273, 58528, 58536, 58899, 58930, 59390, 59411, 59536, 59873, 59958, 60007, 60424, 60692, 61164, 61342, 61803, 62053, 62304, 62316, 62552, 62656, 62670, 62752, 63002, 63044, 63132, 63250, 63320, 63328, 63861, 64069, 64408, 64543, 64647, 64963, 65271
435, 788, 1737, 1824, 1886, 1938, 2405, 2965, 3966, 4007, 4019, 4304, 5205, 5228, 5287, 5457, 5602, 5692, 5735, 5761, 5996, 6046, 6269, 6336, 6624, 6679, 6935, 6968, 7600, 7620, 8463, 8575, 8900, 9142, 10023, 10058, 10098, 10129, 10590, 10891, 10897, 10979, 11407, 11430, 11663, 11882, 12482, 13145, 13243, 13387, 13803, 14379, 14613, 15086, 15472, 16053, 16226, 16306, 16597, 17105, 17285, 17430, 17571, 17627, 17842, 17872, 18021, 18043, 18364, 18369, 18792, 19169, 19591, 20223, 20466, 21187, 21335, 22289, 22434, 22573, 22619, 22911, 22993, 23034, 23375, 23669, 24213, 24381, 24585, 24657, 24667, 25086, 25517, 25574, 25736, 25850, 26069, 26440, 26495, 26561, 26698, 26901, 27044, 27663, 27782, 28618, 28977, 29173, 29410, 29543, 29705, 30190, 30409, 30414, 30688, 30787, 30870, 31227, 31651, 32286, 32380, 32668, 33293, 33681, 34005, 35409, 35554, 35615, 35632, 35842, 36183, 36337, 36351, 36429, 36461, 37003, 37207, 37654, 37835, 38031, 38335, 38503, 38667, 38696, 38700, 38845, 39336, 39389, 39870, 40082, 40513, 40741, 40764, 40825, 40901, 41063, 41148, 42029, 42160, 42236, 43113, 43522, 43650, 43917, 44394, 45046, 45254, 45743, 46116, 46194, 46279, 46503, 46705, 47139, 47225, 47345, 47701, 47715, 48048, 48353, 48596, 48905, 49000, 49037, 49101, 49520, 49827, 50021, 50093, 50613, 50968, 51185, 51653, 51921, 51987, 51996, 52183, 52218, 52748, 52776, 52842, 52935, 53099, 53187, 53193, 53479, 53751, 54123, 54125, 54365, 54393, 54552, 55101, 55359, 55626, 55648, 55728, 56457, 56789, 56858, 57260, 57708, 58033, 58527, 58576, 58617, 58844, 58940, 58956, 59168, 59250, 59451, 59746, 59938, 59966, 60136, 60364, 60434, 60458, 61290, 61586, 61627, 61748, 62004, 62020, 62728, 63195, 63444, 63823, 63922, 64347, 64427, 64437, 64521, 64663, 65195
282, 332, 564, 599, 698, 914, 975, 1036, 1123, 1175, 1280, 1291, 1430, 1820, 2110, 2128, 2639, 3096, 3180, 3442, 3675, 3740, 3979, 4224, 4728, 4808, 4879, 5094, 5445, 5480, 5491, 6111, 6323, 6489, 6729, 6837, 7162, 7631, 7817, 8460, 8520, 8805, 9082, 9227, 9261, 9318, 9418, 9472, 9587, 9746, 9837, 9901, 10024, 10161, 10275, 10510, 10637, 10856, 11286, 11432, 11973, 12411, 12572, 12750, 12809, 13287, 13871, 14060, 14891, 15066, 15122, 15511, 15670, 15746, 16692, 16965, 17206, 17448, 18426, 18864, 18886, 18985, 19630, 20016, 20085, 20187, 20569, 20632, 20714, 21473, 21544, 21907, 22018, 22605, 22916, 23006, 23426, 23565, 23810, 23924, 24368, 24617, 25143, 25156, 25408, 26357, 26635, 27126, 27929, 27965, 28053, 28646, 29188, 29438, 29722, 29875, 31014, 31119, 31236, 31525, 31543, 31750, 31830, 31858, 31879, 31961, 31962, 32123, 32193, 32362, 32366, 33038, 33128, 33149, 33156, 33346, 33392, 34816, 34898, 35075, 35286, 35559, 35760, 36285, 36749, 36938, 36987, 37011, 37045, 37046, 37319, 37345, 37966, 38699, 38876, 39313, 39375, 39777, 39946, 40021, 40156, 41032, 41292, 41343, 41857, 42000, 43600, 43860, 44001, 44604, 44726, 44851, 44953, 44996, 45047, 45049, 45053, 45110, 45395, 45660, 46122, 46245, 46341, 46370, 46604, 46693, 46709, 46912, 47095, 47181, 47312, 47473, 48414, 48584, 49106, 49208, 49639, 49743, 50118, 50136, 50294, 50321, 50719, 51620, 52283, 52417, 52572, 52607, 52846, 53556, 54129, 54276, 54339, 54585, 54608, 54989, 56011, 56248, 57102, 57225, 57408, 57744, 57851, 57874, 58378, 58490, 58841, 59254, 59368, 59509, 59738, 59908, 60071, 60154, 60496, 60569, 60605, 61081, 61266, 61499, 61643, 62217, 62518, 62535, 62842, 62857, 63329, 63413, 63758, 63831, 63911, 64149, 64290, 64537, 64850, 65084
608, 779, 1347, 1847, 1947, 2201, 2289, 2692, 2715, 2912, 2951, 3198, 3431, 3480, 3483, 3683, 3944, 4080, 4311, 4721, 4907, 5249, 5328, 5515, 6159, 6253, 6286, 6606, 6824, 6993, 7140, 7592, 8650, 9012, 9150, 9297, 9464, 9494, 9525, 9577, 9792, 9955, 10087, 10122, 10187, 10245, 10369, 10590, 10911, 10924, 11697, 11735, 11932, 12051, 12205, 12358, 12620, 12697, 12716, 12872, 13076, 13086, 13251, 13719, 14062, 14277, 14641, 14741, 14774, 14885, 15062, 15171, 15625, 15874, 15886, 16616, 16930, 17596, 18217, 18528, 18841, 19399, 19500, 19831, 19850, 20199, 20654, 21274, 21547, 22018, 22294, 22409, 22833, 22911, 23196, 23433, 23490, 23550, 23663, 23885, 24228, 24450, 24810, 24909, 24947, 25344, 25446, 25535, 25595, 25938, 26773, 26954, 27300, 27517, 28367, 28377, 28425, 28465, 28536, 28897, 29031, 29086, 29129, 29167, 29362, 29765, 30100, 30275, 30658, 30909, 30911, 31022, 31034, 31051, 31227, 31583, 31907, 31939, 32553, 32619, 32779, 32911, 32981, 33102, 33479, 33909, 34758, 34941, 35016, 35170, 35188, 35326, 35358, 35583, 35586, 36560, 37232, 37941, 38314, 38698, 38707, 38743, 39192, 39249, 39297, 40337, 40414, 40843, 40914, 41077, 41192, 41348, 41756, 41922, 42255, 42274, 42394, 42548, 44491, 45144, 45395, 45770, 46019, 46157, 46309, 46430, 46708, 46893, 47090, 47249, 47455, 48383, 48438, 49442, 49880, 49896, 50020, 50924, 51109, 51403, 51787, 52200, 52430, 52475, 52523, 53003, 53338, 53498, 53660, 53804, 55012, 55141, 55439, 55490, 55988, 56109, 56220, 56834, 57184, 57343, 57667, 57724, 57834, 57896, 57993, 58067, 58085, 58127, 58254, 58302, 58585, 58795, 58870, 58900, 59887, 59907, 59953, 60345, 60791, 60921, 61600, 62210, 62785, 62882, 63278, 63307, 63572, 63705, 64080, 64269, 64413, 64841, 65015, 65170, 65225, 65471
711, 756, 766, 841, 1012, 1079, 1395, 2312, 2335, 2369, 2727, 2911, 2979, 3138, 3426, 3784, 4488, 5062, 5178, 5567, 6016, 6053, 6231, 6240, 6631, 6916, 7364, 7400, 7881, 7934, 8124, 8374, 8520, 8550, 8715, 8787, 8797, 8853, 9077, 9262, 9339, 9350, 9560, 9599, 9834, 9902, 10188, 10190, 11278, 11307, 11395, 11486, 11717, 11732, 11984, 12398, 12607, 12743, 12816, 12871, 12959, 13146, 13300, 13349, 13463, 13532, 13746, 13749, 15182, 15504, 15723, 15927, 16337, 16420, 16701, 16716, 16786, 17245, 17764, 17791, 18465, 18555, 18745, 18783, 19374, 19631, 20328, 20369, 20423, 20439, 20500, 20665, 20667, 21059, 21588, 21735, 21906, 22119, 22533, 22767, 22886, 23390, 23397, 23660, 24156, 24240, 24397, 24789, 24796, 24908, 25062, 25367, 25721, 26038, 26065, 26228, 26252, 26326, 26374, 26379, 26659, 26928, 27097, 27101, 27392, 27408, 27491, 27681, 27843, 28040, 28122, 28761, 29089, 29354, 29384, 29422, 29742, 29970, 30116, 30289, 30952, 32020, 33042, 33753, 34174, 34417, 34557, 34847, 35523, 35833, 35862, 36228, 36302, 36358, 36455, 37668, 37829, 37892, 38204, 38438, 38597, 38698, 39577, 39963, 40035, 40259, 40317, 40587, 40792, 40849, 41555, 41838, 41974, 42040, 42091, 42120, 42640, 43002, 43441, 43492, 43816, 44011, 44280, 44553, 44981, 45796, 46384, 46565, 46792, 47065, 47377, 48366, 48385, 48682, 49012, 49439, 49999, 50348, 50388, 50661, 50996, 51195, 51265, 51322, 51327, 52033, 52119, 52242, 52544, 52676, 52696, 52698, 53058, 53509, 53714, 53890, 54815, 55003, 55945, 56583, 57242, 57344, 57852, 57916, 58354, 58417, 58442, 59113, 59184, 59612, 59803, 59864, 60477, 60546, 61158, 61239, 61543, 61890, 62070, 62262, 62337, 62415, 62618, 62878, 63021, 63240, 63308, 63419, 63460, 63643, 63813, 64956, 65070, 65293, 65407, 65443
118, 946, 995, 1225, 1299, 1895, 2149, 2270, 2469, 2525, 3958, 4670, 4676, 4759, 4790, 4937, 5072, 5873, 5979, 6289, 6297, 6577, 6765, 7735, 7743, 8231, 8419, 8687, 8688, 8820, 9050, 9979, 10192, 10475, 10559, 10605, 10673, 11009, 11124, 11188, 11293, 11308, 11488, 11814, 11937, 12329, 13132, 13179, 13390, 13438, 13687, 13694, 13960, 14176, 14379, 14542, 14560, 14991, 15379, 15484, 15496, 15499, 15551, 15721, 16157, 16294, 17093, 17703, 17736, 17827, 17829, 17898, 18529, 18816, 19095, 19201, 19297, 19398, 19523, 19709, 20168, 20689, 20773, 20940, 20964, 21179, 21348, 21889, 21947, 22101, 22193, 22442, 23604, 23675, 23717, 23757, 24084, 24278, 24298, 24606, 24673, 24726, 24742, 24836, 24941, 25437, 25448, 25829, 26097, 26751, 27127, 27358, 27507, 29003, 29020, 29084, 29108, 29164, 29373, 29374, 29813, 30028, 30257, 31216, 31510, 31930, 32586, 32651, 33220, 33690, 33884, 33902, 33970, 34171, 34266, 34397, 35377, 35817, 35872, 36015, 36121, 36200, 36349, 36843, 37076, 37112, 37721, 38142, 39112, 39874, 39964, 40067, 40068, 40315, 40353, 40428, 40594, 40755, 41040, 41179, 41208, 41678, 41751, 42160, 42696, 42784, 43039, 43171, 43294, 43457, 43510, 43784, 43875, 43899, 44039, 44054, 44699, 45116, 45136, 45393, 46325, 46359, 46427, 47172, 47431, 48004, 48217, 49617, 49855, 50261, 50998, 51139, 51206, 51407, 51597, 51892, 52104, 52166, 52319, 52412, 52470, 52744, 53274, 53460, 53734, 53868, 54142, 54204, 54638, 54700, 55655, 55730, 55783, 55793, 55824, 55853, 56509, 57099, 57212, 57498, 57598, 57626, 57869, 58004, 58473, 59077, 59140, 59473, 59525, 59760, 60116, 60525, 60682, 61099, 61268, 61281, 61298, 61392, 61690, 61966, 62035, 62039, 62138, 62560, 62629, 62905, 63328, 63515, 64582, 64618, 64805, 64889, 64899, 65201, 65366, 65438
18, 48, 136, 231, 301, 320, 367, 435, 460, 638, 798, 893, 934, 1395, 1735, 1797, 2301, 2698, 3268, 3379, 3421, 3741, 3753, 3757, 3878, 3894, 4364, 4555, 4666, 4847, 4947, 5079, 5171, 5680, 5834, 6100, 6229, 6299, 6375, 6893, 7103, 7355, 7884, 7982, 8169, 8185, 8396, 8798, 8924, 9117, 9250, 9639, 9926, 10333, 10424, 10672, 10721, 10738, 10749, 11032, 11489, 11572, 12409, 12691, 13772, 13927, 13964, 14247, 14446, 15512, 15514, 15669, 16178, 16754, 17030, 17740, 17955, 18027, 18032, 18415, 18576, 18809, 18898, 19332, 19424, 19540, 19590, 19859, 21205, 21635, 22195, 22599, 22770, 22824, 23677, 23755, 24011, 24050, 24286, 24635, 24670, 24976, 25525, 26390, 26479, 26842, 27053, 27276, 27370, 27628, 27680, 27861, 28550, 29266, 29578, 29666, 29879, 29917, 30151, 30265, 30319, 30864, 31124, 31409, 31589, 31748, 31764, 32045, 32164, 32332, 32576, 32939, 33110, 33194, 33276, 33307, 33323, 33685, 33815, 33910, 34136, 34455, 34538, 34592, 34696, 34769, 34941, 35154, 35553, 35724, 35872, 36723, 37028, 37218, 37699, 38157, 38773, 38814, 38830, 38987, 39288, 39538, 40461, 40556, 41194, 41587, 41897, 42085, 42630, 43234, 43256, 43323, 43863, 43872, 44106, 44224, 44468, 44531, 44991, 45540, 46347, 46374, 46406, 46604, 46619, 46735, 46931, 47801, 47932, 48112, 48229, 48510, 49064, 49072, 49183, 49441, 49903, 50229, 50365, 50500, 51346, 51753, 51807, 52219, 52516, 53209, 53374, 54013, 54564, 54785, 55305, 55418, 55938, 55940, 55955, 55979, 56219, 56509, 57218, 57413, 57466, 57569, 57790, 58164, 58287, 58503, 58895, 59437, 59628, 59758, 60303, 60458, 60460, 60486, 60824, 60871, 61175, 61200, 61255, 61263, 61467, 61607, 61887, 61893, 61937, 61997, 62078, 62650, 63297, 63375, 63685, 64245, 64447, 64470, 64715, 65483
15, 40, 144, 263, 579, 645, 855, 1523, 1531, 1736, 2400, 2543, 2813, 3008, 3100, 3364, 3497, 3692, 3868, 4511, 4748, 4874, 5440, 5450, 5721, 5926, 6233, 6357, 6707, 6738, 6759, 7081, 7411, 7955, 8085, 8252, 8480, 8809, 8911, 9079, 9121, 9186, 9499, 9603, 9626, 9768, 10005, 10135, 10161, 10318, 10412, 11047, 11474, 11512, 12454, 12572, 12593, 12610, 12784, 12795, 12906, 13053, 13440, 14176, 14688, 14873, 15031, 15483, 15821, 16062, 16232, 16319, 16788, 16928, 17465, 17684, 17925, 17952, 18608, 18856, 18940, 19356, 19486, 19566, 19706, 20178, 20835, 20882, 21158, 21272, 21406, 21567, 22161, 23088, 23272, 23338, 23394, 23884, 23939, 24073, 24375, 24715, 24722, 24780, 25166, 25891, 26156, 26416, 26864, 27060, 27169, 27430, 27548, 27620, 27739, 27839, 29015, 29324, 29853, 29889, 30165, 31109, 31182, 31250, 31934, 31962, 32017, 32342, 32849, 33185, 33190, 33211, 33339, 33490, 33526, 33603, 33720, 33954, 34137, 34987, 35210, 35273, 35593, 36152, 36335, 36408, 36593, 36982, 37123, 37153, 37354, 37442, 37618, 37691, 38160, 38422, 38453, 38723, 39062, 39277, 39655, 40024, 40179, 40304, 40434, 40533, 40558, 40776, 41290, 41402, 41574, 41718, 42046, 42161, 42396, 42438, 42805, 43371, 43688, 43691, 43978, 44033, 44397, 44620, 44775, 46287, 46425, 46692, 48209, 48371, 48971, 49050, 49059, 49065, 49942, 50491, 50878, 50959, 51040, 51245, 51546, 51662, 51930, 52259, 52292, 52779, 53155, 53273, 53470, 53962, 54138, 54311, 54524, 54709, 54711, 54897, 55146, 55219, 55486, 55867, 55910, 56082, 56104, 56176, 56360, 57334, 57498, 57554, 58417, 58654, 58751, 58765, 58788, 59206, 59352, 59593, 60053, 60068, 60251, 60368, 60459, 60612, 60696, 61425, 62164, 62340, 62760, 63569, 63598, 63875, 64027, 64063, 64366, 64524, 64787, 64876
330, 693, 736, 789, 1205, 1395, 1397, 1411, 1473, 1524, 1591, 1671, 1718, 1863, 2208, 2498, 2667, 2845, 2968, 3193, 3269, 3359, 3587, 3641, 3932, 3974, 4186, 4557, 5020, 5273, 5788, 6283, 6558, 6650, 6684, 6715, 7441, 7707, 7744, 7773, 7886, 7893, 7946, 8188, 8366, 9567, 9874, 9924, 9948, 10336, 10765, 10888, 11032, 11604, 11609, 11630, 12029, 12407, 12514, 12800, 13579, 14125, 14181, 14196, 14593, 14806, 14875, 14882, 15108, 15546, 15866, 15971, 16087, 16200, 17324, 18366, 18478, 18742, 18850, 19069, 19268, 19410, 19914, 20041, 20253, 20579, 20977, 21508, 21678, 21925, 22409, 23212, 23227, 23604, 23802, 25084, 25260, 25599, 25792, 25997, 26444, 26909, 27009, 27160, 27168, 27416, 28133, 28330, 28547, 28776, 29071, 29745, 29793, 30453, 30524, 30711, 30938, 31050, 31195, 32237, 32495, 32993, 33222, 33256, 33350, 33635, 33660, 33694, 34190, 34405, 34628, 34804, 35221, 36007, 36075, 36085, 36091, 36149, 36240, 36290, 36343, 36414, 36529, 36607, 36670, 36834, 36917, 37112, 38023, 38600, 39060, 39670, 39828, 39961, 40136, 40299, 40314, 40712, 41098, 41301, 41495, 41598, 42299, 42533, 42934, 42935, 43038, 43181, 43212, 43320, 43676, 43703, 43831, 44026, 44120, 44202, 44421, 44752, 45042, 45360, 45430, 45508, 45735, 45870, 45995, 46199, 46356, 46612, 47315, 47674, 48113, 48252, 48460, 48465, 48472, 48612, 49455, 49500, 49671, 49891, 50584, 50637, 50930, 51083, 51111, 51192, 51322, 51470, 51522, 51785, 51961, 52098, 52124, 52259, 52530, 53151, 53399, 53478, 54184, 54244, 54805, 54958, 54992, 55295, 55350, 55582, 56025, 56242, 57109, 57159, 57160, 57887, 57936, 57963, 58379, 59002, 59213, 59256, 59468, 59774, 60005, 60198, 60461, 60661, 60814, 60830, 61049, 61145, 61210, 61677, 62696, 62934, 63484, 64435, 64621, 64788
240, 412, 438, 681, 897, 1541, 1754, 1836, 1956, 2073, 2391, 2660, 2958, 3274, 4809, 6650, 6809, 7156, 7696, 7838, 8380, 8456, 8806, 9011, 9091, 9288, 9385, 9721, 9907, 10210, 10240, 10244, 10511, 10564, 10650, 10778, 11309, 11328, 11474, 11629, 12189, 12220, 12606, 13028, 13060, 13195, 13199, 13393, 14049, 14071, 14083, 14142, 14208, 15070, 15402, 15500, 15682, 15779, 15826, 15969, 16544, 16679, 16825, 17028, 17384, 17445, 17488, 17984, 18047, 18231, 18363, 18376, 18601, 18806, 18857, 19010, 19056, 19424, 19865, 20279, 20312, 20408, 20770, 20847, 21114, 21311, 21831, 21856, 21904, 22129, 22464, 22582, 22698, 22771, 23380, 23846, 24202, 24294, 24306, 24312, 25578, 26297, 26737, 26841, 26988, 26992, 27191, 27466, 27774, 27926, 27967, 28031, 28851, 30528, 30545, 30819, 30958, 31860, 32904, 33255, 33311, 33314, 34040, 34164, 34326, 34439, 34507, 34640, 34817, 35175, 35482, 35736, 35892, 35899, 35968, 36078, 36375, 36424, 37163, 37235, 37278, 38047, 38173, 38616, 39081, 39298, 39567, 39599, 39799, 39935, 40711, 41432, 41948, 42000, 42752, 43094, 43127, 43326, 43490, 43564, 43597, 43920, 44128, 44173, 44316, 44650, 45126, 45261, 45355, 45473, 45611, 45748, 46308, 46516, 46530, 47052, 47133, 47163, 47208, 47470, 48055, 48271, 48355, 48504, 48532, 48739, 48745, 48749, 48768, 48787, 49088, 49261, 49508, 49880, 50019, 50118, 50178, 50297, 50558, 52120, 52541, 52771, 52896, 53462, 53790, 53802, 53927, 53943, 54003, 54384, 54654, 55147, 55182, 55405, 55428, 55496, 55920, 55998, 56010, 56029, 56252, 56686, 56928, 57080, 57161, 57237, 57394, 57726, 57800, 57845, 57906, 57982, 59021, 59099, 59149, 59495, 59838, 59839, 60316, 60844, 61071, 61429, 61594, 62520, 62607, 62884, 64006, 64267, 64492, 64792, 64917, 65025, 65057, 65387, 65476, 65529
71, 235, 279, 429, 514, 823, 874, 1214, 1263, 1826, 2049, 2092, 2911, 2971, 3254, 3854, 4146, 4628, 4852, 4927, 5371, 5519, 5937, 6248, 6259, 6319, 6581, 6884, 7037, 8121, 8626, 8713, 8809, 8889, 9440, 9571, 9635, 9821, 10385, 10386, 10490, 10637, 11328, 11335, 11463, 11514, 11968, 11972, 12422, 12914, 12948, 13136, 13240, 13329, 14115, 14366, 14428, 14788, 14823, 14870, 14879, 15168, 15398, 15703, 16221, 16580, 16990, 17127, 17155, 17168, 17207, 17241, 17403, 17453, 17537, 17815, 18462, 18626, 18831, 18866, 19728, 20145, 20337, 20408, 20459, 20782, 21514, 21624, 21857, 22167, 22441, 22789, 22825, 23076, 23995, 24042, 24077, 24271, 24279, 24668, 25262, 25270, 25352, 25507, 25692, 25772, 25840, 25998, 26086, 26178, 26469, 26512, 26958, 27144, 27736, 28456, 28597, 28949, 29013, 29110, 29286, 29628, 29980, 30054, 30222, 30405, 30909, 30918, 31143, 31686, 31744, 31769, 31950, 32045, 32123, 32169, 32252, 32454, 32716, 32921, 33335, 33674, 33830, 34341, 34396, 34617, 35188, 35395, 35697, 36355, 36446, 36491, 36891, 37506, 38471, 38570, 38645, 38822, 39304, 39349, 39450, 39843, 40119, 40273, 40908, 40983, 41085, 41493, 41520, 41731, 41933, 42169, 42257, 42621, 43236, 43306, 43325, 43672, 43986, 44356, 44821, 45610, 45719, 45893, 45950, 46264, 46328, 46452, 46715, 46895, 47092, 47359, 47997, 48054, 48482, 49004, 49026, 49599, 49649, 49710, 49715, 49775, 49776, 49822, 49980, 50546, 50765, 50788, 50890, 51032, 51188, 51534, 51602, 52052, 52557, 52627, 52656, 52783, 52872, 52976, 53101, 53294, 53622, 53707, 54497, 54519, 54962, 55129, 55410, 55974, 56210, 56315, 56615, 56834, 56995, 57061, 57580, 57718, 58539, 58763, 58817, 59284, 59473, 59787, 59925, 60540, 60632, 61022, 62531, 62550, 62845, 62928, 63072, 63218, 63632, 64526
120, 319, 375, 547, 787, 902, 1136, 1285, 1292, 1567, 1952, 2307, 3165, 3550, 3834, 3864, 4122, 4640, 4778, 5189, 5592, 5975, 6177, 6234, 6694, 7318, 7373, 7477, 7550, 7784, 8467, 9399, 9483, 9544, 9695, 9779, 9969, 9983, 10289, 10756, 10833, 11348, 11576, 11599, 11878, 12427, 12542, 13004, 13250, 13670, 13897, 14316, 14468, 15747, 15946, 15982, 16748, 16878, 16983, 17042, 17045, 17110, 17322, 17697, 17765, 17956, 18163, 18457, 18480, 18948, 19041, 19198, 19811, 20385, 20819, 20892, 21499, 21650, 21704, 21985, 21995, 22232, 22261, 22444, 22842, 23141, 23535, 23618, 23704, 23768, 24337, 24647, 24829, 25071, 26028, 26136, 26649, 27018, 27583, 27818, 28004, 28055, 28075, 28113, 28317, 28427, 28441, 28669, 28786, 29471, 29731, 29812, 29957, 30397, 30418, 30459, 31467, 31485, 31811, 32059, 32144, 32307, 32314, 32325, 32597, 32770, 33240, 33429, 33733, 33756, 34121, 34616, 34645, 34799, 34828, 35299, 35463, 35697, 36307, 36326, 36374, 36545, 36558, 36853, 37694, 37841, 38124, 38567, 38625, 39007, 39597, 39718, 40499, 40508, 40687, 41237, 42072, 42337, 42340, 42398, 42556, 42613, 42662, 42974, 43297, 43506, 43634, 43693, 43795, 44466, 45265, 45512, 46153, 46653, 46659, 46905, 47355, 47385, 47462, 47634, 47678, 47690, 47916, 48408, 48546, 48572, 49030, 49215, 49334, 49396, 49745, 49847, 49999, 50031, 50145, 50361, 50639, 50890, 50938, 51143, 51767, 51852, 52150, 52162, 52878, 53419, 53712, 53957, 53980, 54297, 54326, 55123, 55236, 55242, 55634, 55826, 55863, 55909, 55955, 56334, 56467, 56773, 56938, 57072, 57340, 57484, 57629, 57767, 57788, 58066, 58369, 58414, 58517, 58832, 58958, 59094, 59168, 59513, 59554, 60347, 61516, 61793, 62019, 62027, 62108, 62147, 62619, 63348, 63476, 64172, 64337, 64692, 65010, 65254, 65366, 65450
113, 320, 485, 505, 802, 1274, 1276, 1505, 1527, 1628, 1918, 2032, 2035, 2097, 2255, 2439, 2481, 3461, 3757, 4522, 4759, 4932, 5303, 5809, 5841, 6607, 7007, 7039, 7761, 7963, 8169, 8203, 8234, 8397, 8608, 8860, 8877, 8926, 9830, 10415, 10470, 11280, 11566, 12005, 12229, 12857, 13250, 13591, 14014, 14026, 14247, 14378, 14554, 14734, 14778, 14781, 15343, 15416, 15555, 15962, 17055, 17133, 17491, 17653, 17937, 18470, 18620, 19244, 19297, 20145, 20173, 20224, 20316, 20459, 20817, 20904, 21370, 21651, 21910, 22080, 22092, 22122, 22893, 23605, 23892, 23906, 24365, 24399, 24616, 25156, 25522, 26106, 26206, 26244, 26597, 27274, 27355, 27558, 27716, 27969, 27974, 28159, 29221, 29803, 30003, 30404, 30849, 31236, 31254, 31616, 31911, 32056, 32094, 32160, 32339, 32413, 32609, 32974, 33245, 33365, 33670, 33711, 34109, 34293, 34398, 34417, 34424, 34726, 35080, 35197, 35294, 35333, 35923, 35974, 36649, 36733, 37172, 37837, 38076, 38564, 38645, 38652, 38929, 38944, 39344, 39753, 40155, 40536, 40658, 41174, 41234, 41299, 42005, 42172, 42354, 42374, 42375, 42483, 42819, 42830, 42984, 43142, 43207, 43675, 43772, 44186, 44391, 44746, 44817, 45236, 45344, 46213, 46410, 46466, 46736, 47014, 47166, 47603, 47705, 47798, 47813, 47922, 48375, 48561, 48689, 48809, 49003, 49188, 49294, 49385, 49578, 49599, 49622, 50172, 50389, 50711, 50757, 51189, 51584, 51603, 51791, 51833, 51851, 52025, 52343, 52717, 54064, 54068, 54162, 54237, 54896, 55558, 55788, 55888, 56004, 56047, 56250, 56823, 56944, 57260, 57664, 58014, 58360, 58393, 58698, 58703, 58974, 59499, 59640, 59707, 60478, 60558, 60607, 60665, 61185, 61336, 61389, 61391, 62102, 62174, 62524, 62902, 63182, 63292, 63425, 63663, 63889, 63968, 64040, 64067, 64285, 64628, 64943, 64989, 65233, 65326
501, 637, 703, 779, 1043, 1218, 1262, 2074, 2583, 2742, 2977, 3725, 4034, 4064, 4134, 4282, 4457, 4650, 5148, 5259, 5492, 5540, 5726, 6163, 6711, 6909, 7333, 7350, 7371, 7405, 7825, 8555, 8700, 8716, 9107, 9190, 9305, 9483, 9576, 9698, 9700, 9819, 10201, 10289, 10304, 10359, 10450, 10457, 10617, 10722, 10867, 11051, 11495, 12154, 12277, 12816, 12968, 13074, 13286, 13446, 13582, 13836, 14158, 14233, 14351, 14365, 14445, 14871, 15044, 15335, 15607, 15823, 15853, 16007, 16073, 16141, 17579, 17662, 17689, 18801, 18899, 19014, 19179, 19224, 19290, 19319, 19436, 19468, 19720, 19927, 20066, 20284, 20343, 21089, 21366, 21376, 21801, 21932, 22460, 22544, 22548, 23371, 24434, 25005, 25242, 25350, 25351, 25409, 25505, 25522, 25578, 25804, 26118, 26415, 27003, 27011, 27471, 27737, 29900, 30002, 30039, 30276, 30878, 31206, 31214, 31342, 31478, 31763, 32130, 32326, 32457, 32576, 32692, 32956, 33258, 33855, 33934, 34823, 35130, 35357, 35404, 35744, 35771, 35940, 36344, 36861, 36891, 36995, 37339, 37448, 37973, 37991, 38219, 38906, 39075, 39205, 39462, 39657, 40240, 40279, 41549, 41674, 41893, 41980, 42404, 42515, 42537, 42826, 42954, 43112, 43153, 43569, 43676, 43833, 44007, 44441, 44512, 45000, 45024, 45311, 45384, 45449, 45598, 45856, 46208, 46439, 46686, 46921, 46936, 47144, 47595, 47618, 47892, 48388, 48533, 48632, 48772, 48832, 49048, 49415, 49677, 49962, 50213, 50287, 50466, 50689, 50815, 50948, 51062, 51632, 51720, 52646, 52927, 52930, 53689, 53978, 54163, 54229, 54531, 54735, 55509, 55739, 55751, 55923, 56078, 56115, 56538, 56550, 56633, 57197, 57391, 57514, 57880, 58622, 59840, 59943, 60115, 60399, 60403, 60441, 61113, 61176, 61231, 61720, 62054, 62426, 62941, 63276, 63610, 63829, 64897, 64914, 64928, 65066, 65165, 65277
133, 180, 211, 467, 541, 809, 1453, 1744, 1796, 1916, 2043, 2065, 2733, 2924, 2989, 3240, 3273, 3530, 3981, 4108, 4465, 5007, 5192, 5362, 5812, 6308, 6537, 7188, 7325, 7612, 7963, 7969, 7988, 8027, 8038, 8045, 8391, 8702, 9043, 9461, 9719, 9930, 10198, 10305, 11551, 11878, 12114, 12372, 13175, 13182, 13257, 13438, 13589, 14117, 15532, 15646, 15709, 15834, 15841, 15880, 15944, 16097, 16170, 16361, 16602, 16744, 17215, 17257, 17517, 17544, 17938, 18374, 18434, 19392, 19546, 19631, 19705, 19813, 19851, 19903, 20197, 20437, 20638, 20991, 21017, 21039, 21172, 21318, 21620, 21747, 21858, 23158, 23235, 23284, 23308, 23578, 23917, 23983, 24534, 25031, 25088, 25530, 25658, 26405, 27233, 27298, 27312, 27556, 27700, 27803, 27879, 28380, 28527, 28651, 28685, 28880, 28991, 30045, 30260, 30690, 31176, 31264, 31745, 32109, 32182, 32521, 32692, 32709, 33025, 33360, 33385, 33545, 33625, 33636, 33702, 34152, 34297, 34407, 34536, 34725, 35150, 35398, 35425, 37231, 37243, 37251, 37333, 37699, 37796, 37832, 38386, 38599, 38639, 38805, 38895, 39029, 39043, 40079, 40120, 40314, 40661, 40773, 41008, 41548, 42305, 42710, 42813, 42837, 42879, 42911, 42919, 42940, 43585, 43601, 43991, 44232, 44308, 44313, 44606, 44790, 44897, 45270, 45593, 45634, 45742, 46007, 46182, 47325, 47371, 48048, 48174, 48291, 48711, 48833, 48922, 49525, 49699, 49779, 49849, 50085, 50414, 50421, 50573, 50963, 51005, 52153, 52271, 52805, 52895, 53012, 53142, 53551, 53975, 54840, 55055, 55118, 55710, 55885, 56091, 56185, 56256, 56457, 56493, 56757, 56832, 56869, 57784, 57811, 57865, 57899, 58268, 58332, 58358, 58738, 60050, 60234, 60303, 61043, 61170, 61807, 61874, 61944, 61959, 62104, 62483, 62575, 62973, 63292, 63543, 63827, 64189, 64240, 64526, 65060, 65266, 65283
24, 110, 388, 419, 455, 675, 971, 1611, 1865, 2309, 2324, 2377, 2553, 2758, 2874, 3116, 3782, 4366, 4422, 4727, 4736, 5214, 5678, 6154, 6331, 6546, 6577, 6900, 6942, 8175, 8250, 8526, 8537, 8868, 9141, 9278, 9348, 9563, 9725, 9796, 10158, 10454, 10813, 10890, 10910, 11060, 11233, 11343, 11390, 12027, 12086, 12523, 12729, 13063, 13180, 13484, 13505, 13578, 13617, 13632, 13673, 14156, 14194, 14403, 15134, 15586, 16463, 16763, 17030, 17093, 17125, 17577, 17753, 17830, 18057, 18065, 18460, 19284, 19456, 19579, 20368, 20560, 20771, 20939, 20940, 21016, 21030, 21509, 21682, 22251, 23279, 23505, 23870, 23978, 25868, 26113, 26208, 26512, 26572, 26702, 27346, 27404, 27712, 27983, 28532, 28555, 28694, 28720, 28876, 29028, 29032, 29160, 29424, 29603, 29653, 29873, 30723, 30747, 31375, 31385, 31545, 32067, 32747, 33505, 33821, 34185, 34872, 34998, 35734, 35820, 36185, 36224, 36971, 37149, 37300, 37316, 37512, 37677, 38399, 38618, 38876, 38950, 39226, 39239, 39318, 39372, 39379, 39394, 39917, 39997, 40049, 40193, 40439, 40695, 40792, 41442, 41676, 41702, 41816, 42211, 42490, 42617, 42624, 42990, 43619, 43734, 44057, 44107, 44148, 44323, 44761, 44922, 44995, 45267, 45355, 45584, 45863, 45963, 46545, 46624, 47077, 47146, 47473, 47641, 47807, 47932, 48207, 48416, 48793, 48803, 48809, 49269, 49329, 49683, 49995, 50246, 50254, 50814, 50837, 50873, 51167, 51469, 51938, 52378, 52496, 52729, 53612, 53966, 54001, 54180, 54245, 54873, 54941, 55042, 55351, 55600, 56155, 56278, 56380, 56382, 56778, 57061, 57276, 58071, 58180, 58209, 58432, 58485, 58528, 58982, 59095, 59276, 59316, 59814, 59861, 59885, 60140, 60457, 60888, 61364, 61392, 61862, 62526, 62698, 63207, 63809, 64274, 64302, 64310, 64375, 64537, 64565, 64721, 65100, 65265, 65503
239, 413, 1296, 1633, 2814, 2833, 2857, 2998, 3109, 3174, 3331, 3695, 4052, 4091, 4236, 4429, 4803, 4838, 4903, 5142, 5573, 5631, 5776, 6229, 6284, 6548, 6788, 6793, 6833, 7416, 7698, 7782, 8136, 8960, 9040, 9067, 9271, 9367, 9944, 10448, 10609, 11858, 11881, 12043, 12210, 12529, 12534, 12604, 12782, 13067, 13156, 13406, 13875, 14698, 14925, 14967, 15120, 15858, 16103, 16733, 16987, 17013, 17298, 17921, 18369, 19178, 19355, 19394, 20065, 20130, 20361, 20490, 20831, 21843, 22561, 23594, 23689, 23755, 23773, 24230, 24370, 25616, 25844, 25861, 25973, 26041, 26123, 26397, 26692, 26821, 26823, 26880, 27166, 27554, 27795, 28032, 28214, 28429, 28511, 29449, 29570, 29721, 30249, 30325, 30537, 30857, 30957, 31048, 31608, 31655, 32205, 33045, 33442, 33625, 33914, 34030, 34556, 34960, 35293, 35464, 35750, 35873, 36856, 37102, 37530, 37783, 37942, 38122, 38147, 38312, 38412, 38618, 38880, 38945, 39266, 39325, 39393, 39479, 39563, 39876, 40013, 40209, 40361, 40568, 40750, 40785, 40800, 40917, 41493, 41759, 42081, 42418, 43024, 43219, 43522, 43641, 43741, 43927, 44077, 44467, 44821, 45153, 45483, 46016, 46369, 46392, 46796, 46877, 46945, 46957, 46990, 47218, 47554, 47673, 47952, 47976, 48266, 48837, 49064, 49327, 49427, 49509, 49672, 49679, 49795, 49831, 49870, 50153, 50342, 50398, 50838, 51340, 51631, 51784, 51899, 52091, 52135, 52137, 52275, 52317, 52365, 52380, 52488, 52512, 52535, 52776, 53378, 53447, 53476, 53480, 53945, 54063, 54394, 54713, 54759, 55213, 55652, 55853, 56154, 56608, 56966, 57106, 57233, 58227, 58337, 58495, 58670, 58707, 58828, 59590, 59690, 59691, 60347, 60396, 60402, 60862, 61709, 61974, 62765, 62875, 63141, 63343, 63477, 63543, 63657, 63676, 63835, 63921, 63926, 64066, 64276, 64283, 64324, 64486, 64539, 64998
652, 819, 2058, 2294, 2435, 2714, 2832, 3043, 3089, 3264, 3320, 4392, 4604, 4694, 4928, 4966, 5061, 5850, 5920, 6100, 6120, 6638, 6818, 6868, 7102, 7146, 7322, 7417, 7447, 8907, 9564, 10049, 11111, 11372, 11892, 11899, 12081, 12700, 13013, 13181, 13309, 13436, 14594, 14784, 14820, 14990, 15326, 15471, 15652, 16000, 16266, 16510, 16718, 16851, 16928, 17006, 17031, 17080, 17249, 17291, 18422, 18529, 18632, 18651, 18839, 19021, 19171, 19515, 19684, 19868, 20106, 20223, 20908, 21127, 21188, 21314, 21688, 22321, 22599, 22770, 22800, 23037, 23339, 23597, 23645, 24901, 25114, 25325, 25329, 25562, 25862, 26323, 26592, 26805, 26855, 27356, 27977, 28733, 28988, 29195, 30142, 30254, 30445, 31017, 31434, 31482, 31737, 31995, 32219, 32577, 32689, 33165, 33931, 34091, 34098, 34160, 34241, 34493, 34717, 34746, 34948, 34977, 35880, 35952, 36458, 36637, 36689, 36846, 36859, 37135, 37965, 38058, 38334, 38396, 38714, 38866, 38923, 39660, 39768, 39993, 40083, 40357, 40464, 40668, 40941, 41005, 41125, 41284, 41475, 41836, 42145, 42274, 42587, 42760, 43238, 43512, 44174, 44279, 44364, 44433, 44568, 44768, 45148, 45361, 45650, 45777, 45831, 46357, 46867, 47070, 47290, 47634, 48030, 48121, 48410, 48754, 48922, 49065, 49509, 49750, 50057, 50618, 51165, 51600, 51625, 52073, 52280, 52376, 52387, 52520, 52551, 52568, 53057, 53722, 53776, 53896, 54077, 54176, 54205, 54235, 54380, 54825, 55066, 55478, 55568, 55751, 55758, 55761, 56139, 56584, 56839, 56916, 57367, 57400, 57403, 57669, 57977, 58059, 58167, 58342, 58477, 58478, 58757, 58771, 59959, 60048, 60325, 60687, 60867, 60916, 61057, 61060, 61061, 61068, 61194, 61415, 61535, 62244, 62371, 62620, 62683, 62801, 63194, 63316, 63857, 63877, 64111, 64139, 64339, 64568, 64593, 64900, 65052, 65072, 65442, 65512
68, 968, 2134, 2508, 2704, 2982, 3327, 3635, 4142, 4164, 4168, 4479, 4625, 5113, 5134, 5287, 5524, 5729, 5838, 6188, 6268, 6659, 6676, 6865, 7169, 7740, 7932, 7965, 8018, 8172, 8416, 8795, 9047, 9134, 9137, 9373, 9490, 9643, 9718, 9753, 9787, 10430, 10499, 10552, 10698, 11061, 11268, 11725, 11769, 11864, 12048, 12397, 13087, 13659, 13715, 15136, 15190, 15262, 15272, 15428, 15819, 16738, 16787, 16808, 17507, 18099, 18310, 18455, 18642, 18800, 18814, 18818, 19282, 19825, 20613, 20655, 20885, 20975, 21673, 21735, 21883, 22395, 22465, 22636, 22799, 22857, 22953, 23439, 23638, 23685, 23939, 24226, 24711, 24780, 25217, 25418, 25747, 25784, 26153, 26411, 26857, 26906, 27288, 27407, 27414, 27420, 27492, 27512, 27970, 28169, 28191, 28370, 28682, 29182, 29317, 29786, 30036, 30140, 30249, 30442, 30863, 31418, 31436, 31657, 32023, 32163, 32171, 32282, 32353, 32543, 32974, 33315, 33432, 33637, 33700, 34034, 34487, 34617, 35115, 35181, 35336, 35474, 35510, 36101, 36334, 36958, 36998, 37287, 37366, 37910, 38646, 38750, 38985, 38996, 39065, 39602, 39788, 40172, 40654, 40703, 41671, 41673, 42009, 42810, 43710, 43736, 43856, 43867, 44425, 45224, 45563, 45753, 45797, 46226, 46626, 46779, 46956, 47162, 47315, 47381, 47411, 47521, 48148, 48363, 48854, 49071, 49127, 49197, 49214, 49277, 49698, 49858, 49898, 50159, 50290, 50315, 50317, 50598, 50783, 50838, 51078, 51205, 51211, 51222, 51898, 52065, 52256, 52637, 52693, 52746, 52794, 52997, 53273, 54169, 54238, 54281, 55580, 56032, 56211, 56480, 57016, 57160, 57266, 57600, 57612, 57801, 57882, 58081, 58208, 58816, 58898, 59057, 59197, 59436, 59480, 59519, 59733, 60165, 60228, 60655, 60724, 60906, 61293, 61701, 61982, 62577, 62722, 63269, 63279, 63611, 64492, 64899, 65041, 65281, 65396, 65424
14, 239, 292, 484, 490, 554, 779, 846, 856, 916, 970, 1026, 1100, 1152, 1569, 1745, 2304, 2393, 2953, 3861, 4120, 4192, 4738, 4798, 5312, 6783, 6883, 8043, 8097, 8221, 8708, 8882, 8966, 9416, 9725, 9982, 10125, 10567, 11509, 11551, 11628, 11895, 12136, 12169, 12249, 12402, 12419, 12673, 12685, 13056, 13672, 14153, 14184, 14375, 14478, 14629, 15070, 15219, 15408, 15498, 15542, 15974, 16073, 16320, 16387, 16408, 16434, 16481, 16938, 16954, 17202, 17469, 17740, 17798, 17975, 18438, 18711, 18841, 18925, 19528, 19642, 19981, 20309, 21007, 21036, 21551, 21585, 21995, 22087, 22232, 22475, 22507, 22562, 22661, 22839, 22934, 23277, 23581, 23867, 24239, 24278, 24900, 24982, 25124, 25207, 25237, 25275, 26002, 26614, 27244, 27372, 27420, 27915, 28019, 28043, 28048, 28148, 28265, 28481, 28564, 28583, 28776, 29363, 29748, 29792, 29869, 29883, 30181, 30549, 30650, 31069, 31341, 31381, 31454, 32507, 33401, 33570, 33604, 34368, 34845, 35172, 35351, 35435, 35611, 36310, 36797, 36804, 36906, 36920, 37267, 37859, 38131, 38376, 38991, 39562, 39621, 39951, 40013, 40191, 40211, 41654, 41666, 41728, 41776, 41913, 42054, 42101, 42367, 42485, 42644, 42738, 42909, 43019, 43032, 43285, 43696, 43875, 44087, 44237, 44349, 44375, 44685, 44950, 45763, 45785, 45813, 46196, 46404, 46474, 46996, 47279, 47347, 47699, 48003, 48069, 48434, 48790, 48810, 49286, 49722, 50042, 50766, 51105, 51192, 51279, 51652, 51705, 51895, 51927, 52517, 53309, 53494, 54321, 54428, 54587, 55120, 55509, 55618, 55697, 55811, 55922, 55958, 56087, 56280, 56393, 56447, 56587, 56898, 57297, 58403, 58656, 58871, 59668, 60020, 60091, 60329, 60685, 60694, 60734, 60957, 60974, 61015, 61657, 62046, 62223, 62343, 62470, 62636, 62868, 62940, 63217, 63563, 64716, 64839, 64962, 65384
179, 496, 501, 566, 729, 1131, 1348, 1481, 1704, 2227, 2334, 2411, 2428, 2703, 3502, 3775, 4081, 4430, 4464, 4555, 4851, 5228, 5295, 5604, 6071, 6619, 6744, 6814, 6916, 6942, 7009, 7098, 7102, 7525, 7589, 7891, 7993, 8609, 9314, 9373, 9449, 9749, 10376, 10590, 10772, 11452, 12442, 12840, 13069, 13888, 14306, 14330, 14457, 15162, 15868, 15952, 16390, 16442, 17087, 17277, 17418, 17510, 17579, 17995, 18208, 18217, 18337, 18462, 18499, 18540, 18566, 18589, 18659, 18875, 20333, 20361, 20818, 21089, 21278, 21323, 22093, 22995, 23029, 23117, 23741, 23769, 23828, 24473, 24886, 25047, 25327, 25538, 25799, 25806, 25988, 26022, 26199, 26214, 26216, 26330, 26701, 26883, 27473, 27477, 27499, 27615, 27654, 28070, 28390, 28454, 28798, 29041, 29133, 29241, 29701, 29873, 29875, 30196, 30700, 30799, 30818, 30886, 30917, 31113, 31161, 31368, 31974, 32756, 32860, 34436, 34621, 34805, 34865, 34997, 35087, 35204, 35314, 35358, 35611, 35657, 35659, 36422, 36899, 37178, 37366, 37442, 37835, 38056, 38586, 39111, 39180, 39189, 39465, 39880, 39938, 39953, 40004, 40190, 40193, 40207, 40321, 40435, 40846, 40925, 41085, 41608, 41946, 42115, 42186, 42325, 42453, 43118, 43251, 43277, 43535, 43566, 43606, 43741, 43869, 44363, 44931, 45167, 45688, 45847, 46692, 46792, 46940, 47339, 47699, 47883, 47998, 48143, 48223, 48802, 48888, 49026, 49241, 49480, 49661, 49779, 50202, 51009, 51192, 51243, 51252, 51670, 52191, 52578, 52633, 52908, 52928, 53512, 54136, 54191, 54385, 54426, 54707, 54951, 55356, 55733, 56089, 56152, 56211, 56754, 56800, 57057, 57962, 57999, 58498, 58796, 59213, 59288, 59380, 59528, 59757, 59821, 59959, 60086, 60355, 60641, 60856, 61847, 61936, 62026, 62811, 62896, 63025, 63443, 63562, 63750, 63882, 64305, 64594, 64665, 64872, 65488
94, 794, 1514, 1651, 1758, 2248, 2490, 2659, 2704, 2895, 2904, 2913, 2953, 3228, 3372, 3409, 3563, 3676, 3712, 3877, 3933, 4023, 4257, 4460, 5232, 5316, 6019, 6338, 6786, 6884, 6896, 7147, 7357, 7371, 7911, 8151, 8380, 8409, 8472, 8932, 8958, 8996, 9222, 9416, 9632, 9720, 10178, 10535, 11330, 11861, 11987, 12070, 12400, 12592, 12927, 13067, 13199, 13695, 14014, 14334, 14446, 14556, 14703, 15245, 15744, 15875, 15993, 16150, 17061, 17219, 17350, 18470, 18569, 18940, 19005, 20120, 20126, 20647, 20839, 20999, 21374, 21376, 21424, 21438, 21670, 22132, 22165, 22336, 22857, 23342, 23667, 23813, 23903, 23914, 24514, 25165, 25171, 25353, 25518, 25661, 25783, 26066, 26477, 26636, 27315, 27382, 27435, 27554, 27763, 27771, 27820, 28023, 28529, 28548, 28593, 28759, 28913, 29152, 29421, 29448, 30384, 30510, 30639, 31209, 31821, 32180, 32472, 33136, 33201, 34040, 34267, 34281, 34505, 35015, 35226, 35329, 35694, 35867, 35921, 36383, 36614, 36644, 37216, 37300, 37343, 37435, 37552, 37960, 38209, 38673, 38912, 39085, 39605, 39830, 39912, 39970, 40367, 41243, 42462, 42597, 42667, 42706, 42918, 43195, 43359, 43611, 43705, 43749, 43796, 43844, 43877, 44207, 44219, 44264, 45248, 45251, 45432, 45756, 46246, 46247, 46323, 46773, 46816, 46933, 47193, 47368, 47832, 47965, 48155, 48249, 48315, 48549, 48941, 49139, 49402, 49847, 49881, 50028, 50247, 50446, 51136, 52537, 52664, 52683, 52968, 53186, 53279, 53576, 53751, 53938, 54022, 54214, 54506, 54535, 55220, 55777, 55814, 55921, 55945, 56302, 56401, 56443, 56492, 56656, 56812, 57116, 57260, 57351, 57670, 58428, 58712, 58911, 59117, 59278, 59946, 60092, 60227, 60307, 60631, 61064, 61938, 61943, 62009, 62017, 62586, 62983, 63410, 63620, 63753, 63772, 63965, 64071, 64102, 64142, 64371, 64556
244, 246, 263, 558, 835, 890, 962, 972, 1001, 1003, 1277, 1530, 1541, 1630, 1733, 1897, 2700, 2980, 3021, 3051, 3388, 4535, 5098, 5257, 5549, 6107, 6476, 6730, 6759, 6822, 7159, 7569, 7655, 7759, 7772, 7799, 7857, 7996, 8575, 8702, 9004, 9133, 9348, 10036, 10068, 10078, 10166, 10377, 11259, 11441, 11518, 11585, 11700, 11794, 12012, 12055, 12173, 12406, 12653, 12777, 12854, 14098, 14347, 14691, 15087, 15554, 15581, 15602, 15608, 15724, 15929, 16245, 16270, 16294, 16463, 16543, 16698, 17094, 17169, 17397, 17547, 17760, 18198, 18905, 18920, 19494, 19839, 19849, 20017, 20186, 20277, 20882, 21290, 21811, 22160, 22207, 22863, 23109, 23519, 23794, 24484, 24517, 24529, 24630, 24650, 25263, 25442, 25492, 25495, 25555, 25914, 26056, 26124, 26271, 26559, 26818, 26947, 27388, 27702, 27772, 27790, 28371, 28410, 29589, 29712, 29816, 29840, 30094, 30095, 30553, 30956, 30964, 31598, 31697, 31992, 32109, 32483, 33599, 33726, 34201, 34435, 34588, 34706, 34806, 35202, 35543, 35962, 36248, 36324, 37216, 37550, 37842, 37986, 38163, 38331, 39423, 40179, 40706, 41027, 41337, 41394, 41553, 41572, 41618, 41660, 41760, 42308, 42553, 42585, 43810, 44211, 44427, 44569, 44710, 44882, 45457, 45670, 45778, 46092, 46281, 46384, 47142, 47537, 47566, 47663, 47795, 47951, 48243, 48306, 48371, 48656, 48802, 49556, 50402, 50469, 50682, 50879, 51386, 51954, 53080, 53101, 53184, 53641, 53822, 53907, 54260, 54596, 54676, 54786, 54967, 55209, 55662, 55798, 56044, 56228, 56268, 56586, 57422, 57541, 57819, 58730, 58835, 59030, 59146, 59454, 59793, 59828, 59839, 59927, 60344, 60392, 60526, 60623, 60835, 60884, 61328, 61942, 62044, 62446, 62611, 62632, 62640, 62752, 62886, 63094, 63138, 63196, 63370, 63414, 63445, 63996, 64073, 64410, 65189, 65356, 65374
297, 946, 954, 978, 1465, 1589, 1819, 2126, 2523, 2613, 2729, 2825, 3274, 3315, 3506, 3626, 3828, 4168, 4708, 4829, 5151, 5753, 6243, 6312, 6682, 6741, 6971, 7137, 7300, 7381, 7856, 7928, 8059, 8113, 8452, 8625, 8636, 9126, 9433, 9587, 9729, 9790, 9847, 10014, 10041, 10349, 10754, 11308, 11336, 11697, 11698, 11822, 12244, 12786, 13006, 13255, 13266, 13590, 13857, 13948, 14376, 14462, 14781, 15056, 15199, 15210, 16071, 16094, 16120, 16122, 16160, 16344, 16367, 17393, 17487, 17890, 18055, 18619, 18651, 19408, 19514, 19977, 20038, 20290, 20947, 21857, 22028, 22247, 22920, 22970, 23463, 23688, 23760, 23763, 23787, 24027, 24106, 24259, 24811, 25030, 25186, 25213, 25885, 26001, 26610, 26708, 26877, 26991, 27216, 27396, 27464, 27525, 27579, 27767, 27874, 28003, 28122, 28790, 29019, 29048, 29351, 29551, 29634, 30129, 30283, 30999, 31483, 31795, 32170, 32569, 32780, 33483, 33520, 33549, 34208, 34549, 34973, 35310, 35402, 35490, 35713, 35956, 36019, 36193, 36355, 36690, 36929, 36960, 36965, 37096, 37261, 37282, 37600, 37859, 37901, 38428, 38920, 38933, 39062, 39322, 39946, 41052, 41150, 41200, 41294, 42146, 42241, 42549, 42880, 42933, 43342, 43346, 43423, 43496, 44006, 44800, 45001, 45020, 45972, 46093, 47460, 47618, 48406, 49008, 49397, 49775, 49888, 49891, 50326, 50429, 50591, 50649, 50719, 51068, 51268, 51523, 51565, 52824, 53061, 53419, 53423, 53622, 54033, 54472, 54640, 55273, 56020, 56165, 56244, 56628, 56726, 57005, 57259, 57360, 57411, 57610, 57797, 57811, 58200, 58260, 58263, 58329, 58531, 58674, 58781, 58947, 59234, 59670, 59690, 59981, 60045, 60160, 60193, 60638, 60810, 60885, 61141, 61608, 61672, 62339, 62769, 63000, 63017, 63282, 63315, 63330, 63517, 63854, 63965, 63971, 64123, 64803, 65041, 65079, 65196, 65357
67, 183, 919, 970, 1105, 1282, 1346, 1854, 1995, 2263, 2299, 2457, 2988, 3124, 3654, 4047, 4268, 4295, 4998, 5483, 5598, 5841, 5854, 5950, 5972, 6070, 6295, 6627, 6892, 7219, 7236, 7328, 7361, 7795, 8368, 9248, 9624, 9668, 9867, 10045, 10058, 10214, 10430, 10742, 11304, 11430, 11535, 11559, 11607, 12186, 12749, 12817, 12967, 13114, 13442, 13976, 13994, 14316, 14390, 14510, 14916, 15071, 15105, 15162, 15198, 15392, 15394, 15410, 15732, 15811, 15956, 16087, 16238, 16308, 16590, 16750, 17304, 18296, 18387, 18478, 18636, 18644, 19343, 19552, 19948, 20202, 20615, 20735, 21206, 21235, 21344, 22249, 22435, 22984, 23032, 23152, 23267, 23930, 23932, 24046, 24550, 24755, 24852, 25030, 25082, 25109, 25153, 25555, 25617, 25801, 26914, 27040, 27475, 27482, 27828, 27944, 28254, 28289, 28860, 29261, 29717, 29923, 30419, 30686, 31103, 31222, 31231, 31521, 31955, 31966, 32867, 32929, 33120, 34079, 34120, 34224, 34357, 34455, 34822, 34993, 35207, 35389, 35498, 35793, 36203, 36503, 37036, 37130, 37519, 37713, 37952, 38078, 38081, 38193, 38253, 38327, 38650, 39124, 39280, 39300, 39329, 39346, 39361, 41238, 41853, 42752, 42781, 43138, 43355, 43377, 43573, 43828, 44193, 44567, 45085, 45402, 45471, 45617, 45680, 45894, 45942, 45999, 46037, 46301, 46753, 47067, 47422, 47678, 47716, 47751, 47758, 47974, 48513, 48577, 48583, 48587, 48953, 49543, 49583, 49906, 49922, 49978, 50416, 50544, 50673, 51197, 51372, 51460, 51796, 52097, 52697, 52715, 53185, 53401, 54118, 54379, 54411, 54559, 54579, 54613, 54833, 54860, 54970, 55097, 55483, 55600, 57006, 57441, 57519, 57988, 58058, 58251, 58477, 58535, 58616, 58900, 59221, 59589, 59828, 59887, 60028, 60140, 60775, 61217, 61357, 61417, 63690, 63739, 64019, 64028, 64503, 64727, 64822, 65275, 65296, 65513
128, 218, 258, 702, 750, 868, 1084, 1244, 1313, 2114, 2909, 2937, 3008, 3254, 3545, 3550, 3628, 3987, 4202, 4361, 4582, 5395, 5506, 5891, 6116, 7145, 7391, 7601, 7942, 8000, 8342, 8403, 8585, 9091, 9281, 9410, 9535, 9647, 10074, 10442, 10732, 10744, 10846, 11225, 11295, 11778, 12321, 12536, 13408, 13760, 14080, 14518, 14643, 14694, 15249, 15283, 15424, 15678, 15764, 15780, 15922, 16437, 16653, 16920, 17479, 18773, 19123, 19134, 19169, 19771, 20005, 20026, 20168, 20222, 20249, 20458, 21410, 21450, 22453, 22582, 22732, 23386, 23390, 23438, 23800, 23817, 23859, 23957, 24026, 24168, 24213, 24336, 24723, 24794, 25176, 26302, 26347, 26462, 26684, 27245, 28064, 28126, 28499, 28676, 28772, 28849, 28999, 29037, 29379, 29620, 29757, 30211, 30289, 30464, 30531, 30549, 30669, 30679, 30784, 31115, 31120, 31424, 31851, 32279, 32280, 32641, 33468, 33555, 33572, 33574, 34096, 34486, 34575, 35141, 36044, 36048, 36229, 36586, 36640, 37057, 37376, 37420, 38047, 38065, 38190, 38428, 38850, 38948, 39010, 39157, 39497, 39620, 39856, 39979, 40044, 40230, 40269, 40333, 40698, 40941, 41115, 41142, 41285, 41795, 41996, 42397, 42986, 43171, 43345, 43354, 43369, 43781, 43956, 44088, 44090, 44113, 44391, 44422, 44514, 44735, 44956, 45754, 45978, 46549, 46656, 47134, 47278, 47520, 47577, 47660, 47698, 48033, 48260, 48267, 48297, 48778, 49083, 49145, 49536, 49855, 49986, 50222, 50689, 50754, 50799, 50834, 51005, 51099, 51196, 51324, 51409, 51622, 51979, 52016, 52246, 52634, 52988, 53154, 53402, 53796, 53859, 54584, 55018, 55245, 55611, 55728, 55855, 56054, 56064, 56738, 56886, 57465, 57836, 58333, 58493, 58514, 60433, 60560, 60994, 61594, 61610, 61709, 61901, 62162, 62663, 63133, 64127, 64281, 64287, 64483, 64707, 64726, 65021, 65027, 65145, 65360
83, 158, 282, 774, 1085, 1583, 1644, 2105, 2874, 3049, 3396, 3946, 4141, 4652, 4766, 4898, 5168, 5460, 5622, 5691, 5780, 6074, 6221, 6503, 6838, 6868, 7321, 7338, 7818, 7907, 8049, 8096, 8134, 8155, 8209, 8382, 8704, 8750, 8882, 9012, 9557, 9672, 9757, 9802, 9826, 9956, 9974, 10213, 10535, 10788, 10988, 11029, 11085, 11298, 11321, 11585, 12317, 12405, 12798, 12859, 13076, 13078, 13338, 13650, 13729, 13839, 13888, 13931, 14156, 14335, 14455, 14679, 14793, 15322, 15566, 15572, 15789, 16122, 16246, 16886, 16887, 17521, 17645, 17767, 18012, 18393, 18783, 19115, 19167, 19301, 19510, 19909, 20521, 20864, 21424, 21505, 22112, 22360, 22742, 23415, 23451, 23506, 23580, 23686, 23815, 24249, 25180, 25295, 25367, 26253, 26458, 26694, 26936, 27330, 27477, 27510, 27819, 27971, 28691, 29205, 29238, 29250, 29388, 29945, 29982, 30271, 30593, 30906, 32249, 32928, 33159, 33255, 33257, 33593, 33947, 34081, 34185, 34441, 34934, 35269, 35466, 35480, 36044, 37048, 37092, 37623, 37681, 38497, 39273, 39922, 39947, 40125, 40248, 40841, 41222, 41311, 41402, 41442, 41860, 41947, 42055, 42333, 42490, 43476, 43493, 43883, 44243, 44647, 44668, 44779, 44891, 45120, 45476, 45695, 45932, 46026, 46331, 46476, 46513, 46650, 47095, 47188, 47328, 47654, 47719, 47768, 47955, 48131, 48192, 48279, 49621, 50430, 50876, 51119, 51360, 51499, 51813, 52004, 52011, 52211, 52348, 52515, 52751, 53077, 53189, 53203, 53577, 53821, 54020, 54185, 54204, 54209, 54518, 54707, 54801, 54967, 55221, 55239, 55984, 56095, 56190, 56283, 56608, 56981, 57162, 57172, 57541, 58038, 58188, 58236, 58330, 58351, 58614, 58660, 59001, 59528, 59895, 60014, 60109, 60266, 60363, 60925, 61159, 61535, 62390, 62693, 63340, 63416, 63418, 63537, 63908, 63940, 64120, 64502, 65107, 65466
402, 561, 750, 955, 1532, 1916, 3318, 3631, 3744, 3890, 3980, 4545, 4828, 5453, 5864, 6056, 7174, 7246, 7728, 7745, 7889, 8247, 8893, 8896, 9096, 9113, 9169, 9756, 10487, 10765, 11005, 11365, 11435, 11620, 11796, 11837, 11846, 11859, 11984, 11995, 12417, 12474, 12551, 12619, 12985, 13527, 13856, 14053, 14187, 14453, 14830, 14873, 14886, 14975, 15380, 15558, 15669, 16029, 16030, 16261, 16337, 16907, 17095, 17392, 17694, 17698, 17898, 18607, 18782, 19221, 19655, 19662, 19805, 20503, 20556, 20616, 20912, 21372, 21466, 21577, 21691, 21990, 22205, 22287, 22563, 23383, 23615, 23773, 24615, 24788, 25232, 25276, 25778, 25893, 26033, 26331, 26795, 26932, 27088, 27332, 27695, 27731, 27779, 28233, 28448, 29042, 29296, 29333, 29457, 29490, 29707, 30266, 30329, 30721, 30751, 30798, 31224, 31356, 31478, 31551, 32769, 32888, 33080, 33333, 33399, 33664, 33729, 33776, 33993, 34104, 34291, 34836, 35439, 35550, 35872, 36179, 36287, 36969, 37055, 37062, 37581, 37732, 38058, 38167, 38835, 38967, 39179, 39280, 39505, 39791, 40130, 41059, 41221, 41313, 41348, 41382, 41406, 41950, 41955, 42351, 42723, 42984, 42993, 43240, 43429, 43652, 44014, 44298, 44719, 45153, 45240, 45276, 45662, 45678, 45898, 46294, 46301, 46601, 46831, 47244, 47638, 47757, 48002, 48226, 48549, 48863, 49089, 49095, 49546, 49669, 50040, 50572, 50586, 50932, 51037, 51213, 51553, 51640, 52050, 52136, 52393, 52867, 53150, 53575, 53799, 53837, 53839, 53851, 53939, 54119, 54267, 54331, 54633, 54796, 54894, 55019, 55125, 55271, 55358, 56698, 57509, 57796, 58866, 58895, 58931, 58993, 59098, 59191, 59411, 59440, 59464, 59531, 59711, 59745, 60598, 60668, 60707, 61047, 61059, 61750, 61878, 61943, 62034, 62381, 62915, 63433, 63726, 63943, 64204, 64323, 64342, 64344, 64731, 64798, 65090, 65317
204, 379, 613, 779, 851, 931, 1167, 1512, 1560, 1886, 2308, 2314, 2502, 2559, 2936, 3058, 3420, 3681, 3768, 4261, 4348, 4364, 4614, 4616, 5026, 5083, 5141, 5500, 5557, 5852, 5921, 6112, 6823, 7005, 7009, 7338, 7789, 7846, 8165, 8214, 8349, 8883, 9772, 10098, 10795, 10816, 11113, 11131, 11208, 11241, 11404, 11445, 11662, 11872, 12178, 12850, 12888, 13097, 13435, 13450, 13730, 14190, 14280, 14668, 14892, 15208, 15226, 15260, 16101, 16219, 16244, 16622, 16811, 17371, 17906, 18038, 18643, 18687, 18967, 19081, 19108, 19493, 19753, 20189, 20554, 20889, 20927, 20933, 21411, 21655, 21679, 22008, 22818, 22836, 22935, 24324, 24427, 24574, 24852, 25415, 25637, 25728, 25885, 26218, 26731, 27248, 27458, 27727, 27943, 27992, 28279, 28346, 28625, 29227, 29696, 29968, 30004, 30179, 30273, 30363, 30707, 30913, 31243, 31429, 31576, 31588, 31619, 32048, 32305, 32768, 32793, 33092, 33552, 33603, 34907, 34930, 35121, 35408, 35483, 35903, 36385, 36720, 36841, 36895, 36931, 36970, 37150, 37243, 37666, 37726, 38090, 38176, 38492, 39058, 39143, 39527, 39547, 39621, 40241, 40440, 40886, 41079, 41081, 41471, 41575, 41770, 42093, 42951, 43074, 43075, 43204, 43328, 43796, 44054, 44638, 44756, 45412, 45661, 45791, 45860, 45915, 46114, 46620, 46808, 47002, 47211, 47689, 47730, 47776, 47787, 47875, 48162, 48359, 49094, 49206, 49954, 50027, 50205, 51676, 51812, 52013, 52443, 52519, 52524, 52793, 52815, 53421, 53568, 53871, 54202, 54503, 54548, 54838, 55266, 55272, 55613, 56180, 56344, 56371, 56784, 56944, 57284, 57687, 57889, 57922, 58316, 58566, 58798, 59749, 60175, 60201, 60578, 60918, 61130, 61222, 61255, 61432, 61522, 61803, 61854, 62005, 62115, 62512, 62663, 62810, 62865, 62964, 63297, 63317, 63435, 63654, 63693, 63947, 64322, 64681, 65033
236, 267, 370, 548, 706, 1841, 2160, 2318, 2448, 2815, 3093, 3171, 3230, 3323, 3394, 3448, 3618, 4144, 4418, 4549, 4579, 4631, 4869, 5044, 5465, 5685, 6026, 6406, 6940, 6948, 6966, 7040, 7093, 7232, 7461, 7601, 7609, 7717, 8605, 9475, 9740, 9825, 9981, 10063, 10164, 10300, 10474, 10500, 10605, 10967, 11142, 11305, 11370, 11403, 11494, 11498, 12154, 12218, 12281, 12922, 13021, 13267, 13368, 13507, 13732, 13794, 14048, 14400, 14756, 14911, 14989, 15623, 15782, 15838, 16029, 16059, 16221, 16596, 16771, 17024, 17174, 18199, 18229, 18353, 18609, 18906, 18942, 18962, 19387, 19532, 20622, 20807, 21291, 21689, 21756, 21865, 22112, 22139, 22141, 22183, 22357, 22452, 22484, 22660, 22743, 22812, 23065, 23190, 23233, 23292, 23520, 24562, 26120, 26146, 26530, 26586, 26635, 26963, 27213, 29007, 29042, 29045, 29539, 29783, 29807, 29864, 30161, 30274, 30415, 30590, 30836, 30957, 31239, 31304, 31850, 32045, 32199, 32204, 32362, 32387, 33533, 33715, 33766, 34309, 34845, 34883, 34900, 35015, 35502, 35600, 35846, 36026, 36117, 36576, 37057, 37089, 37661, 37862, 37906, 38510, 38870, 39321, 39776, 40090, 40398, 40413, 41156, 41525, 41540, 42599, 42935, 42967, 43508, 44398, 45455, 45630, 45695, 45852, 45951, 46451, 46714, 47755, 47780, 48068, 48075, 48422, 48793, 48854, 48869, 48881, 48978, 49152, 49437, 49688, 49769, 50075, 50199, 50294, 50369, 50486, 50788, 51503, 51559, 52098, 52221, 52575, 53977, 54094, 54244, 54279, 54394, 54536, 54816, 54990, 55092, 55393, 55842, 55868, 56123, 56372, 56759, 57172, 57200, 57318, 57503, 57609, 57761, 58402, 58504, 58561, 58784, 58938, 58967, 59344, 59450, 59765, 60389, 60620, 60692, 61042, 61332, 61765, 61961, 62564, 63284, 63304, 63673, 63846, 63906, 63946, 64027, 64115, 64914, 65221, 65425, 65534
152, 651, 717, 749, 837, 1091, 1672, 2148, 2342, 2352, 2397, 2603, 3092, 3232, 3406, 3424, 3471, 3638, 4517, 4770, 4954, 5058, 5455, 5544, 5989, 6071, 6858, 6936, 6960, 7927, 7959, 8515, 8699, 9117, 9252, 9454, 9492, 10168, 10174, 10244, 10424, 10865, 11023, 11884, 11952, 11954, 12161, 12317, 12920, 13962, 14002, 14152, 14630, 14904, 14978, 15288, 15335, 15481, 15660, 15717, 15971, 16013, 16672, 16763, 16977, 16998, 17104, 17164, 17342, 17412, 18033, 18055, 18155, 19004, 19111, 19471, 19535, 19597, 19941, 20446, 20796, 20982, 21007, 21045, 21252, 21508, 22002, 22314, 22501, 23293, 23667, 24015, 24043, 24082, 24363, 25043, 25198, 25437, 25624, 25692, 25919, 26318, 26459, 26497, 26504, 26655, 27511, 28186, 28271, 28274, 28319, 28379, 28598, 28692, 28925, 29133, 29143, 29190, 29642, 30521, 30550, 30657, 31252, 31697, 32662, 32947, 33112, 33156, 33495, 33633, 34153, 34336, 34499, 34806, 34971, 35827, 36939, 36967, 37362, 37690, 37982, 38074, 38550, 39198, 39786, 39818, 40128, 40239, 41026, 41146, 41587, 41752, 41943, 42091, 42408, 42608, 42647, 42787, 43033, 43159, 43261, 43485, 43515, 43529, 43698, 43986, 43989, 44134, 44393, 44416, 44878, 44926, 45266, 45364, 45444, 45497, 45531, 45816, 45935, 46003, 46097, 46314, 46443, 46833, 46892, 47641, 47775, 47871, 48311, 48713, 49034, 49319, 49329, 49689, 49742, 50154, 50272, 50336, 50448, 50848, 51014, 51024, 51307, 51638, 52028, 52341, 52616, 52714, 53002, 53365, 53630, 53817, 53885, 54064, 54302, 54472, 54500, 54512, 54693, 54864, 56141, 56319, 56328, 56338, 57827, 57889, 57963, 57997, 58010, 58243, 58404, 58410, 58785, 58871, 59146, 59168, 59544, 60311, 60622, 61437, 61540, 61612, 61760, 62026, 62172, 63318, 63706, 63822, 63856, 64053, 64347, 64759, 64948, 65052, 65140, 65170
110, 386, 549, 646, 739, 921, 937, 1309, 1694, 2022, 2044, 2374, 2399, 2571, 2597, 2834, 3527, 4239, 4242, 4376, 4762, 4871, 4938, 5083, 5484, 5602, 6349, 6543, 6859, 6958, 7181, 7222, 7922, 8178, 8265, 8697, 8758, 8777, 9418, 9632, 9705, 9951, 10111, 10142, 10351, 10439, 10553, 11485, 11678, 12360, 12386, 12718, 13056, 13061, 13308, 13360, 13824, 14162, 14317, 14466, 14783, 14879, 15112, 15491, 16505, 16617, 17235, 17549, 17652, 17750, 17818, 17845, 17847, 17961, 18181, 18502, 18770, 18796, 19105, 19183, 19220, 19294, 19443, 19589, 19719, 19946, 20179, 20349, 20525, 20631, 20644, 21240, 21432, 21890, 22906, 23271, 23391, 23533, 23566, 23588, 23639, 23789, 24258, 24737, 24882, 24975, 25858, 26032, 26109, 26676, 27081, 27419, 27492, 27515, 27537, 27807, 27999, 28333, 28537, 29556, 29829, 30033, 30130, 30609, 30677, 30751, 30988, 31113, 31995, 31997, 32059, 32171, 32418, 32576, 33731, 34724, 34762, 34889, 34988, 35401, 36000, 36018, 36102, 36392, 36507, 36526, 36528, 36658, 37637, 37758, 37817, 37823, 37948, 37991, 38087, 38290, 38453, 38574, 39656, 40086, 40847, 41840, 42303, 42399, 42731, 42785, 43061, 43104, 43321, 43528, 43588, 43627, 44005, 44139, 44198, 44279, 44446, 44784, 44867, 45579, 45951, 46070, 46973, 47368, 47479, 47578, 48087, 48099, 48297, 48856, 48936, 49020, 49437, 49658, 49995, 50333, 50542, 50612, 50844, 50926, 50946, 51355, 51528, 51617, 52312, 52365, 52510, 52949, 53544, 54227, 54596, 54662, 54761, 55077, 55377, 55869, 56217, 56420, 56530, 56531, 56549, 56587, 56972, 57099, 57145, 57546, 57579, 57785, 58878, 58949, 59548, 59578, 59617, 59714, 60075, 60643, 60789, 60889, 60991, 62181, 62210, 62959, 63008, 63152, 63533, 64144, 64158, 64355, 64518, 64651, 64868, 64940, 65087, 65165, 65198, 65443
228, 338, 442, 548, 593, 913, 1232, 1237, 1467, 1852, 2091, 2993, 3677, 3962, 3988, 4023, 4094, 4462, 5003, 5026, 5468, 5900, 6023, 6490, 6496, 6510, 6552, 7214, 7249, 8229, 8254, 8340, 8568, 8679, 8750, 8824, 8895, 9667, 9791, 10059, 10113, 10568, 10659, 10911, 10998, 11104, 11387, 11815, 11820, 12226, 12436, 12617, 12776, 13105, 13280, 13560, 13631, 13660, 13680, 14185, 14222, 14369, 14439, 15134, 15379, 15957, 16634, 17302, 18454, 18776, 18970, 19365, 19422, 19995, 20036, 20376, 20973, 21325, 21353, 21770, 21841, 22002, 22075, 22110, 22125, 22146, 22683, 22868, 22986, 23279, 23818, 24276, 24537, 24673, 25343, 25404, 25799, 25823, 26366, 26856, 26930, 27179, 27479, 27702, 28038, 28086, 28138, 28214, 28517, 28573, 28597, 29056, 29288, 29426, 29455, 29585, 29629, 29655, 29699, 30303, 30874, 30900, 31049, 31159, 31183, 31447, 31454, 31590, 31742, 32153, 32172, 32615, 32776, 32932, 33096, 33270, 33287, 33372, 33717, 33858, 33906, 34115, 34365, 34427, 34910, 34946, 34990, 34994, 35065, 35664, 35712, 36724, 36764, 36838, 36888, 37177, 37850, 37866, 38128, 38439, 38825, 39251, 39427, 39653, 39655, 39688, 39989, 39997, 40106, 40306, 40529, 40561, 40766, 41488, 41558, 41967, 41990, 42141, 42323, 42417, 42478, 42863, 43127, 43133, 43437, 43482, 43549, 43775, 44459, 44614, 46161, 46203, 46378, 47119, 47262, 47747, 47885, 48421, 48455, 48808, 48815, 48831, 49117, 49255, 49612, 50134, 50446, 50498, 50825, 51009, 51296, 51405, 51527, 52132, 53211, 53487, 53873, 54413, 54437, 54905, 55805, 57018, 57162, 57226, 57280, 57435, 57686, 57759, 58670, 59127, 59495, 60330, 60376, 61015, 61155, 61204, 61249, 61580, 61696, 62040, 62255, 62378, 62612, 62688, 62829, 63288, 63323, 63908, 64099, 64402, 64582, 64633, 65176, 65259, 65367, 65459
43, 215, 867, 871, 971, 1044, 1370, 1618, 1996, 2495, 2569, 2966, 3475, 4184, 4208, 4219, 4300, 4656, 4741, 4954, 5067, 5133, 5327, 5745, 5882, 5981, 6029, 6162, 6306, 6407, 6445, 6727, 6775, 6920, 7015, 7482, 7509, 7542, 7737, 7754, 8235, 8342, 8527, 8622, 9124, 9157, 9790, 9832, 9924, 10129, 10321, 10612, 10736, 10887, 11026, 11255, 11463, 11519, 11574, 11840, 11888, 11919, 12150, 12296, 12325, 12552, 12826, 14325, 14886, 15193, 15195, 15399, 15499, 16175, 16196, 16423, 16671, 17120, 17151, 17154, 17314, 17367, 18355, 18543, 19111, 19271, 19415, 20274, 21416, 21987, 22457, 22575, 22793, 22798, 22799, 23031, 23102, 23361, 23505, 24127, 24158, 24243, 24329, 24397, 24401, 24572, 24881, 25063, 25481, 26011, 26030, 26454, 26616, 26755, 27279, 27485, 27714, 27887, 28772, 28927, 28946, 29281, 29313, 29383, 29555, 29681, 29752, 29979, 31014, 31099, 31481, 31592, 31606, 31743, 32062, 32685, 32814, 33493, 33914, 34127, 34218, 34799, 34855, 34946, 34974, 35429, 35529, 35665, 35767, 36035, 36307, 36380, 36469, 36793, 37140, 38261, 38685, 38933, 38934, 39209, 39245, 39889, 39930, 40072, 40073, 40661, 41267, 41970, 42274, 42549, 42934, 42973, 43636, 43762, 44461, 44649, 44679, 45106, 45715, 45737, 46341, 46693, 46716, 46880, 46930, 47445, 47636, 47992, 48404, 48482, 48491, 48705, 48914, 48935, 48956, 49300, 49306, 49510, 49659, 49703, 49927, 50150, 50695, 50732, 51200, 51549, 51731, 51858, 52022, 52959, 53065, 53112, 53125, 53166, 53682, 53683, 53825, 54578, 54795, 54849, 55124, 55527, 55616, 55797, 56209, 56389, 56558, 57485, 57555, 57592, 57726, 57915, 58096, 58154, 58191, 58803, 59209, 59294, 59392, 59530, 59531, 60818, 60993, 61178, 61610, 62098, 62889, 62985, 62987, 63004, 63117, 63279, 64176, 64269, 64593, 65445
255, 561, 664, 844, 1232, 1694, 1916, 1979, 2062, 2493, 2951, 3337, 3699, 3702, 3873, 3875, 3942, 4582, 4651, 4695, 5015, 5329, 6648, 7118, 7673, 7973, 8137, 8329, 8330, 8548, 8949, 9145, 9359, 9505, 9818, 9832, 10353, 10508, 11233, 11743, 12542, 12902, 12943, 12962, 13102, 13376, 13529, 14040, 14291, 14487, 14783, 14904, 14955, 15082, 15213, 15921, 16073, 16598, 16656, 16758, 17297, 17472, 18531, 18766, 18924, 19180, 19439, 19553, 19939, 20150, 20168, 20498, 21251, 21814, 21825, 21835, 21981, 22584, 22659, 22921, 23210, 23583, 24009, 24098, 24416, 24518, 24538, 24999, 25132, 25511, 25686, 25883, 25989, 26188, 26284, 26401, 26718, 26739, 26842, 27015, 28097, 28236, 28393, 28450, 28458, 28645, 28887, 28970, 29427, 29904, 30423, 30634, 30713, 30802, 31790, 31801, 32673, 33359, 33885, 34166, 34298, 34987, 35181, 35304, 35453, 35556, 35669, 36010, 36066, 36235, 36468, 36709, 36771, 37443, 37629, 38830, 39097, 39671, 40269, 40440, 40822, 41055, 41187, 41274, 41782, 41860, 42138, 42245, 42990, 43036, 43707, 43794, 43930, 44149, 44742, 44743, 46034, 46116, 46133, 46257, 46395, 46441, 46664, 46727, 46854, 47232, 47322, 47382, 47425, 47614, 48041, 48175, 48464, 48577, 48932, 49008, 49132, 49368, 49706, 49938, 50083, 50114, 50268, 50275, 50335, 50521, 50540, 50677, 50745, 50764, 50971, 51171, 51207, 51228, 51540, 51565, 51917, 52309, 52374, 52717, 52755, 52896, 52935, 53107, 53137, 53252, 53321, 53823, 53912, 53932, 53973, 54040, 54350, 54380, 54391, 54628, 54842, 54869, 56127, 56307, 56433, 56523, 56551, 56849, 57164, 57254, 57543, 57764, 58703, 58707, 58981, 59044, 59211, 59273, 60249, 61026, 61106, 61240, 61347, 61567, 62293, 62311, 62693, 62701, 62965, 63372, 63408, 63799, 63836, 63991, 64150, 64386, 65068, 65090, 65173, 65276
112, 566, 608, 803, 828, 1038, 1222, 1280, 1695, 1932, 1934, 2335, 2355, 2720, 3007, 3143, 3436, 3533, 3940, 4473, 4535, 5649, 5788, 5992, 6181, 7445, 7736, 8024, 8040, 8604, 8663, 10185, 10306, 10887, 10899, 11151, 11208, 11317, 11448, 11709, 12103, 12590, 12735, 12975, 13057, 13409, 13417, 13420, 13429, 14139, 14388, 14397, 14422, 14819, 15336, 15829, 15871, 16060, 16399, 16451, 17619, 18000, 18009, 18115, 18859, 19200, 19273, 19337, 19428, 19853, 19872, 19972, 20259, 20395, 20583, 20925, 21264, 21302, 21377, 21547, 21839, 22395, 22445, 22825, 23069, 23311, 23982, 24154, 24177, 24181, 24261, 24421, 24497, 24508, 24518, 25228, 25557, 25735, 25837, 26053, 26141, 26333, 26480, 26492, 26684, 27198, 27788, 27860, 27873, 27880, 27961, 28207, 28211, 28269, 28408, 28563, 28670, 28742, 29035, 29093, 29383, 29523, 30349, 30386, 31287, 31402, 31564, 31585, 31590, 31593, 31638, 31841, 31961, 32377, 32660, 32685, 32869, 33757, 33888, 34019, 34025, 34613, 34761, 34931, 34946, 34992, 35079, 35174, 35725, 35815, 36190, 36252, 36269, 36313, 36559, 36929, 37228, 38964, 39004, 39190, 39519, 39815, 40108, 40365, 40427, 40572, 40714, 40824, 41020, 41184, 41330, 41433, 42132, 42221, 42595, 43297, 43502, 43575, 43715, 43780, 43993, 44065, 44242, 44625, 44824, 45849, 46281, 46297, 46853, 46885, 47276, 47953, 48360, 48448, 48757, 49400, 49487, 49598, 50091, 50309, 50642, 50748, 50787, 50802, 51265, 51423, 51693, 51798, 51802, 51900, 52386, 52688, 53267, 54016, 54303, 55230, 55231, 56179, 56307, 56423, 56664, 57225, 57351, 57450, 57637, 57640, 57729, 57827, 57914, 58423, 58628, 58768, 59098, 59130, 59172, 59538, 59718, 59927, 60018, 60164, 60565, 60743, 60935, 60961, 61144, 61496, 61554, 62268, 63062, 63333, 63548, 63650, 64075, 64348, 64477, 64635
626, 1089, 1126, 1691, 1966, 2097, 3126, 3703, 4107, 4284, 4625, 4725, 4777, 5232, 5667, 5760, 6017, 6045, 6105, 6200, 7291, 7589, 8050, 8154, 8280, 8373, 8502, 9178, 9519, 10125, 10172, 10654, 11063, 12041, 12502, 12811, 13179, 13180, 13567, 13584, 13671, 13701, 13846, 14114, 14425, 14467, 14664, 14678, 14714, 15592, 15682, 15824, 15881, 15992, 16539, 16971, 17514, 17566, 18036, 18149, 18174, 18244, 18716, 19321, 19373, 19398, 19462, 19818, 20054, 20254, 20706, 20727, 21354, 21857, 21859, 21933, 21972, 22437, 22624, 22756, 22798, 22854, 22878, 22901, 23481, 23509, 23576, 24845, 25195, 25402, 26896, 27961, 28168, 28170, 28310, 28632, 28656, 28802, 29049, 29145, 29488, 29636, 29687, 30224, 30309, 30416, 30627, 30678, 30696, 30880, 31065, 31324, 31469, 31661, 31824, 31889, 32324, 32372, 32633, 32913, 33518, 34424, 34491, 34848, 34853, 34961, 35086, 35136, 35346, 35705, 36069, 36678, 36737, 36758, 36776, 36946, 37383, 38040, 38082, 38248, 38577, 38735, 38834, 39678, 39717, 39842, 40177, 40271, 40554, 40650, 41419, 41737, 41746, 41824, 42153, 42204, 42312, 42800, 43803, 43843, 44055, 44190, 44350, 44639, 44924, 45058, 45119, 45669, 45869, 45872, 45931, 46064, 46348, 46362, 46375, 46382, 46449, 46467, 46985, 47060, 47393, 47440, 47558, 47640, 47718, 47859, 47963, 48121, 48185, 49126, 49176, 49221, 49266, 49269, 49431, 50102, 50177, 50621, 50677, 50739, 51191, 51694, 51755, 52036, 52263, 52912, 52958, 54094, 54556, 54970, 55006, 55023, 55404, 55489, 55605, 55948, 55986, 56119, 56281, 56915, 56949, 57169, 57338, 57414, 57962, 58501, 58856, 58927, 58979, 59191, 59290, 59573, 59673, 59839, 60261, 60374, 60766, 61048, 61107, 61907, 62162, 62485, 63008, 63115, 63454, 63573, 63606, 63766, 64054, 64207, 64280, 64545, 64594, 64643, 64670, 65003
293, 319, 1364, 1414, 1446, 1635, 1788, 1818, 2059, 2070, 2185, 3111, 3204, 3419, 3561, 3587, 3605, 3606, 3691, 3955, 4152, 4390, 4464, 4604, 4735, 5315, 5392, 5419, 5766, 6006, 6104, 6204, 6286, 6521, 6720, 7139, 7307, 7815, 8096, 8253, 8591, 9387, 9592, 9732, 9981, 10315, 10855, 11289, 11338, 11485, 11498, 11679, 11809, 12188, 12401, 12942, 12977, 13015, 13023, 13434, 13470, 13817, 14222, 14354, 14585, 14873, 14950, 15016, 15225, 15701, 16032, 16066, 16254, 16349, 16468, 16701, 16810, 16913, 16941, 16948, 16983, 17008, 17050, 18331, 18890, 19222, 20024, 20249, 20348, 20386, 20458, 20605, 20972, 21224, 21640, 21712, 21868, 22647, 23334, 23541, 23959, 24072, 24176, 24764, 25952, 26111, 26227, 26310, 26339, 26758, 27231, 27358, 27444, 27863, 28116, 28444, 28886, 29645, 29715, 29961, 30165, 30824, 30839, 30908, 31307, 31902, 32068, 32306, 32461, 32648, 33216, 33348, 33659, 33730, 34250, 34455, 34536, 34808, 34936, 34979, 35122, 35785, 35852, 35861, 36182, 36406, 36472, 36653, 36849, 37091, 37437, 37443, 37721, 38100, 38107, 38335, 38447, 38553, 39291, 39293, 39370, 39996, 40317, 40321, 40804, 40981, 41068, 41103, 41740, 41866, 42452, 42630, 43520, 43536, 43621, 43927, 44541, 44697, 45436, 45680, 45787, 45793, 46158, 46210, 46509, 46582, 46947, 47294, 47447, 47763, 47891, 48327, 48623, 48939, 49068, 49257, 49339, 49513, 49573, 49736, 50408, 50444, 50929, 51224, 51539, 52411, 53196, 53367, 53520, 53912, 54268, 54726, 54857, 54909, 54943, 55000, 55567, 55676, 55721, 56089, 56096, 56156, 56403, 56501, 57151, 57265, 58478, 58817, 59483, 59590, 59785, 59801, 60040, 60112, 60151, 60204, 60690, 60851, 61115, 61123, 61188, 61533, 61694, 61850, 62278, 62870, 63011, 63640, 64302, 64383, 64501, 64543, 64602, 65397, 65402, 65407
88, 711, 1228, 1491, 2364, 2565, 2779, 2804, 2854, 3084, 3286, 3355, 3420, 3940, 4132, 4529, 4791, 5180, 5602, 6171, 6222, 6244, 6258, 6698, 6908, 7426, 7658, 7765, 8463, 8481, 8595, 8700, 8852, 9546, 9600, 10028, 10281, 10695, 10864, 11048, 11079, 11084, 11141, 11729, 11773, 12118, 12128, 12282, 12747, 12943, 13152, 13460, 13568, 13622, 13696, 14411, 14548, 15064, 15204, 15553, 15557, 15599, 15602, 15780, 16354, 16470, 16562, 16754, 16953, 17092, 17213, 17453, 17949, 18072, 18091, 18702, 19129, 19527, 19565, 19661, 19768, 20111, 20151, 20163, 20307, 20574, 20662, 21291, 21485, 21497, 21767, 22249, 22431, 22627, 22710, 23287, 23493, 23652, 23716, 23888, 23898, 23904, 24112, 24369, 24895, 24988, 25709, 25971, 25999, 26081, 26143, 26381, 26758, 26777, 27136, 27873, 27908, 28262, 29287, 29720, 30029, 30078, 30266, 30357, 30899, 30917, 31195, 31856, 31972, 32067, 32076, 32254, 32447, 33003, 33123, 33198, 33220, 33266, 33556, 33597, 34230, 34365, 34718, 34725, 35570, 35784, 35854, 35883, 36157, 36371, 36399, 36467, 36786, 37122, 37689, 37927, 38212, 38861, 38916, 39072, 39130, 39270, 39707, 39888, 39935, 41648, 41668, 41687, 41824, 41898, 42113, 42135, 42370, 42450, 42909, 43236, 43238, 43395, 43496, 43825, 43933, 43963, 45253, 45598, 45674, 46234, 46332, 46520, 47089, 47208, 47254, 47450, 48001, 48366, 48630, 48728, 49000, 49179, 49733, 50081, 50103, 50160, 50530, 50564, 50960, 51316, 51399, 51461, 51591, 51653, 51665, 52039, 52147, 52567, 52604, 52668, 54168, 54484, 54999, 55191, 55310, 55339, 56202, 56276, 56585, 56789, 57048, 57322, 57349, 57560, 57705, 57893, 58174, 58376, 58700, 58886, 59124, 59395, 59403, 59605, 59625, 60056, 61686, 61948, 62036, 62215, 62367, 62408, 62483, 62500, 63342, 64192, 64431, 65130, 65428, 65533
477, 781, 1270, 1296, 1538, 1664, 1785, 2035, 2051, 2076, 2745, 2910, 3080, 3301, 3891, 3908, 4689, 4696, 4828, 4899, 5469, 5527, 5679, 5743, 5815, 6038, 6192, 6545, 6634, 6684, 6744, 7093, 7290, 7292, 7398, 7532, 7654, 8113, 8372, 8607, 8621, 8924, 9008, 9342, 9629, 9811, 9892, 10093, 10208, 10698, 10729, 10834, 11816, 12248, 12803, 13322, 13338, 13560, 13651, 13896, 13957, 13963, 14749, 14834, 14872, 15067, 15451, 15471, 15624, 16030, 16146, 16522, 16564, 16575, 16639, 16691, 16783, 16970, 16988, 17110, 17225, 17283, 17650, 17712, 17911, 18253, 18624, 18778, 18954, 19647, 20152, 20260, 20799, 22402, 22859, 23064, 23297, 23383, 23575, 23661, 24053, 24183, 24207, 24390, 24527, 24747, 25598, 26134, 26525, 26585, 26668, 26812, 26815, 27095, 27468, 28148, 28671, 28949, 29014, 29364, 29468, 30028, 30332, 30406, 30504, 30530, 30648, 31376, 31856, 31993, 32156, 32190, 32262, 32835, 32876, 32994, 33825, 34398, 34677, 34687, 34876, 35210, 35484, 35700, 35868, 36101, 36397, 36794, 36991, 37137, 37325, 37409, 37411, 38149, 38326, 38670, 38828, 39210, 39330, 39375, 39626, 39676, 39893, 40044, 40315, 40453, 40513, 40578, 40598, 40786, 41301, 42143, 42485, 42923, 42987, 43458, 43798, 44328, 44487, 44491, 44539, 44550, 45028, 45192, 45244, 46245, 46432, 46515, 46650, 46783, 46937, 47043, 47757, 48055, 48598, 48976, 49548, 49595, 49609, 50447, 50884, 51712, 51726, 51926, 52051, 52369, 52596, 52686, 52730, 53260, 53326, 53334, 53625, 53642, 53670, 53807, 54589, 55723, 55809, 56361, 56491, 56845, 57230, 57264, 58364, 58381, 58474, 58825, 59155, 59391, 59960, 60301, 60516, 60518, 60589, 61181, 61218, 61237, 61915, 62114, 62437, 62746, 63280, 63307, 63482, 63500, 64096, 64235, 64348, 64369, 64560, 64824, 64846, 64878, 64982, 65279
374, 456, 560, 800, 859, 984, 1070, 1179, 1644, 1683, 1910, 2185, 2212, 2364, 2673, 2953, 3260, 3749, 4185, 4203, 4512, 4914, 5282, 5942, 6926, 6951, 7016, 7028, 7048, 7448, 7486, 7645, 7857, 7880, 8014, 8138, 8196, 8536, 10453, 10454, 11124, 11625, 11935, 11964, 11965, 11980, 12273, 12275, 13008, 13510, 14138, 14210, 14722, 14915, 15024, 15073, 15324, 16063, 16237, 16476, 16795, 16872, 18897, 19036, 19410, 19587, 19993, 20371, 20506, 21047, 21066, 21120, 21431, 21580, 22008, 22059, 23043, 23373, 23452, 23455, 23853, 24778, 24837, 25535, 25744, 25847, 26021, 26130, 26402, 26447, 26543, 26676, 26718, 26904, 27067, 27206, 27317, 27503, 28510, 28600, 28738, 29314, 29735, 29926, 30393, 30601, 31076, 31829, 31840, 32009, 32734, 32869, 32958, 33497, 33631, 33824, 33902, 34172, 34329, 35065, 35269, 35604, 35657, 35704, 35814, 35840, 35887, 36087, 36137, 36180, 36244, 37145, 37571, 37826, 38638, 38715, 38760, 39082, 39628, 39637, 40313, 40425, 40699, 40823, 40871, 40997, 41456, 41492, 41516, 42021, 42080, 42265, 42479, 42909, 43003, 43278, 43622, 43877, 44076, 44676, 44699, 44878, 44918, 45068, 45338, 45409, 45423, 45472, 45861, 45912, 46158, 46357, 46838, 47473, 47493, 47769, 48379, 48762, 48786, 48900, 48989, 48991, 48992, 49698, 50023, 50043, 50236, 50625, 50962, 51225, 51226, 51546, 52153, 52171, 52185, 52517, 52577, 52668, 52835, 52880, 53013, 53193, 53713, 54147, 54262, 54330, 54493, 54792, 54994, 56254, 56733, 56749, 57034, 58298, 58625, 58693, 59124, 59498, 59528, 59629, 59649, 59814, 59822, 59828, 59851, 59902, 60007, 60403, 60695, 61082, 61254, 61265, 61364, 61639, 61685, 61813, 61834, 61881, 62022, 62171, 62314, 62666, 62688, 62964, 63036, 63328, 63463, 63892, 63940, 64149, 64197, 64442, 64834, 65507, 65513, 65514
154, 420, 701, 733, 1068, 1267, 1351, 1812, 2174, 2390, 2727, 3259, 3359, 3518, 3578, 3850, 3949, 4248, 4432, 4625, 5397, 5499, 6151, 6283, 6683, 6822, 6929, 7613, 7781, 7947, 8093, 8228, 9097, 10507, 10663, 11053, 11290, 11457, 11554, 11617, 11871, 12023, 12381, 12763, 12870, 13033, 13160, 14136, 15240, 15382, 15512, 15638, 16072, 16849, 16898, 17038, 17119, 17380, 17421, 17636, 17893, 17988, 18577, 18876, 19007, 19028, 19372, 19438, 19651, 19766, 19786, 20073, 20128, 20170, 20744, 20909, 20981, 21231, 21624, 21750, 21758, 21887, 22165, 22420, 22465, 22818, 23436, 23739, 23916, 23999, 24212, 25049, 26126, 26806, 27358, 27575, 28103, 28159, 28332, 28619, 28620, 30214, 30575, 30627, 31005, 31257, 31641, 31795, 32091, 32151, 32197, 32216, 32220, 32234, 32428, 32908, 33064, 33121, 33141, 33480, 33597, 33620, 33643, 33725, 33911, 34551, 34875, 34878, 34971, 35015, 35372, 35389, 35404, 35553, 35730, 35857, 36800, 36864, 37112, 37449, 37500, 37852, 38038, 38261, 39364, 40738, 40755, 41294, 41335, 41432, 41664, 41799, 43410, 43517, 43934, 44134, 44235, 44535, 44917, 44964, 45670, 46036, 46679, 46788, 46921, 47204, 47309, 47419, 47736, 47842, 47878, 47899, 47917, 48001, 48513, 48603, 49106, 49191, 49250, 49539, 49956, 50053, 50111, 50200, 50373, 50710, 50745, 50970, 50989, 51031, 51042, 52241, 52449, 52549, 52574, 52633, 52693, 52757, 52982, 53047, 53071, 53161, 53255, 53573, 53705, 53981, 54007, 54036, 54120, 54200, 54900, 55190, 55541, 55544, 55844, 55972, 56021, 56200, 56692, 56723, 56862, 57418, 57543, 57741, 57746, 58047, 58054, 58260, 58286, 59429, 59663, 59976, 60093, 60219, 60254, 60479, 60637, 60646, 60928, 61132, 61611, 61942, 62452, 62865, 62949, 63213, 63737, 63776, 64128, 64660, 64984, 65209, 65254, 65310, 65451, 65513
220, 267, 341, 493, 577, 894, 964, 985, 1562, 1649, 2283, 2384, 2957, 3245, 3424, 3507, 3901, 3974, 4310, 4560, 4619, 4684, 5006, 5464, 6348, 6399, 6410, 6730, 7027, 7208, 7213, 7728, 7836, 7856, 8120, 8161, 8175, 8292, 8300, 8592, 8760, 8989, 9304, 9598, 9604, 9818, 10034, 11020, 11461, 11726, 11820, 12074, 12089, 12104, 12426, 12621, 13149, 13329, 13435, 15365, 15368, 15600, 15894, 16029, 16065, 16105, 16883, 17466, 17869, 17948, 18170, 18208, 18442, 19098, 19107, 19351, 19405, 19804, 19924, 20022, 20085, 20526, 20593, 20714, 21006, 21408, 21449, 21917, 22190, 22773, 23201, 23894, 23932, 24318, 24355, 26045, 26120, 26714, 27129, 27148, 27395, 27723, 28657, 28970, 29258, 29552, 29805, 30105, 30392, 30438, 30448, 30801, 30914, 31347, 31411, 32146, 32701, 32931, 33344, 33424, 33607, 33760, 34116, 34567, 35230, 35291, 35597, 35618, 35652, 35877, 35941, 35962, 36437, 36600, 36872, 37196, 37255, 37750, 37857, 37886, 38034, 38148, 38255, 38725, 38992, 39631, 39688, 39779, 39790, 40210, 40248, 40264, 40340, 40462, 40506, 40533, 40542, 40600, 41219, 41411, 41591, 41680, 42061, 42217, 42301, 42428, 42540, 42698, 42721, 42851, 43883, 44222, 44489, 44668, 44712, 44844, 45056, 45192, 45396, 45559, 45587, 45734, 45874, 46105, 46432, 46843, 46902, 46990, 47240, 47498, 47727, 47849, 48381, 48529, 48646, 49586, 49930, 50153, 50299, 50718, 51220, 51502, 52682, 52799, 52831, 52996, 53193, 53197, 53501, 53691, 53777, 53779, 53860, 54150, 54154, 54636, 54971, 55046, 55450, 55475, 55704, 56284, 56635, 56875, 57011, 57039, 57123, 57637, 58159, 58228, 58553, 58737, 59009, 59146, 59226, 59672, 60015, 60501, 60746, 60779, 61137, 61557, 61575, 61827, 61848, 61863, 62161, 62253, 62877, 62900, 63039, 63062, 63401, 64010, 64859, 65328
231, 1040, 1079, 1140, 1494, 1658, 1727, 1870, 1946, 2016, 2104, 2277, 2554, 2640, 2995, 3028, 3315, 3329, 3749, 3828, 3890, 4017, 4198, 4544, 4651, 4845, 5563, 5858, 6167, 6215, 6511, 7415, 7907, 8593, 8596, 9088, 9145, 9201, 9263, 9383, 9635, 9776, 10600, 10631, 10702, 10768, 10821, 10995, 11080, 11767, 11809, 11868, 11958, 12028, 12449, 12613, 12763, 13030, 13755, 14036, 14050, 14406, 14651, 14655, 14769, 15018, 15306, 15588, 15647, 15873, 16041, 16060, 16422, 16908, 16917, 16974, 17121, 17301, 17622, 17629, 18688, 18735, 18779, 18941, 19751, 20051, 20107, 20409, 20903, 21296, 21306, 21431, 21952, 21984, 22044, 22168, 22179, 22418, 22539, 23285, 23322, 23857, 23893, 23970, 24239, 24262, 24613, 24714, 24785, 25164, 25216, 25402, 25521, 25675, 25787, 26385, 26581, 26601, 26632, 26714, 26815, 27161, 27544, 28036, 28281, 28385, 28389, 28487, 28654, 28967, 29084, 29480, 29896, 30031, 30135, 30196, 30290, 30317, 30921, 30986, 31007, 31175, 31263, 31389, 31423, 31588, 31663, 31849, 32447, 34003, 34034, 34051, 34445, 34603, 34792, 34940, 35133, 35240, 35269, 35275, 35503, 35811, 35949, 36178, 36801, 37190, 37772, 37785, 38279, 38535, 39107, 39132, 39384, 39414, 39489, 40118, 40720, 40760, 40935, 41025, 41104, 41600, 41870, 42358, 42923, 43345, 43616, 44082, 44362, 44471, 45270, 45291, 45394, 45476, 45488, 45530, 45533, 45868, 45922, 45960, 46273, 46732, 46804, 47092, 47243, 48298, 48341, 49130, 49387, 49476, 49757, 49909, 50076, 50582, 52907, 53040, 53041, 53135, 53376, 53565, 53786, 54117, 54636, 55043, 55070, 55352, 55624, 55869, 56121, 56236, 56257, 56394, 56405, 56812, 57068, 57194, 59097, 59259, 59767, 59848, 60032, 61744, 61779, 62010, 62770, 62891, 63252, 63285, 63373, 63976, 63992, 64084, 64245, 64281, 64458, 64990
784, 978, 1061, 1689, 2572, 2809, 2812, 3162, 3190, 3599, 4158, 4246, 4395, 4473, 4570, 4949, 5188, 5556, 7110, 7203, 7387, 8400, 8742, 9031, 9299, 9735, 9763, 10075, 10504, 10548, 10620, 10660, 10755, 10966, 11059, 11330, 11337, 11551, 11593, 11858, 12000, 12665, 13312, 13344, 13577, 13668, 13913, 14112, 14445, 14829, 15128, 15567, 15739, 16386, 16390, 16391, 16481, 16614, 17529, 17617, 17641, 17700, 17901, 18193, 18249, 18444, 18727, 18784, 18816, 18970, 19213, 19231, 19520, 19668, 19800, 19938, 19966, 20125, 20289, 20454, 20812, 21084, 21132, 21310, 21434, 21537, 22105, 22144, 22920, 22995, 23319, 23394, 23579, 23668, 24370, 24542, 24661, 24916, 25080, 26011, 26217, 26476, 26716, 26745, 26938, 27330, 27430, 28045, 28359, 28731, 28983, 29607, 30480, 30570, 30646, 31070, 31184, 31339, 31713, 31894, 31958, 32155, 32433, 32507, 32572, 32599, 32631, 32688, 33618, 33665, 33879, 34141, 34145, 34561, 34860, 35060, 35083, 35548, 36004, 36176, 36205, 36395, 36440, 36502, 36690, 37215, 37646, 38060, 38302, 38773, 39005, 39121, 39126, 39233, 39238, 40106, 41088, 41469, 41603, 41606, 41883, 42091, 42436, 42933, 43058, 43241, 43427, 43559, 43728, 43758, 44260, 45899, 46278, 46856, 47058, 47201, 47481, 47653, 47659, 47712, 47739, 48187, 48495, 48731, 48842, 49339, 49798, 49871, 49937, 50270, 50304, 50821, 50918, 51046, 51123, 51162, 51201, 51251, 51828, 52565, 52589, 52620, 52919, 52931, 53184, 53262, 53635, 53816, 53966, 54450, 54747, 55237, 55264, 55811, 55833, 56716, 57290, 57518, 57563, 57760, 57808, 57842, 57846, 57927, 58017, 58982, 59282, 59300, 59335, 59419, 59498, 59546, 59677, 59738, 59964, 59980, 60062, 60247, 60585, 60626, 60862, 60877, 60992, 62251, 62531, 62772, 63607, 63629, 63681, 63945, 64365, 64536, 64749, 64757, 65092, 65404
171, 180, 330, 432, 444, 491, 526, 574, 619, 766, 959, 1604, 1861, 2060, 2129, 2918, 3490, 3671, 5372, 5545, 5553, 5755, 5804, 6553, 6618, 6702, 7154, 7370, 7384, 7803, 7902, 7992, 8648, 9051, 9368, 9452, 9542, 9595, 9617, 10164, 10742, 10841, 10848, 10966, 11382, 11413, 11444, 11449, 11517, 11577, 11789, 12344, 12650, 13339, 13676, 13903, 13932, 14067, 14889, 14917, 15412, 15766, 15796, 16080, 16099, 16107, 16204, 16613, 16731, 16885, 17303, 17496, 18254, 18811, 19004, 19380, 19521, 20119, 20543, 20581, 20631, 20826, 21149, 21270, 21613, 21651, 21774, 22027, 22058, 22104, 22294, 22485, 22653, 22994, 23137, 23717, 23939, 23999, 24243, 24253, 24560, 24791, 24819, 24854, 24912, 24921, 25176, 25294, 25329, 25378, 25445, 25561, 25650, 25987, 26245, 26690, 26735, 26959, 27323, 27630, 27938, 28250, 28328, 28806, 29147, 30006, 30319, 30535, 30883, 31379, 31638, 31904, 32110, 32472, 32504, 33021, 33423, 33456, 33525, 33609, 33663, 33874, 34004, 34713, 35594, 35922, 36438, 36685, 37392, 37425, 37542, 38047, 38501, 38628, 38697, 39285, 39299, 39614, 39777, 39846, 40713, 40765, 41094, 41114, 41566, 41774, 41903, 42225, 42369, 42410, 43046, 43206, 43215, 43324, 43402, 43573, 43657, 43851, 44065, 44084, 44226, 44760, 45047, 45251, 45401, 45919, 46046, 46099, 46194, 46313, 47009, 47378, 47526, 47586, 47783, 47887, 48480, 48543, 48702, 48987, 49125, 49909, 50013, 50106, 50160, 50720, 50907, 51163, 51290, 51400, 51914, 52598, 53191, 53265, 53424, 53522, 53663, 54077, 54205, 54652, 55005, 55216, 56372, 56481, 56752, 56866, 56878, 57998, 58195, 58252, 58523, 58574, 58757, 58910, 59170, 59499, 59764, 60063, 60110, 60128, 60217, 60316, 60451, 61744, 61848, 61922, 62047, 62134, 62266, 62348, 62427, 63015, 63059, 63787, 64123, 64510
64, 127, 157, 188, 197, 472, 663, 827, 967, 1277, 1420, 1588, 1702, 2336, 2728, 3386, 3437, 3754, 4111, 5836, 6037, 6696, 7533, 7655, 8104, 8121, 9211, 9364, 9368, 9685, 10536, 10606, 10806, 10991, 10994, 11146, 11639, 11679, 11703, 11738, 11970, 12218, 12296, 12596, 12719, 12892, 12962, 13045, 13170, 13543, 13836, 14257, 14567, 14773, 14849, 14898, 16286, 16455, 16542, 16723, 17120, 17433, 17546, 17564, 17750, 17870, 17889, 17945, 18364, 18421, 18548, 18650, 18656, 18898, 19031, 19067, 19149, 19218, 19505, 20065, 20125, 20333, 20368, 20542, 20868, 21253, 21291, 21831, 21913, 22558, 22736, 23116, 23235, 23394, 23620, 23976, 24043, 24103, 24479, 24650, 24732, 25173, 25308, 25327, 25451, 25503, 25513, 25527, 25542, 25775, 26141, 26179, 26309, 26515, 26572, 26704, 27142, 27434, 27913, 28489, 28878, 28909, 29038, 29912, 30125, 30221, 30280, 30571, 30631, 31161, 31187, 31768, 31895, 32368, 32791, 33588, 33825, 34012, 34065, 34075, 34094, 34229, 34594, 34665, 34886, 34927, 35588, 36003, 36706, 36755, 36814, 37166, 37273, 37401, 38005, 38966, 39263, 39511, 39720, 39735, 40050, 40189, 40495, 40985, 41255, 41346, 41488, 41508, 41871, 42274, 42697, 43260, 43350, 43612, 44379, 44911, 45089, 45614, 45731, 46060, 46303, 46405, 46492, 46635, 46675, 46837, 46924, 46982, 47088, 47275, 47755, 48021, 48471, 48664, 48895, 49844, 49874, 49956, 50323, 50915, 50995, 51326, 51376, 51753, 51788, 52082, 52349, 52489, 52925, 53043, 53475, 54279, 54345, 54375, 54687, 55175, 55263, 55579, 55830, 55840, 56346, 56897, 57173, 57767, 59017, 59366, 59427, 59708, 60065, 60404, 60560, 60709, 60934, 60935, 61157, 61441, 61534, 61618, 62074, 62096, 62380, 62544, 62679, 62818, 62864, 62889, 62918, 63186, 63337, 63966, 64286, 64395, 64468, 65301, 65444, 65474
307, 435, 719, 781, 889, 904, 1111, 1235, 1273, 1748, 2129, 2255, 2592, 2855, 3651, 3849, 4027, 4282, 4666, 5154, 5538, 5824, 6014, 6204, 6498, 6547, 6626, 6751, 6890, 7568, 7605, 8693, 9078, 9167, 10429, 10808, 10877, 10892, 10893, 10990, 11104, 11583, 11854, 12127, 12553, 12632, 12660, 12853, 13594, 13640, 13695, 13758, 14184, 14630, 14679, 14736, 14795, 15265, 15721, 16260, 16318, 16789, 17115, 17544, 17733, 17891, 17904, 17991, 18392, 18490, 18512, 18698, 19059, 19813, 20056, 20269, 20973, 21794, 21835, 21911, 22354, 22620, 22724, 22959, 23186, 23232, 23301, 23512, 23789, 23816, 24060, 24515, 25309, 26127, 26662, 26700, 26728, 27621, 28079, 28089, 28587, 28610, 28893, 29419, 29641, 29722, 29846, 30245, 30298, 30401, 30423, 30924, 30940, 31252, 31262, 32156, 32214, 32240, 33675, 33807, 33836, 34254, 34877, 35041, 35392, 35536, 35871, 35872, 36056, 36496, 36538, 37027, 37825, 38027, 38206, 38791, 38821, 39145, 39480, 39609, 39819, 40018, 40044, 40134, 40232, 40715, 40953, 41098, 41438, 42169, 42549, 42835, 43046, 43719, 43834, 43989, 44262, 44295, 44300, 44308, 44379, 44710, 44876, 45088, 45173, 45390, 45490, 45579, 45581, 46265, 46406, 46408, 47111, 47922, 47954, 48107, 48125, 48373, 48433, 48626, 49076, 49138, 49148, 49322, 49997, 50335, 50468, 50665, 50809, 51021, 51115, 51250, 51255, 51366, 51426, 51428, 51431, 52427, 52780, 52825, 52943, 53030, 53401, 53404, 53501, 54032, 54237, 54293, 54507, 54642, 54796, 54967, 56145, 56210, 56379, 56472, 56729, 56797, 56940, 57173, 57275, 57306, 57786, 57882, 58144, 58314, 58328, 58767, 58855, 59257, 59441, 59929, 60073, 60264, 60385, 60625, 60849, 61498, 62165, 62232, 63147, 63258, 63277, 64022, 64033, 64063, 64095, 64105, 64375, 64415, 64655, 64771, 65024, 65169, 65264, 65501
546, 1131, 1132, 1232, 1481, 1488, 1491, 1691, 1910, 2070, 2424, 2664, 3015, 3479, 3530, 3575, 4104, 4238, 4257, 4264, 4556, 5513, 5551, 6092, 6508, 7058, 7183, 7293, 7505, 8163, 8294, 8741, 8752, 9687, 9902, 9909, 10357, 10476, 10731, 10779, 10917, 11003, 11349, 11754, 12265, 14115, 14210, 14588, 14754, 14839, 14854, 14858, 14865, 15011, 15031, 15628, 15704, 15908, 16373, 16388, 16604, 16617, 16772, 16941, 17036, 17099, 17179, 17400, 17593, 17944, 18386, 18853, 19297, 19313, 19460, 19516, 19644, 20165, 20591, 20876, 20931, 20939, 21205, 21502, 22075, 22372, 22505, 22599, 22671, 22676, 23155, 23554, 23720, 23836, 24660, 24742, 24878, 25032, 25317, 25429, 25612, 25721, 26560, 26583, 26585, 26750, 26768, 27184, 27419, 27748, 29329, 29781, 29793, 30095, 30103, 30171, 30404, 30455, 30940, 30960, 30979, 31018, 31308, 31366, 31502, 31550, 31663, 32203, 32551, 32975, 33098, 33850, 33955, 34473, 35229, 35717, 35906, 36070, 36178, 36330, 36451, 37223, 37309, 38640, 38699, 38833, 39151, 39248, 39886, 39974, 40033, 40142, 40202, 40354, 40688, 41078, 41534, 41552, 41613, 41694, 41759, 41763, 41957, 42633, 42843, 43490, 43540, 43648, 43820, 43878, 44281, 44302, 44907, 44990, 45180, 45265, 45329, 45837, 45863, 46297, 46650, 46655, 46690, 46737, 46826, 46996, 47013, 47136, 47190, 47299, 47336, 47424, 47515, 47622, 47783, 47898, 48159, 48312, 48420, 49108, 49737, 50033, 50059, 50133, 50483, 50669, 51109, 51153, 51910, 52585, 52750, 52833, 52919, 53450, 53545, 53594, 53826, 53946, 53994, 54727, 55311, 55907, 56282, 56571, 56795, 56915, 56961, 57314, 57409, 57720, 57769, 57956, 58243, 58440, 58910, 59157, 59282, 59303, 59443, 59713, 59733, 59751, 60204, 60577, 61226, 61353, 61604, 61633, 61893, 62784, 63434, 63493, 64180, 64231, 64323, 65217
791, 1026, 1243, 1538, 1868, 2018, 2100, 2395, 2508, 2613, 3216, 3429, 3529, 3803, 3836, 3844, 4008, 4013, 4215, 4702, 4816, 4946, 5205, 5372, 5519, 5634, 6163, 6745, 6847, 7303, 7458, 7615, 7679, 7705, 8241, 8711, 8973, 9669, 10501, 10831, 10870, 11070, 11123, 11514, 11705, 12113, 12146, 12565, 13086, 13297, 13302, 13447, 13503, 13595, 13674, 13746, 14224, 14354, 15507, 15824, 15884, 16289, 16384, 16583, 16648, 17000, 17054, 17665, 18456, 18651, 19124, 19395, 19522, 19725, 19966, 19968, 20286, 21186, 21251, 21356, 21562, 21649, 22079, 22139, 22191, 22795, 22935, 23097, 24034, 24315, 24539, 24663, 24664, 25103, 25436, 25580, 25625, 26113, 26301, 26306, 26307, 26431, 26504, 26886, 26930, 27053, 27149, 27200, 27568, 27599, 28018, 28411, 28457, 28704, 29442, 29526, 29530, 29687, 30232, 30612, 30917, 31195, 31223, 31485, 31546, 31769, 31860, 32664, 32678, 32707, 33064, 33231, 33868, 34288, 34564, 34763, 35011, 35560, 35634, 35773, 35927, 35980, 36317, 36546, 36582, 37905, 38025, 38216, 38712, 39134, 39255, 39303, 39374, 39693, 39903, 40119, 40519, 40605, 40710, 40876, 40901, 41090, 41294, 41449, 42400, 42489, 42866, 43035, 43060, 43067, 43475, 43721, 43766, 43860, 44101, 44317, 44458, 44505, 44590, 44608, 44876, 44968, 44997, 45165, 45587, 46033, 46270, 46404, 46409, 46469, 46764, 47401, 47674, 48561, 48689, 49284, 50120, 50257, 50384, 50751, 50819, 50859, 51324, 51488, 51737, 53194, 54027, 54407, 55150, 55214, 55304, 55419, 55664, 55725, 55851, 56005, 56229, 57030, 57173, 57325, 57627, 57744, 58117, 58356, 58977, 59046, 59112, 59507, 59632, 60024, 60034, 60146, 60293, 60848, 60883, 61133, 61460, 61674, 61812, 62100, 62458, 62524, 62883, 62960, 63012, 63764, 63793, 63796, 63800, 63852, 63895, 63907, 64035, 64247, 64415, 64818
295, 466, 610, 792, 936, 1033, 1176, 1252, 1361, 1388, 1445, 1598, 1768, 2102, 2425, 2434, 3117, 3215, 3339, 3426, 4104, 4297, 4715, 5436, 5498, 5518, 5537, 6119, 6546, 7130, 7469, 7936, 8154, 8234, 8271, 8331, 8639, 8941, 8976, 9020, 9065, 9196, 9661, 10040, 10380, 10402, 10486, 11222, 11416, 11431, 12080, 12114, 12301, 12393, 12607, 13109, 13298, 13382, 13583, 13601, 14032, 14107, 14114, 15552, 15659, 15793, 16640, 16704, 17312, 17662, 18784, 18918, 19226, 19943, 20118, 20243, 20679, 20830, 22343, 22428, 22744, 23312, 23620, 23713, 23737, 24078, 24168, 24200, 24480, 24962, 24994, 25084, 25117, 25152, 25387, 25417, 25422, 25457, 25757, 25980, 26224, 26782, 26804, 26927, 27047, 27119, 27159, 27255, 27633, 28183, 28223, 28416, 29257, 29386, 30455, 30672, 30689, 31348, 32015, 32268, 32272, 32346, 32470, 32527, 32814, 33140, 33250, 33567, 33688, 34332, 34566, 34688, 35083, 35328, 35759, 35784, 36035, 36839, 36884, 36891, 37528, 37869, 38309, 38465, 38890, 38944, 38989, 39007, 39188, 39387, 39755, 39854, 40375, 40417, 40858, 40908, 40947, 41207, 41430, 41478, 41808, 42416, 42495, 43115, 43584, 44283, 44464, 44651, 44707, 44951, 45159, 45454, 45687, 46166, 46360, 46625, 46847, 47218, 47453, 47516, 47595, 49175, 49380, 49402, 49571, 49718, 50064, 50207, 50267, 50481, 50821, 51310, 51314, 51775, 52014, 52176, 53489, 53638, 53721, 54240, 54863, 55071, 55152, 55347, 55454, 55932, 56069, 56603, 56632, 56727, 56929, 57052, 57064, 57278, 57313, 57432, 58110, 58510, 59170, 59351, 59426, 59714, 60033, 60298, 60345, 60414, 60447, 60622, 60646, 60651, 60663, 60788, 61054, 61169, 61258, 61648, 61759, 62672, 63128, 63157, 63412, 63510, 63525, 63981, 64093, 64327, 64332, 64490, 64535, 64726, 64753, 64851, 64886, 65221, 65294, 65484
16, 781, 1056, 1559, 1608, 1801, 2271, 2470, 3055, 3214, 3596, 3714, 3925, 3940, 4024, 4128, 4345, 4528, 4582, 4605, 4689, 5060, 5194, 5219, 5248, 5450, 5792, 5892, 6022, 6062, 6484, 6848, 7091, 7151, 7415, 7665, 7819, 7879, 8066, 8094, 8333, 8363, 8368, 9036, 10096, 10192, 10225, 10378, 10769, 10919, 11369, 11434, 11953, 12173, 12617, 12810, 13407, 13765, 14179, 14491, 14493, 14659, 15006, 15085, 15274, 15318, 15472, 15703, 15723, 16025, 16401, 16583, 17094, 17313, 17703, 18024, 18273, 18354, 18364, 18565, 18642, 18658, 19159, 19409, 20580, 20676, 20701, 20809, 21312, 21904, 22479, 22803, 22821, 23602, 23657, 23713, 24058, 24199, 24413, 24872, 25089, 25204, 25515, 25573, 25812, 25815, 26816, 26833, 26844, 26969, 27184, 27198, 27219, 27429, 27733, 28132, 28153, 28638, 28740, 28926, 28993, 29100, 29414, 29487, 29516, 29682, 30285, 30441, 31334, 31577, 31855, 32035, 32693, 32721, 33075, 33508, 33689, 33889, 33931, 34084, 34102, 34189, 34613, 34867, 34955, 35207, 35214, 35316, 35403, 35450, 35516, 35652, 36193, 36286, 36608, 36765, 36841, 36884, 36952, 37992, 38730, 38777, 38999, 39077, 39603, 39784, 40181, 41277, 41316, 41340, 42075, 42563, 42649, 43327, 43372, 44272, 45003, 45007, 45327, 45885, 45958, 46497, 47046, 47112, 47603, 47721, 47998, 48303, 48385, 48389, 48840, 49038, 49540, 49592, 50140, 50673, 50851, 50963, 50994, 51040, 51181, 51288, 51530, 51791, 51877, 51932, 52775, 52982, 53366, 53724, 53796, 53945, 54202, 54400, 54702, 54745, 55277, 56126, 56499, 56925, 56973, 57215, 57235, 57414, 57469, 57616, 57697, 57708, 58120, 58663, 59924, 60526, 60717, 60829, 60978, 61047, 61356, 61675, 61867, 61885, 61931, 62049, 62751, 62807, 62945, 62962, 63231, 63354, 64372, 64494, 64566, 64606, 65176, 65293, 65297, 65477
227, 315, 337, 754, 856, 935, 981, 1466, 1781, 1855, 1939, 2118, 2158, 2368, 2751, 2924, 3271, 3482, 3635, 3871, 3959, 4066, 4159, 4468, 4720, 4864, 4977, 5231, 5414, 5554, 5728, 5846, 6074, 6593, 6598, 6687, 6717, 7029, 7762, 8047, 8507, 8512, 8663, 9043, 9266, 9737, 9821, 9938, 10021, 10100, 10401, 11405, 12020, 12305, 13033, 13540, 13755, 14249, 14266, 15180, 15803, 15935, 16013, 16675, 16883, 17339, 17365, 17662, 17874, 18298, 18621, 18834, 19687, 20154, 20344, 20406, 21202, 21230, 21299, 22302, 23338, 23406, 23640, 23732, 24316, 24411, 24679, 24983, 25100, 25933, 25994, 26018, 26216, 26620, 27092, 27194, 27675, 27855, 27880, 27911, 28028, 28196, 28213, 28443, 28640, 28708, 29049, 29158, 29245, 29647, 29786, 30244, 30313, 30817, 30919, 31008, 31468, 31734, 31738, 31999, 32400, 32535, 32805, 32960, 33550, 33952, 33963, 34458, 34464, 35156, 35336, 36381, 36519, 36550, 36836, 37249, 37832, 38359, 38364, 38400, 38785, 38899, 39240, 39435, 39766, 39809, 40072, 40127, 40174, 40498, 40515, 40607, 40728, 41458, 41851, 41977, 42099, 42732, 42901, 43081, 43198, 43239, 44069, 44114, 44161, 44177, 44387, 44721, 44738, 44875, 45539, 45708, 45777, 46209, 46229, 46578, 46951, 47002, 47025, 47109, 47431, 47448, 47797, 47830, 48203, 48401, 48412, 48434, 49366, 49616, 50069, 50543, 50628, 51049, 51411, 51426, 52235, 52254, 52889, 52973, 52976, 53296, 53495, 53801, 54286, 54570, 54914, 54930, 55173, 55218, 55337, 55400, 55504, 55592, 55669, 55677, 55749, 56089, 56351, 56398, 56786, 57067, 57328, 57617, 57690, 58357, 58379, 58635, 58658, 58758, 58781, 58897, 59772, 60128, 60578, 60724, 60989, 61028, 61178, 61441, 62167, 62182, 62298, 62580, 62763, 63013, 63015, 63598, 63862, 63908, 64086, 64498, 64579, 64676, 64754, 64848
62, 72, 229, 658, 1479, 1519, 1922, 2266, 2522, 2562, 2668, 2908, 3181, 3505, 3695, 3730, 3892, 4207, 4423, 4605, 5527, 5587, 5710, 6890, 7132, 7143, 7575, 8084, 8142, 8383, 8549, 8570, 8717, 8821, 8931, 9069, 9309, 9378, 9810, 9875, 10360, 10592, 10638, 10697, 10903, 11077, 11184, 11472, 11847, 12223, 12394, 12619, 12826, 12923, 13773, 14127, 14147, 14215, 14484, 14801, 14940, 15088, 15324, 15343, 15811, 15951, 16468, 16674, 17093, 17398, 17603, 17773, 17956, 18307, 18502, 18511, 18906, 18930, 19032, 19074, 19490, 19518, 19670, 19876, 19961, 20251, 20436, 20707, 20958, 21009, 21985, 22358, 22487, 22573, 22583, 22885, 22894, 23430, 24098, 24139, 24293, 24692, 24732, 24899, 24908, 24972, 25031, 25208, 25252, 25735, 25951, 25992, 26160, 26255, 26296, 26436, 26831, 27094, 27443, 28394, 28415, 28760, 28881, 29095, 29125, 29468, 29514, 29548, 29902, 29949, 30457, 30492, 31339, 31365, 31524, 31636, 32552, 33072, 33302, 33372, 33598, 34573, 34603, 35142, 36384, 36407, 36575, 36776, 36814, 36908, 37016, 37052, 37377, 37508, 37836, 38491, 38571, 38617, 38750, 39075, 39198, 39242, 39261, 39924, 39954, 40009, 41144, 41197, 41280, 41881, 42200, 42313, 42589, 42873, 43026, 43241, 43612, 44126, 44182, 44208, 44253, 44365, 44494, 44548, 44675, 44801, 45401, 45719, 45804, 46068, 46089, 46488, 46894, 47125, 47683, 47735, 47837, 47885, 48290, 48296, 48596, 48894, 49592, 49864, 49967, 49969, 50313, 50343, 50960, 51440, 52112, 52565, 52611, 52804, 52908, 53903, 53967, 54226, 54378, 54482, 54830, 55071, 55184, 55508, 55624, 55821, 56122, 56611, 56890, 57320, 57894, 57955, 58261, 58420, 58772, 58908, 59056, 59469, 59913, 60226, 60909, 61010, 61562, 61582, 61716, 62175, 62387, 62843, 63381, 63413, 63686, 63831, 63876, 64128, 64132, 64717
123, 519, 1578, 1580, 2087, 2111, 2270, 2890, 2931, 3150, 3218, 3246, 3436, 3472, 3504, 3689, 4007, 4028, 4738, 4790, 4837, 5283, 5727, 6106, 6143, 6160, 6545, 6599, 7039, 7219, 7387, 7440, 7468, 7519, 7637, 7668, 7896, 7909, 8028, 8265, 8385, 8836, 8850, 9014, 9212, 9510, 9846, 9858, 9900, 10353, 10412, 10528, 10901, 10924, 11131, 11268, 11358, 11767, 12236, 12244, 12273, 12758, 12832, 12940, 13574, 13820, 14020, 14074, 14580, 14661, 14985, 16516, 16537, 16731, 16847, 16873, 16936, 17640, 17675, 18254, 18763, 19620, 20286, 20291, 20703, 20886, 20959, 21727, 21759, 21771, 22151, 22232, 22471, 22763, 22974, 23649, 24019, 24043, 24529, 24885, 24901, 24927, 25131, 25421, 25450, 25461, 25592, 25793, 25810, 26204, 26522, 26787, 26788, 26961, 27577, 28045, 28316, 28614, 29158, 29721, 30270, 30384, 30675, 31408, 31646, 31954, 32354, 32383, 32907, 32996, 33088, 33248, 33467, 33990, 34236, 34562, 34570, 35502, 36016, 36779, 36815, 36823, 36985, 37047, 37250, 37595, 37814, 39103, 39417, 39642, 40102, 40161, 40536, 41326, 41368, 41660, 42163, 42233, 42359, 42722, 43146, 43429, 43573, 43910, 44068, 44091, 44435, 44539, 44699, 44761, 44830, 45209, 45867, 46160, 46458, 46553, 46740, 46972, 47122, 47415, 47597, 47673, 47985, 48151, 48503, 48638, 49345, 49622, 50352, 50761, 51384, 51413, 51584, 52011, 52061, 52082, 52312, 52433, 52805, 52860, 53338, 53419, 53821, 53971, 54280, 54821, 55018, 55075, 55490, 55500, 55651, 55696, 56039, 56339, 56522, 56683, 56919, 57463, 57549, 57702, 57795, 57802, 57817, 57865, 57912, 57925, 58493, 58955, 59015, 59318, 59516, 59522, 59883, 59915, 59937, 60013, 60054, 60698, 60775, 60918, 60941, 61620, 61686, 61801, 62068, 62076, 62121, 62210, 62683, 62971, 63112, 63476, 63491, 63530, 64616, 64809
44, 99, 584, 707, 755, 932, 1045, 1361, 2196, 2349, 3855, 3961, 4044, 4834, 5543, 5580, 5996, 6064, 6210, 6605, 7068, 7184, 7189, 7435, 7453, 7862, 7863, 8117, 8381, 8704, 8718, 8763, 9062, 9142, 9187, 9223, 9379, 9539, 9608, 9734, 9863, 10198, 10344, 10384, 11019, 11066, 11291, 11541, 11785, 12221, 12634, 12871, 13237, 13342, 13762, 13799, 13891, 14016, 14514, 15305, 15779, 15811, 16261, 16854, 16928, 16944, 17274, 17789, 17889, 17983, 18522, 18689, 19089, 19172, 19275, 19718, 19807, 19996, 20606, 20807, 20856, 21161, 21213, 21270, 21384, 21571, 21661, 21675, 21798, 22057, 22439, 22645, 22820, 24034, 25333, 25435, 25521, 26078, 26678, 26860, 27343, 27927, 28037, 28302, 28328, 28460, 28476, 29007, 29077, 29114, 29357, 29750, 30551, 30613, 30821, 31164, 31224, 31757, 31932, 31983, 31991, 32857, 33364, 33397, 33504, 33872, 34035, 34289, 35042, 35260, 35532, 35832, 36374, 36447, 36474, 36478, 36687, 36699, 36724, 36876, 36995, 38386, 38689, 38691, 38770, 38801, 38951, 39283, 39735, 39874, 40016, 40024, 40323, 40554, 41480, 41593, 41941, 42119, 42758, 42806, 43281, 43997, 44524, 44567, 44756, 45613, 45835, 45852, 45877, 46024, 46037, 46307, 46701, 46740, 46822, 47129, 47135, 47179, 47594, 47847, 47981, 48340, 48371, 48851, 48990, 49054, 49259, 49853, 50156, 50474, 50560, 50962, 51014, 51053, 51466, 51636, 52103, 52124, 52178, 52441, 52459, 52472, 52521, 52626, 52657, 53070, 53337, 53571, 53876, 54074, 54270, 54358, 54554, 54912, 55590, 55683, 55699, 55702, 55873, 56201, 56620, 56866, 57155, 58010, 58144, 58380, 58401, 58573, 58785, 58912, 59183, 59586, 59591, 59630, 59730, 59743, 59744, 59933, 60248, 60620, 60661, 61238, 62219, 62290, 63539, 63553, 63607, 63830, 64381, 64428, 64439, 64476, 64576, 65150, 65192, 65473
69, 121, 175, 192, 490, 1035, 1836, 2249, 2299, 2728, 2757, 3667, 4109, 4198, 4278, 4320, 4327, 4836, 4846, 5116, 5360, 5634, 5802, 6052, 6238, 6320, 6764, 6836, 7154, 7305, 7401, 8013, 8024, 8293, 8305, 8520, 8798, 9163, 9496, 10169, 10626, 10773, 10812, 10840, 11192, 11306, 11391, 11503, 11811, 12380, 13061, 13066, 13096, 13364, 13636, 14009, 14248, 14459, 14510, 14970, 14981, 15521, 15873, 17713, 18710, 19330, 19579, 19880, 19913, 19963, 20282, 20333, 20495, 20646, 20912, 20977, 21115, 21155, 21511, 21934, 22241, 23451, 23472, 23584, 23815, 24197, 24206, 24494, 24528, 24701, 24878, 24908, 25259, 25519, 26588, 26666, 26714, 26902, 27044, 27070, 27368, 27646, 27771, 27809, 27863, 28067, 28357, 28612, 28749, 28775, 29179, 29235, 29793, 29993, 30536, 30851, 30899, 30969, 31203, 31262, 31344, 31684, 32110, 32745, 33142, 33379, 33534, 33754, 33787, 33969, 34144, 34408, 34724, 34785, 35296, 35623, 35789, 35837, 36435, 37284, 37346, 37728, 38166, 38188, 38515, 39259, 39441, 39603, 39668, 39800, 40100, 40135, 40294, 40439, 40478, 40630, 40793, 41458, 41511, 41582, 41841, 42014, 42178, 42227, 42747, 43078, 44121, 44208, 44290, 44589, 44631, 44722, 45041, 45065, 45068, 45069, 46048, 46338, 46491, 46836, 46980, 47387, 47437, 47474, 47573, 47623, 47705, 47918, 48363, 48930, 49569, 49807, 49967, 50053, 50372, 50461, 50641, 50646, 50647, 50789, 50955, 51132, 51350, 52906, 53189, 53343, 53426, 53446, 53627, 53645, 53834, 53909, 54862, 55131, 55859, 56005, 56247, 56326, 56464, 56951, 57164, 57213, 57420, 57637, 57873, 57929, 58154, 58165, 58621, 58662, 58890, 59049, 59082, 59313, 59418, 59775, 60101, 60221, 60347, 60904, 60986, 61227, 61601, 61686, 61951, 62461, 62496, 62604, 62617, 62907, 63299, 63525, 63582, 64472, 64549, 65408
438, 708, 1114, 1146, 1371, 1716, 2399, 2921, 3058, 3220, 3287, 3347, 4055, 4255, 4257, 4286, 4484, 4552, 4918, 5115, 5136, 5302, 5340, 5357, 6084, 6266, 6565, 6580, 6594, 6736, 6823, 7724, 7935, 8257, 8316, 8676, 9047, 9238, 9654, 9729, 9769, 10054, 10272, 10980, 11372, 11657, 11854, 11968, 12530, 12863, 13398, 13410, 14168, 14271, 14418, 14576, 14875, 14894, 15255, 15354, 15823, 16003, 16281, 16476, 16905, 17085, 17274, 17352, 17524, 17812, 17929, 17950, 17981, 18100, 18419, 18481, 18770, 18780, 19347, 19910, 19998, 20429, 20666, 21445, 21467, 21542, 21565, 22068, 22120, 22306, 22449, 23611, 23851, 24058, 24879, 24986, 25528, 25943, 26072, 26143, 26232, 27305, 27467, 27573, 27693, 27853, 28036, 28483, 29242, 29286, 29564, 29691, 29980, 30378, 30475, 30485, 30614, 30766, 31758, 32084, 33022, 33484, 33759, 33811, 34267, 34586, 34593, 34623, 34738, 35345, 35595, 36511, 36640, 36851, 36854, 37047, 37336, 38039, 38305, 38619, 38811, 38972, 38983, 39149, 39293, 39545, 39745, 40985, 41327, 41946, 42020, 42386, 42608, 42687, 42699, 42710, 42801, 43364, 43801, 44003, 44042, 44138, 44190, 44685, 45153, 45782, 46095, 46103, 46277, 46359, 46433, 46786, 46991, 47397, 47485, 47721, 47848, 48336, 48582, 48904, 49717, 50071, 50281, 50288, 50355, 50602, 50784, 50846, 51355, 51359, 51396, 51818, 51858, 52160, 52305, 52499, 53274, 53302, 53504, 53659, 54048, 54271, 54381, 54404, 54503, 54556, 54619, 54650, 54727, 54802, 55583, 55664, 55814, 55908, 56016, 56134, 56305, 57013, 57796, 57944, 58093, 58149, 58221, 58317, 58706, 58712, 58792, 59007, 59140, 59212, 59905, 60489, 60544, 60791, 61044, 61167, 61213, 61334, 61435, 61514, 61570, 61599, 61672, 62067, 62340, 62628, 63094, 63265, 63294, 63413, 63798, 64140, 64437, 65136, 65276, 65512
676, 979, 1285, 1290, 1448, 1553, 2054, 2197, 2551, 2590, 2630, 2656, 2790, 3669, 3881, 4282, 5537, 5776, 5916, 5989, 6045, 6856, 6998, 7200, 7270, 7666, 8011, 8343, 8358, 8522, 8659, 8800, 9082, 9135, 9249, 9477, 10666, 11190, 11332, 12539, 12737, 12755, 13106, 13623, 13790, 14144, 14284, 14297, 14306, 14565, 14950, 15360, 15640, 15661, 15800, 15816, 16107, 16454, 16524, 16528, 16697, 16804, 17025, 17090, 17830, 18070, 18177, 18341, 18666, 18822, 18912, 19348, 19701, 20000, 20372, 20621, 20641, 20652, 20850, 20862, 20954, 20972, 21075, 21537, 21595, 21651, 21933, 22085, 23014, 23138, 23162, 23725, 23784, 23866, 24579, 24895, 25059, 25149, 25209, 25241, 25472, 26004, 26162, 26409, 26449, 26556, 26648, 26973, 27206, 27486, 27511, 27525, 27562, 27628, 28292, 28643, 28945, 29024, 29144, 29147, 29302, 29859, 29987, 30042, 30076, 30591, 30767, 30872, 31031, 31042, 31170, 31284, 31303, 31363, 32204, 32335, 32750, 32767, 33205, 33586, 33913, 34429, 34486, 34643, 34694, 35218, 35626, 35806, 35816, 36156, 36281, 36458, 36529, 36707, 36804, 36891, 36978, 37250, 37329, 37823, 38007, 38109, 38963, 39334, 39388, 39556, 40387, 40390, 40472, 40873, 41061, 41456, 41712, 42065, 42337, 42376, 42624, 43180, 43443, 43980, 44110, 44149, 44263, 44397, 44669, 44811, 44874, 44948, 45000, 45162, 45827, 46159, 46210, 46652, 46903, 47406, 47847, 47965, 48049, 48547, 49661, 49680, 49910, 50081, 50220, 50553, 50820, 51691, 52318, 52772, 52875, 52958, 53388, 53467, 53593, 53656, 53919, 54086, 54365, 54409, 54412, 54460, 54818, 55540, 56190, 56400, 56410, 57086, 57236, 57365, 58102, 59558, 59958, 60893, 60933, 60938, 61048, 61739, 62055, 62176, 62187, 62273, 62580, 62618, 62648, 62717, 62751, 62877, 62899, 63014, 63223, 63874, 63894, 64333, 64656, 64734
100, 215, 414, 626, 1650, 1699, 2137, 2215, 2280, 2453, 2600, 2760, 2973, 2983, 3821, 4009, 4737, 4985, 5054, 5101, 5143, 5169, 5844, 6125, 6302, 6452, 6713, 6921, 6964, 7009, 7281, 7406, 7604, 8043, 8241, 8724, 9251, 9294, 9384, 9387, 9474, 9620, 9680, 9900, 10023, 10409, 10732, 10933, 11005, 11006, 11633, 11743, 11885, 11928, 12553, 13259, 13731, 14421, 14692, 15015, 16343, 16727, 16814, 17089, 17179, 17666, 17750, 18068, 18322, 18517, 18623, 18760, 18798, 18927, 18975, 18981, 19077, 19555, 19586, 20257, 20370, 20373, 20445, 20801, 21271, 21276, 21322, 21356, 21388, 21438, 21993, 22176, 22466, 22641, 22763, 23192, 24039, 24413, 24679, 25364, 25668, 25728, 25761, 25823, 25941, 26283, 26322, 26365, 26845, 26862, 27184, 27375, 28111, 28126, 28268, 28489, 28639, 29073, 29694, 29829, 30081, 30466, 30731, 30977, 31181, 31434, 31523, 31848, 31895, 32452, 32829, 33347, 33353, 33495, 33979, 33989, 34109, 34397, 34771, 36309, 36492, 36606, 36885, 37143, 37265, 37286, 37493, 37650, 37886, 37903, 37934, 38206, 38313, 38433, 38715, 38745, 38852, 39050, 39245, 39288, 39828, 39842, 39962, 40138, 40248, 40446, 40685, 40949, 41262, 41775, 41892, 41929, 42077, 42195, 42219, 42848, 43581, 43724, 44013, 44394, 44898, 45156, 45202, 45309, 45448, 45636, 46397, 46616, 47106, 47436, 47448, 47575, 47672, 47698, 47886, 48480, 48611, 48706, 49143, 49501, 49597, 49842, 49845, 49907, 49929, 50375, 50516, 51061, 51307, 51310, 51452, 51962, 52358, 52386, 52928, 52974, 53424, 53534, 53715, 53963, 54365, 54733, 54924, 55350, 55389, 55408, 56108, 56297, 56448, 56497, 56907, 57177, 57734, 57791, 57963, 58071, 59246, 59630, 60188, 61183, 61556, 61575, 61612, 61887, 61896, 62120, 62837, 63050, 63333, 63683, 64135, 64241, 64267, 64485, 65025, 65136
115, 999, 1306, 1839, 2055, 2355, 2666, 2801, 2931, 3288, 3558, 3838, 4530, 4563, 5027, 5218, 5605, 5974, 6151, 6926, 7964, 8265, 8316, 8408, 8496, 8742, 9102, 9577, 10016, 10161, 10347, 10568, 10585, 11377, 11414, 11705, 11744, 11844, 12079, 12594, 12645, 12926, 13094, 13392, 13682, 13935, 14029, 14286, 14341, 14659, 14802, 14992, 15072, 15143, 15175, 15342, 15485, 15619, 15646, 15710, 16015, 16321, 16327, 16360, 16555, 16882, 17200, 17277, 18300, 18592, 19076, 19215, 19546, 19742, 20047, 20101, 20380, 20819, 20828, 20940, 21117, 21383, 23139, 23239, 23316, 23547, 23755, 23822, 24065, 24201, 24276, 24382, 24643, 24990, 25754, 26131, 26494, 26678, 26689, 26890, 27040, 27132, 27190, 27234, 27286, 27851, 28148, 28713, 28746, 29033, 29297, 29570, 29678, 29781, 29991, 30274, 30386, 31201, 31571, 31845, 31936, 32333, 32965, 32986, 33142, 33301, 33370, 33597, 33855, 33931, 34011, 34539, 35150, 35203, 35301, 35316, 35472, 35544, 35734, 35800, 35840, 36212, 36549, 36824, 37121, 37476, 37538, 38948, 38956, 39096, 39139, 39257, 39501, 39510, 39627, 39698, 40228, 40310, 41009, 41073, 41479, 41482, 41896, 41899, 42290, 42308, 42371, 42403, 43125, 43384, 43486, 44750, 44767, 44797, 45023, 45122, 45133, 45143, 45334, 45415, 45651, 45956, 45975, 46449, 46628, 46736, 46886, 46913, 47490, 47655, 48101, 48252, 48443, 48717, 48941, 48942, 48963, 49014, 49184, 49280, 49481, 49545, 49774, 50726, 51691, 51894, 51953, 51992, 53232, 53308, 53416, 53587, 53697, 53707, 54012, 54676, 54802, 54917, 55168, 55789, 56410, 56536, 56879, 57974, 58104, 58108, 59721, 60031, 60350, 60688, 61124, 61207, 61382, 61572, 61997, 62036, 62095, 62294, 62420, 62421, 62506, 62520, 62642, 62991, 63595, 63662, 63837, 64108, 64380, 64545, 64694, 65289, 65296, 65379, 65400, 65484
36, 608, 691, 1170, 1672, 1781, 1848, 2002, 3133, 3323, 4086, 4356, 4361, 4528, 4728, 4894, 5005, 5313, 5736, 5828, 5832, 5848, 6467, 6499, 7007, 7232, 7488, 7672, 7829, 7885, 8936, 8980, 9105, 10084, 10096, 10296, 10498, 10512, 10939, 11402, 11567, 12327, 12347, 12373, 12982, 13204, 13499, 13512, 13848, 14041, 14076, 14109, 14429, 14916, 14984, 15060, 15145, 15375, 16425, 17099, 17240, 17367, 17406, 17483, 17996, 18117, 18262, 18756, 19369, 19447, 19571, 19765, 19950, 20721, 20973, 21234, 21293, 21648, 22001, 22386, 22661, 23191, 23294, 24730, 24935, 25386, 25468, 25818, 25892, 25955, 26739, 26817, 27078, 27457, 27506, 28120, 28339, 28401, 28763, 29101, 29766, 29886, 29889, 30668, 30671, 30700, 30710, 31319, 31449, 31569, 32198, 32234, 32386, 32472, 32517, 32996, 33036, 33334, 33366, 33601, 33613, 33798, 33978, 34163, 34306, 34491, 34539, 34586, 34698, 34947, 35151, 35153, 36422, 36510, 36864, 36888, 37365, 37457, 37518, 38023, 38359, 38540, 38896, 39224, 39375, 40283, 40608, 40609, 40671, 40846, 41438, 41464, 41678, 42037, 42238, 42580, 42858, 42975, 43111, 43189, 43237, 43286, 43504, 43668, 43855, 43859, 44031, 44236, 44400, 44457, 44581, 44657, 44935, 45098, 45221, 45271, 45324, 45637, 46527, 46696, 47013, 47067, 47138, 47157, 47246, 47322, 47567, 47899, 48091, 48488, 48676, 48714, 48961, 49018, 49197, 49952, 49961, 51079, 51161, 51358, 51829, 51866, 51960, 52413, 52524, 52825, 52967, 52974, 53078, 53537, 53619, 54015, 54097, 54193, 54745, 54954, 55055, 55408, 55747, 55945, 56042, 56240, 56506, 56691, 56709, 58211, 58792, 58807, 59003, 59155, 59213, 59392, 59586, 59833, 60220, 60496, 60498, 60832, 61025, 61529, 61651, 61736, 61833, 62096, 62291, 62476, 63553, 63596, 63698, 63842, 63969, 64021, 64634, 64789, 64895, 65099
17, 158, 315, 566, 1124, 1145, 1285, 1376, 1489, 1591, 1646, 1722, 1741, 1823, 1891, 2255, 2453, 2561, 2850, 3009, 3073, 3677, 4320, 4336, 4459, 4489, 5025, 5654, 5704, 5710, 5888, 6061, 6125, 6188, 6343, 6705, 6753, 7391, 7500, 7671, 7749, 8115, 8296, 8430, 8464, 9178, 9482, 9506, 9766, 9789, 10062, 10642, 11317, 11602, 11912, 12097, 12282, 12351, 12377, 13196, 13244, 13298, 13598, 13990, 14236, 15097, 15396, 15534, 15587, 15822, 15859, 15937, 16016, 16430, 16675, 16700, 16900, 16922, 17115, 17450, 17703, 17818, 18144, 18221, 18318, 18980, 19165, 19447, 19448, 19752, 19953, 20604, 21263, 21542, 22241, 22338, 22448, 22449, 22649, 23105, 23214, 23781, 23834, 24547, 25647, 25958, 26281, 26310, 26847, 26998, 27020, 27099, 27184, 27415, 27529, 27686, 27710, 28045, 28694, 28840, 28955, 29038, 29158, 29171, 29490, 30627, 30733, 30738, 31240, 31301, 31411, 31556, 31780, 32432, 32697, 32858, 32965, 33020, 33082, 33532, 33580, 33625, 33714, 33952, 33953, 34241, 34244, 34387, 34628, 34657, 35125, 35222, 35469, 35482, 35614, 37298, 37713, 38005, 38206, 38565, 38670, 39203, 39259, 39505, 39652, 39970, 40249, 40368, 40648, 40967, 41071, 41614, 41926, 42116, 42283, 42406, 42557, 42564, 42599, 43200, 43315, 43328, 43370, 43496, 43708, 43752, 43817, 44091, 44117, 44574, 45103, 45290, 46120, 46313, 46317, 46324, 47994, 48533, 49611, 49925, 50882, 51112, 51525, 51630, 51843, 52347, 52352, 52492, 52769, 52891, 52925, 53039, 53114, 53717, 54255, 54343, 54789, 55426, 55504, 55653, 55663, 55672, 55711, 55745, 56283, 56719, 56742, 56998, 57358, 58556, 59135, 59174, 59305, 59760, 59921, 60058, 60556, 60892, 61207, 61485, 61530, 61575, 61814, 61869, 61999, 62328, 62344, 62414, 62731, 63639, 63977, 63979, 64084, 64360, 64467, 65533
225, 844, 1264, 1436, 1637, 1818, 2381, 2830, 3258, 3371, 3605, 3657, 4540, 6575, 6757, 7018, 7782, 7869, 7890, 8079, 8783, 8826, 9190, 9340, 9604, 9720, 9874, 9947, 10166, 10500, 10514, 10861, 10993, 11017, 11114, 12043, 12074, 12161, 12225, 12472, 12582, 13334, 13474, 13998, 14064, 14115, 14184, 14526, 14834, 15053, 15165, 15197, 15243, 15734, 15877, 16085, 16257, 16268, 16742, 16771, 16938, 17238, 17333, 17630, 18049, 18067, 18595, 19172, 19364, 19584, 19748, 20845, 21723, 21834, 22138, 22445, 22496, 22956, 22996, 23150, 23365, 23624, 23708, 23928, 24699, 25007, 25059, 25499, 25710, 25771, 25880, 25997, 26227, 26307, 26384, 27085, 27179, 27238, 27353, 27568, 27604, 27992, 28313, 28785, 28929, 29395, 29549, 29569, 29602, 30078, 30112, 30232, 30326, 30385, 30466, 30731, 30739, 30877, 31453, 31922, 31953, 32020, 32074, 32503, 32559, 33378, 33401, 34068, 34765, 34890, 35091, 35469, 35496, 35556, 35803, 35979, 36103, 36245, 36681, 36831, 36909, 37272, 37277, 37784, 37961, 38174, 38177, 38292, 38411, 38480, 38831, 39078, 39125, 39390, 39448, 40956, 41003, 41326, 41836, 42090, 42166, 42351, 42527, 42619, 43293, 43641, 43885, 43985, 44194, 44301, 44539, 44751, 45067, 45147, 46032, 46356, 46694, 47087, 47201, 47751, 47766, 47947, 48458, 48713, 48858, 49067, 49167, 49282, 49979, 50066, 50116, 50221, 50475, 50505, 50633, 50961, 51114, 51411, 51746, 52416, 52810, 53086, 53186, 53360, 53786, 53788, 54185, 54405, 54786, 54808, 54875, 55083, 55142, 55366, 55826, 56391, 56601, 56752, 56754, 56773, 57008, 57128, 57423, 57618, 57895, 58329, 58815, 59006, 59456, 59486, 59715, 59798, 60061, 60216, 60520, 60524, 60586, 60988, 61006, 61245, 61249, 62198, 62309, 62872, 62946, 63177, 63218, 63594, 63766, 64011, 64036, 64208, 64284, 64904, 64992, 65046
349, 661, 685, 1282, 1287, 1675, 1697, 1784, 1801, 1907, 2805, 3622, 3771, 3810, 3859, 4499, 4774, 4888, 4998, 5321, 5566, 5643, 5799, 5848, 5915, 6202, 6530, 6575, 7215, 7588, 7800, 7846, 7935, 8089, 8618, 8824, 8827, 8844, 9310, 9478, 10016, 10413, 10651, 10817, 10934, 11756, 11824, 11897, 12119, 12260, 12314, 12416, 12540, 13083, 13922, 14704, 16098, 16111, 16251, 16293, 16335, 16403, 16583, 16606, 16884, 17226, 17704, 18305, 18822, 18951, 19110, 19257, 19296, 19560, 19791, 19888, 20021, 20373, 20592, 20766, 22024, 22154, 22373, 22380, 22528, 23017, 23077, 23079, 23165, 23191, 23400, 23565, 23910, 24054, 24114, 24187, 24207, 24221, 24699, 24806, 24985, 25040, 25248, 26204, 26833, 27048, 27112, 27120, 28015, 28096, 28143, 28558, 28745, 29074, 29137, 29141, 29418, 29748, 30258, 30781, 30870, 31003, 31073, 31500, 31808, 32418, 32429, 32442, 32957, 33183, 33236, 33473, 33902, 34137, 34461, 34463, 34559, 35085, 35412, 35490, 35584, 35609, 35693, 36062, 36540, 36741, 36799, 37394, 37670, 37891, 38036, 38375, 39167, 39547, 39763, 39892, 39907, 39967, 40135, 40155, 40505, 40610, 40617, 40719, 40931, 40949, 41024, 41033, 41369, 41824, 42091, 42300, 42929, 42978, 42989, 43109, 43180, 43597, 43652, 43653, 43655, 44322, 44379, 44483, 44566, 44690, 44699, 44749, 44960, 45103, 45245, 45812, 45888, 46046, 46714, 46740, 46822, 46879, 47186, 48321, 48427, 48438, 48717, 48749, 49145, 49693, 49931, 50293, 50754, 50902, 51783, 51916, 52223, 52263, 52872, 53076, 53133, 53408, 53796, 53824, 54175, 54206, 54353, 54416, 54577, 54621, 54881, 55933, 56826, 56909, 57068, 57357, 57687, 58080, 58726, 58740, 59353, 59570, 59604, 59726, 60363, 60807, 61029, 61291, 61663, 61678, 62094, 62496, 62944, 63148, 64124, 64499, 64830, 65297, 65315, 65473
28, 193, 2243, 2402, 2471, 2615, 2726, 2898, 3383, 4066, 4605, 4880, 5626, 5814, 6244, 6304, 6687, 6910, 7685, 8045, 8622, 9022, 9808, 10656, 10852, 10961, 11600, 11696, 11937, 12209, 12461, 12720, 12744, 12791, 13309, 13516, 14343, 14513, 15135, 15274, 16316, 16635, 16879, 16938, 17082, 17106, 17398, 17694, 17801, 17805, 17810, 18064, 18362, 18778, 18909, 19106, 19406, 19607, 20615, 20653, 20717, 21317, 21322, 21508, 21530, 21948, 22040, 22267, 22431, 22438, 22552, 22693, 22743, 22772, 22978, 23715, 23872, 23920, 24047, 24387, 24468, 24500, 24810, 25325, 25918, 26281, 26315, 26485, 26494, 27116, 27182, 27357, 27550, 27671, 27863, 27924, 28222, 28386, 28389, 28403, 28416, 28554, 28556, 28589, 28725, 28787, 28907, 29027, 29117, 29386, 29531, 29690, 29922, 30762, 31105, 31346, 31363, 32058, 32162, 32487, 32735, 32865, 33048, 33089, 33312, 34171, 34614, 35219, 35338, 36148, 36281, 36382, 36646, 36719, 37012, 37034, 37227, 37260, 37349, 37418, 37535, 37544, 37650, 38029, 38990, 39019, 39691, 39991, 40262, 40380, 40472, 40531, 40604, 40625, 40630, 40986, 41149, 41293, 41805, 42234, 42726, 42737, 42959, 43496, 43668, 44471, 45292, 45386, 45415, 45596, 45772, 46163, 46205, 46594, 47195, 48085, 48478, 48540, 48767, 49038, 49298, 49335, 49577, 49593, 49832, 49863, 50495, 50533, 50824, 50892, 51221, 51302, 51362, 51413, 51598, 51841, 51994, 52355, 52429, 52480, 52522, 53197, 53289, 53334, 53372, 53734, 53762, 54087, 54236, 54386, 54437, 54665, 54878, 55067, 55084, 55387, 55519, 55656, 55699, 56730, 56894, 56972, 57463, 57714, 57778, 57974, 58020, 58309, 58331, 58493, 58561, 58712, 58932, 59249, 59561, 59589, 60041, 60505, 60775, 61219, 61456, 61742, 61827, 62149, 62190, 62676, 62988, 63602, 63636, 63718, 63750, 64000, 64037, 64350, 64563, 65271
45, 125, 515, 694, 832, 842, 1816, 2171, 2406, 2898, 3480, 3492, 4146, 4475, 4477, 4746, 4878, 5149, 5202, 5281, 5369, 5379, 5725, 6252, 6264, 6410, 6666, 6923, 7404, 8006, 8022, 8042, 8489, 8663, 8746, 9164, 9623, 9673, 11123, 11751, 11784, 12095, 12309, 12685, 13083, 13092, 13706, 13884, 13899, 13997, 14002, 14025, 14085, 14232, 14251, 14281, 14536, 14760, 15941, 16171, 16346, 16375, 17467, 17537, 17759, 18043, 18216, 18696, 18948, 19439, 19650, 19876, 20074, 20320, 20433, 20886, 21006, 21226, 21841, 21876, 22122, 22317, 22930, 23302, 23582, 23943, 24059, 24078, 24436, 24452, 24714, 25018, 25307, 25992, 26208, 26667, 26865, 27462, 28147, 28499, 28627, 28761, 28795, 29451, 29753, 29858, 29865, 29965, 30267, 31266, 31452, 32018, 32105, 32120, 32588, 32741, 32749, 32982, 33096, 33604, 33778, 34190, 34372, 34540, 34739, 35050, 35595, 35890, 36105, 36153, 36317, 36469, 36644, 36930, 36944, 37016, 37238, 37651, 37652, 37840, 38733, 38757, 38936, 39118, 39307, 39310, 39551, 39711, 40076, 40857, 41100, 41114, 41289, 41361, 42231, 42844, 43128, 43132, 43340, 43667, 43755, 43837, 43948, 44048, 44591, 44755, 44956, 45000, 45240, 45302, 45353, 45689, 45923, 46337, 46533, 46830, 47051, 47073, 47194, 47288, 47623, 47688, 47721, 47743, 47915, 48121, 48133, 48679, 48940, 49108, 49118, 49844, 51178, 51256, 51786, 51810, 52022, 52044, 52233, 52340, 52407, 52567, 52813, 53086, 53383, 54040, 54959, 55049, 55488, 55891, 55999, 56501, 56636, 56695, 56748, 56880, 57158, 57420, 57929, 58563, 58622, 58711, 59174, 59287, 59296, 59413, 59603, 59702, 59806, 59873, 59912, 59994, 60901, 60973, 61113, 61845, 62652, 62678, 62818, 62871, 62892, 62902, 62918, 63261, 63277, 63317, 63424, 63459, 63896, 64054, 64372, 64620, 65219, 65281, 65381, 65421
150, 191, 272, 279, 391, 622, 734, 768, 770, 1049, 1050, 1247, 1290, 1469, 1482, 2222, 2240, 3300, 3825, 3985, 3994, 4768, 4851, 4974, 5254, 5323, 5556, 5597, 5609, 5688, 6185, 6231, 6256, 6297, 6378, 6614, 6812, 6834, 7032, 7033, 7203, 7909, 8261, 8575, 9592, 9712, 9850, 10213, 10447, 10731, 10786, 10874, 11793, 12055, 12269, 12608, 12620, 12667, 12671, 12812, 12989, 13820, 13917, 14031, 14549, 14671, 14976, 15083, 15331, 15461, 15581, 15744, 15889, 16783, 16816, 17030, 17290, 17505, 17911, 18248, 18418, 18598, 18718, 18939, 19358, 20016, 20154, 20501, 20642, 20911, 21092, 21093, 21100, 21111, 21359, 21713, 21724, 21816, 21831, 22080, 22145, 22407, 22565, 22573, 23222, 23314, 24057, 24183, 24427, 24484, 24736, 25081, 25334, 25409, 25774, 26005, 26330, 26489, 27290, 27365, 27375, 27645, 27856, 27929, 28184, 28970, 29081, 29162, 29333, 30382, 30524, 31570, 31585, 32365, 32604, 32628, 32859, 33242, 34162, 34594, 34604, 34660, 35130, 35254, 35832, 35891, 36360, 36392, 37514, 37713, 38002, 38114, 38158, 38647, 38988, 39118, 39148, 39291, 39292, 39437, 39510, 39560, 39934, 39994, 40969, 41035, 41141, 41440, 41515, 41568, 41797, 41909, 41977, 42401, 42536, 42641, 43012, 43118, 43198, 43260, 43297, 43953, 44311, 44453, 44515, 44820, 45128, 46585, 47073, 47211, 47608, 47729, 47866, 47890, 47937, 48751, 48896, 49551, 50100, 50415, 50669, 51009, 51107, 51144, 51442, 51524, 51675, 51695, 51726, 51737, 52811, 53137, 53616, 54242, 54302, 54351, 54431, 54469, 54553, 54686, 55226, 55711, 55862, 55948, 57083, 57154, 57411, 57584, 57629, 58655, 59219, 60511, 60596, 61085, 61479, 61529, 62236, 62423, 62760, 62921, 63166, 63212, 63475, 63523, 63645, 63740, 63802, 63928, 64379, 64401, 64570, 64588, 65225, 65315, 65489, 65518
121, 129, 750, 1157, 1208, 1229, 1827, 1870, 1911, 1979, 2050, 2391, 3292, 3385, 3903, 4405, 4489, 4806, 5304, 5411, 6166, 6339, 6373, 6495, 6726, 6962, 7187, 7265, 7301, 8178, 8405, 8464, 8548, 8910, 9170, 9391, 9471, 9797, 9991, 10311, 11124, 11256, 11536, 11925, 12428, 12506, 12807, 13027, 13311, 13506, 13630, 13635, 14084, 14136, 14551, 14572, 14618, 14771, 15199, 15960, 15969, 16267, 16346, 16396, 16409, 16789, 16864, 16958, 17105, 17257, 17565, 18104, 18392, 18396, 18786, 18919, 19044, 19211, 19375, 19407, 19591, 19783, 19975, 20098, 20456, 20651, 20882, 20924, 21132, 21210, 21435, 21470, 22066, 22915, 23316, 23816, 23916, 23938, 24456, 24503, 25222, 26431, 26795, 27411, 27476, 27724, 27803, 27992, 28294, 28449, 28896, 29360, 29435, 29605, 29739, 29902, 29952, 30301, 30980, 32048, 32061, 32390, 32393, 32606, 33066, 33126, 33186, 33409, 33529, 33710, 33909, 33943, 34348, 34445, 34494, 34939, 35281, 36008, 36105, 36242, 36307, 36628, 36868, 36976, 37074, 37187, 38171, 38211, 38277, 38365, 39042, 39046, 39638, 39722, 40161, 40183, 40260, 40292, 40382, 40386, 40469, 40473, 40776, 40899, 41192, 41473, 41898, 42061, 42102, 42170, 42402, 42490, 43506, 43649, 44143, 44163, 44222, 44507, 44603, 45117, 45461, 45581, 45633, 45679, 45768, 45812, 45945, 46051, 47058, 47734, 48330, 48412, 48891, 49025, 49046, 49507, 49574, 49716, 49952, 50072, 50097, 50151, 50554, 50598, 51522, 51589, 52244, 52439, 52763, 52789, 52798, 52873, 53453, 53606, 53744, 53981, 54095, 55259, 55312, 55479, 55996, 56669, 56741, 56990, 57207, 57532, 57984, 58107, 58460, 58758, 59052, 59097, 59100, 60147, 60174, 60320, 61165, 61453, 61639, 61696, 61793, 61939, 62073, 62181, 62332, 62458, 62527, 62552, 63123, 63128, 63532, 64220, 64334, 64493, 64901, 64934
51, 293, 439, 519, 962, 1003, 1059, 1783, 2181, 2207, 2554, 2813, 3009, 3546, 3799, 3810, 3862, 4194, 4511, 5046, 5425, 6184, 6916, 7384, 7398, 7537, 7624, 7829, 8099, 8480, 8551, 8840, 9357, 9845, 9953, 9969, 10191, 10198, 10423, 10465, 11189, 11335, 11395, 11467, 11600, 11881, 11886, 12514, 12687, 12915, 12956, 14262, 14401, 14542, 14672, 15040, 15297, 15377, 15727, 16024, 16525, 16727, 16875, 17024, 17393, 18144, 18368, 18755, 19161, 19193, 19577, 19641, 19832, 19937, 20538, 20866, 20930, 20972, 21080, 21356, 21714, 21966, 22005, 22514, 22589, 22748, 22893, 23088, 23399, 23830, 24206, 24383, 24504, 24528, 24573, 24620, 24765, 25378, 25596, 25623, 25714, 26128, 26421, 26652, 26860, 26895, 26902, 27202, 27307, 27606, 27829, 28042, 28213, 28324, 28330, 28712, 28757, 29329, 29541, 29585, 29933, 30194, 30270, 30574, 30677, 30849, 31093, 31464, 31595, 32361, 32408, 32485, 32992, 33554, 33577, 33778, 34209, 34724, 34876, 34929, 34948, 35621, 35809, 35901, 36222, 36295, 36353, 36585, 36931, 37137, 37198, 37324, 37893, 38881, 39453, 39499, 39673, 39682, 39708, 39735, 40108, 40222, 40583, 40670, 41090, 41513, 42666, 43364, 43388, 43465, 43523, 43698, 44035, 44041, 44125, 44247, 44340, 44463, 44591, 45013, 45070, 45208, 45402, 45523, 46067, 46307, 46360, 46602, 47163, 47433, 47838, 47841, 47863, 48211, 48580, 48644, 48665, 49039, 49077, 49663, 49871, 49998, 50166, 50204, 51287, 51589, 51908, 52016, 52093, 52386, 53012, 53766, 53977, 54333, 54752, 54934, 55892, 56074, 56129, 56214, 57158, 57541, 57685, 57740, 57923, 58052, 58255, 58266, 58324, 58763, 58899, 59454, 59467, 60013, 60081, 60626, 60759, 60799, 60900, 61115, 61214, 61513, 62093, 62106, 62558, 62654, 62845, 62970, 62988, 63563, 63954, 64245, 64610, 64923, 65309, 65440
274, 715, 976, 1030, 1111, 1535, 1697, 1883, 1991, 2418, 2984, 3038, 3153, 3267, 3881, 4015, 4339, 4774, 4809, 4907, 5403, 5816, 5819, 5945, 6244, 6436, 6813, 7556, 7823, 7893, 8110, 8470, 8500, 8588, 8910, 9100, 9123, 9290, 10628, 10842, 10931, 11128, 11139, 11190, 11839, 12088, 12416, 12542, 12638, 13050, 13087, 13234, 13290, 13574, 13748, 13879, 14195, 14229, 14356, 14507, 14558, 14628, 14747, 15479, 15708, 16332, 16769, 16795, 16989, 17725, 17842, 18011, 18039, 18059, 18377, 18470, 18515, 18578, 19195, 19401, 19520, 19915, 20026, 20440, 20533, 20585, 20925, 21542, 21645, 21705, 21961, 22028, 22413, 22882, 23009, 23109, 23125, 23362, 23387, 23630, 23644, 23667, 24126, 24381, 24532, 24595, 25011, 25291, 25706, 25832, 25996, 26450, 26641, 27025, 27036, 27135, 27196, 27915, 28215, 28464, 28738, 28770, 29151, 29349, 29571, 29621, 29950, 29952, 30077, 30645, 30673, 31245, 32193, 32258, 32393, 32758, 33366, 33497, 33527, 33831, 34361, 34447, 34723, 35009, 35172, 35617, 35715, 36062, 36543, 36581, 36658, 36778, 36820, 36858, 37336, 37568, 37623, 37710, 38010, 38026, 38204, 38275, 38729, 39199, 39362, 39409, 39493, 39562, 40679, 41022, 41287, 41309, 42011, 42780, 42898, 43368, 43818, 43863, 44146, 44207, 44220, 44253, 44839, 44978, 45223, 45239, 45240, 45894, 46016, 46081, 46437, 46742, 46921, 47012, 47177, 47446, 48056, 48077, 48094, 48132, 48168, 48439, 49137, 49139, 49274, 49332, 49348, 49704, 49723, 49831, 50188, 50515, 50847, 51849, 52559, 52736, 52915, 53159, 54005, 54032, 54269, 54542, 54734, 55038, 55061, 55621, 56307, 56393, 56670, 56777, 56856, 57464, 57611, 58602, 58753, 58963, 59083, 60220, 60531, 60617, 60700, 61159, 61499, 61812, 62506, 62563, 62629, 62718, 63107, 63327, 63537, 63953, 64135, 64781, 64785, 64920
79, 89, 817, 1050, 1215, 1298, 1575, 2226, 2811, 3301, 3309, 3530, 3701, 3768, 4176, 4355, 4395, 4454, 4683, 4752, 4991, 5459, 5569, 6059, 6485, 6764, 8123, 8156, 8598, 8625, 9049, 9105, 9237, 9408, 10425, 10437, 10485, 11500, 11666, 11851, 12235, 12461, 12553, 12735, 12757, 12852, 13003, 13302, 13407, 13828, 13862, 14394, 14465, 14750, 14832, 14859, 15121, 15155, 15455, 15626, 15665, 15700, 15792, 16955, 17331, 18941, 20176, 20388, 20552, 21125, 21353, 21743, 22250, 22436, 22718, 22950, 23093, 24289, 24304, 24515, 24567, 24763, 25270, 25285, 25636, 26131, 26240, 26609, 26743, 26874, 26963, 27200, 27672, 28939, 28941, 28958, 29379, 29510, 29512, 29627, 29684, 30020, 30419, 30449, 30723, 31304, 31381, 31709, 31791, 32218, 32439, 32512, 32758, 32891, 33130, 33319, 33404, 33491, 34516, 34748, 35085, 35359, 35608, 35866, 35896, 35900, 36000, 36235, 36326, 36489, 36890, 36923, 37033, 37396, 37798, 38136, 38227, 38313, 38639, 38862, 38883, 39113, 39150, 39904, 40905, 41403, 41861, 42428, 42632, 42761, 43122, 43173, 43362, 43373, 43471, 43819, 44000, 44274, 44736, 45017, 45549, 45649, 45812, 46033, 46145, 46568, 46806, 46874, 46988, 47067, 47153, 47169, 47676, 48169, 48486, 48664, 48711, 48840, 49003, 49231, 49275, 49348, 49527, 49568, 50014, 50080, 50090, 50255, 50469, 51012, 51067, 51684, 51854, 51958, 52232, 52311, 52315, 52514, 52527, 52540, 53180, 53227, 53379, 53570, 53615, 54783, 54796, 55064, 55096, 55109, 55169, 55514, 55547, 55583, 55607, 55923, 56528, 56703, 56913, 57058, 57763, 58030, 58086, 58606, 58787, 58804, 59145, 59416, 59872, 59995, 60396, 60554, 61212, 61327, 61704, 61925, 62059, 62063, 62103, 62121, 62206, 62823, 63217, 63305, 63494, 63711, 64192, 64365, 64376, 64470, 64571, 64678, 64691, 65002, 65193, 65253
16, 649, 925, 927, 1047, 1206, 1502, 1592, 1636, 1960, 2127, 2635, 2658, 2842, 3158, 3343, 4155, 4220, 4372, 4616, 4982, 5635, 5648, 5710, 5945, 6187, 6279, 6892, 6966, 7383, 7535, 7747, 7774, 7869, 8495, 8816, 9007, 9196, 9199, 9316, 9751, 9764, 10144, 10423, 10892, 11314, 11375, 12671, 12873, 12893, 13006, 13164, 13171, 13535, 13649, 14169, 14509, 14640, 14684, 14725, 14752, 14945, 15017, 15115, 15390, 15457, 15770, 16135, 16150, 16364, 16723, 16792, 16876, 17446, 17644, 17805, 18682, 19228, 19256, 19297, 19537, 19762, 19951, 20068, 20340, 21465, 21512, 21557, 22011, 22425, 22585, 23473, 23839, 24030, 24089, 24234, 24306, 24321, 24515, 24693, 24869, 24975, 25039, 25168, 25331, 25438, 25463, 26125, 26148, 26831, 26979, 27051, 27321, 27327, 27436, 27755, 27911, 28543, 28683, 28908, 28974, 29309, 29340, 29503, 29595, 30036, 30607, 30612, 31117, 31195, 31347, 31829, 31982, 32387, 32398, 32757, 32772, 32821, 33141, 33183, 33550, 33777, 33896, 34134, 34208, 34412, 34590, 34746, 35161, 35316, 35537, 36027, 36687, 37036, 37950, 38173, 38415, 38565, 39429, 39464, 39514, 39811, 40077, 40508, 40911, 41038, 41110, 41214, 41256, 41754, 42076, 42492, 42836, 42897, 43495, 43689, 44471, 44849, 44910, 45304, 45860, 46197, 46634, 47163, 47395, 47680, 47798, 47901, 48217, 48331, 48487, 48680, 48935, 48963, 49708, 49858, 50011, 50101, 50780, 50946, 51145, 51388, 51401, 51675, 51722, 51886, 52505, 53532, 53577, 53755, 53805, 53838, 53857, 54063, 54266, 54453, 54544, 54672, 54718, 55274, 56456, 56663, 57355, 57372, 57436, 57446, 57543, 57833, 57881, 57947, 58221, 58344, 58524, 58897, 59098, 59485, 59695, 59876, 60024, 60062, 60394, 60434, 61567, 61828, 62058, 63003, 63094, 63501, 63810, 63912, 64224, 64258, 64452, 64999, 65192, 65364
77, 194, 769, 1098, 1479, 1658, 1677, 1841, 1873, 2265, 2601, 2712, 2734, 2777, 2959, 3723, 3894, 4226, 4448, 5201, 5331, 5566, 5605, 5618, 5894, 6094, 6170, 6287, 6584, 6759, 6940, 7366, 7381, 7432, 7517, 7552, 7586, 7740, 8005, 8294, 8396, 8542, 8886, 9018, 9136, 9338, 9539, 9541, 10164, 10489, 10640, 10892, 11015, 11405, 11463, 11686, 12872, 13198, 13201, 13522, 13547, 13992, 14305, 14612, 14638, 14773, 15252, 15759, 16027, 16289, 16595, 16869, 17107, 17303, 17848, 18453, 18851, 18993, 19669, 19727, 20068, 20403, 20581, 20736, 20953, 21340, 21345, 21573, 21836, 22189, 22521, 22567, 22577, 23020, 23157, 23284, 23339, 23445, 23655, 23824, 23953, 24503, 24541, 25131, 25490, 25562, 25596, 25770, 25920, 26086, 26566, 26952, 27759, 28163, 28199, 28328, 28720, 29733, 29970, 30403, 31179, 31318, 31843, 31890, 31908, 32087, 32482, 33970, 34158, 34347, 34466, 34531, 34593, 34824, 35225, 35248, 35721, 35789, 37019, 37636, 37677, 37702, 37753, 37953, 38717, 39466, 39988, 40420, 40681, 40816, 40862, 40910, 41397, 41473, 41611, 42359, 43048, 43300, 43328, 43861, 44549, 44692, 45007, 45205, 45412, 45596, 46020, 46535, 47272, 47421, 47445, 47639, 47691, 48143, 48860, 49003, 49937, 50154, 50357, 50500, 50540, 50630, 50944, 51239, 51564, 51690, 51705, 51889, 51931, 51974, 52126, 52128, 52165, 52334, 52411, 52767, 52862, 53056, 53346, 53399, 53471, 53519, 54158, 54307, 54449, 54518, 54682, 54683, 54895, 55395, 55611, 55657, 56063, 56187, 56356, 56835, 57091, 57368, 57396, 57725, 57788, 57986, 58556, 58699, 59050, 59192, 59286, 59560, 59680, 60242, 60300, 60376, 60377, 60444, 60838, 61152, 61417, 61533, 61869, 62281, 62420, 62482, 63360, 63397, 63527, 63533, 63566, 63849, 64113, 64535, 64561, 64839, 64916, 65222, 65323, 65394
150, 238, 1040, 1163, 1255, 1563, 1951, 2035, 2347, 2492, 2680, 2797, 3815, 3876, 3951, 4578, 4780, 4927, 5304, 5685, 5922, 6078, 6221, 6387, 6399, 6428, 7031, 7121, 7720, 7884, 7965, 9623, 9935, 10072, 10074, 10172, 10379, 10488, 10666, 10697, 10756, 10850, 10870, 11099, 11141, 11235, 11319, 11580, 11807, 12087, 12221, 12329, 12464, 12751, 13254, 13296, 13478, 13529, 14244, 14374, 14552, 14848, 14978, 15137, 15327, 15365, 15618, 15893, 16085, 16140, 16203, 16723, 16942, 17053, 17360, 17494, 18359, 18382, 18953, 19093, 20071, 20498, 20572, 21344, 21352, 21437, 21605, 21613, 22139, 22182, 22190, 22203, 22342, 22429, 22589, 22669, 23369, 23580, 23743, 23891, 24039, 24205, 24573, 24766, 24851, 25646, 25966, 26041, 26271, 26370, 26382, 27301, 27652, 27692, 27728, 27979, 28334, 28461, 28538, 28685, 28847, 29093, 29544, 29739, 29843, 29994, 30158, 30497, 31135, 31186, 31198, 31273, 31366, 31373, 31389, 31406, 31518, 31543, 32078, 32488, 32642, 32688, 32823, 33002, 33085, 33110, 33684, 33844, 34183, 34304, 34372, 34825, 35167, 35748, 35929, 36769, 37294, 37380, 37605, 37965, 38099, 38857, 40351, 40628, 41051, 41265, 41896, 42131, 42218, 42657, 42659, 43124, 43154, 43236, 43331, 43677, 43758, 44455, 44516, 44991, 45162, 45326, 45856, 46000, 46063, 46224, 46239, 46418, 46444, 46831, 47515, 47715, 47742, 48114, 49684, 49839, 49857, 49905, 49961, 50197, 50529, 50729, 50795, 50848, 51234, 51917, 51958, 52221, 52229, 52350, 52637, 53212, 53575, 54359, 54453, 54544, 54562, 54841, 55087, 55107, 55279, 55932, 56229, 56331, 56464, 56552, 57374, 57524, 57573, 57777, 57911, 58167, 58302, 58742, 58781, 59453, 59482, 59535, 59707, 60043, 60930, 60988, 61003, 61063, 61226, 61484, 61910, 61942, 62713, 62954, 63367, 63920, 64029, 64143, 64158, 64469
42, 1334, 1571, 1700, 2038, 2858, 3158, 3362, 3371, 3420, 3442, 3494, 3728, 3982, 5305, 5441, 5444, 5925, 6144, 6367, 6395, 6432, 6449, 7124, 7347, 7732, 7856, 7863, 8291, 8389, 8701, 9037, 9785, 9962, 10028, 10082, 10183, 10411, 10515, 11283, 11347, 12408, 12420, 12512, 12684, 12688, 12689, 12980, 13778, 14449, 14591, 14964, 15042, 15085, 15581, 15843, 16150, 16414, 16499, 16852, 17183, 17357, 18081, 18161, 18177, 18235, 18318, 18571, 18581, 18850, 19039, 19184, 19494, 19561, 19846, 20137, 20900, 21000, 21195, 21270, 21289, 21370, 21395, 21811, 21868, 22229, 22970, 22989, 23005, 23041, 23373, 23488, 23703, 23779, 24315, 25505, 25656, 26296, 26698, 26778, 26819, 26979, 27440, 27458, 27526, 27817, 28148, 28161, 28335, 28473, 28829, 29050, 29077, 29227, 29316, 29450, 29787, 30000, 30399, 30697, 31156, 31169, 31231, 31258, 31542, 31684, 31704, 31944, 32286, 32478, 32674, 32852, 32873, 32936, 33256, 33465, 33485, 33718, 33885, 33906, 34420, 34900, 34999, 36158, 36220, 36591, 36931, 36996, 37256, 38548, 38559, 38622, 38746, 38932, 39113, 39291, 39867, 39944, 40041, 40424, 40433, 40523, 40648, 40968, 41421, 41613, 41831, 41887, 41900, 42146, 42841, 43157, 43412, 43939, 44305, 44552, 44860, 45571, 45652, 45709, 45931, 46045, 46520, 46739, 46939, 47056, 47719, 47789, 48070, 48150, 48221, 48428, 48618, 49096, 49316, 49374, 50132, 50139, 50768, 50965, 51240, 51412, 51472, 51786, 52317, 53002, 53270, 53365, 53408, 53755, 53793, 54096, 54137, 54323, 54464, 54941, 55392, 56140, 56556, 56744, 56945, 57039, 57245, 57513, 57749, 57831, 57859, 58101, 58465, 58644, 59343, 59476, 59507, 59627, 59664, 60036, 61123, 61553, 61567, 61593, 61700, 62129, 62252, 62524, 62640, 62778, 62836, 62888, 63154, 63287, 63528, 63916, 63996, 64275, 64749, 65195
121, 181, 387, 965, 1203, 1301, 1656, 1777, 1977, 2530, 2602, 2732, 3073, 3293, 3469, 3708, 4410, 4424, 5152, 5161, 6215, 6397, 6417, 6714, 7004, 7035, 7132, 7188, 7236, 7441, 7465, 7668, 7878, 8042, 8096, 8163, 8274, 8341, 8610, 8700, 9336, 9636, 9884, 10119, 10617, 10647, 10698, 10734, 11004, 11080, 11201, 11292, 11460, 11580, 11727, 11821, 11876, 12007, 12153, 12252, 12783, 12831, 13126, 13529, 14077, 14147, 14267, 14581, 14878, 15103, 15386, 15882, 16022, 16046, 16183, 16254, 16332, 16770, 17241, 17643, 18251, 19346, 19854, 19960, 19962, 20321, 20619, 20832, 21047, 21202, 21294, 21367, 21738, 21768, 21896, 21926, 22180, 22482, 22655, 23301, 23332, 23376, 23462, 23804, 24045, 24206, 24325, 24363, 24367, 24817, 24961, 25083, 25286, 25314, 25723, 25868, 26174, 26589, 26652, 26818, 27111, 27121, 27342, 27758, 28015, 28286, 28478, 29786, 30303, 30529, 30668, 32593, 32598, 32894, 32917, 33177, 33188, 34340, 34341, 34447, 34666, 35319, 35506, 36175, 36457, 36462, 36932, 36936, 37260, 37342, 37810, 37886, 38066, 38170, 38173, 38197, 38407, 38692, 39102, 39334, 39524, 39878, 40413, 40489, 40535, 40594, 40662, 41197, 41340, 41696, 41805, 42262, 42304, 42493, 42750, 43026, 43601, 44248, 44758, 44796, 44842, 45045, 45053, 45206, 45359, 45546, 45755, 45836, 45901, 46201, 46218, 46369, 46668, 46678, 47053, 47102, 47587, 47655, 47758, 47948, 48090, 48834, 48857, 49409, 49447, 49567, 49674, 49812, 50559, 51171, 51360, 51510, 51517, 51564, 51727, 52123, 52921, 53274, 53335, 54214, 54488, 54568, 54708, 54789, 54885, 55139, 55243, 55508, 55691, 55946, 55960, 56408, 56478, 56691, 56769, 57002, 58389, 58618, 58928, 59055, 59368, 60076, 60436, 60935, 61271, 62131, 62260, 62411, 62446, 62481, 63799, 64075, 64365, 64656, 64921, 65308
37, 108, 446, 489, 744, 898, 1294, 1753, 1922, 2006, 2112, 2552, 2623, 2658, 3167, 3197, 3349, 3763, 4202, 4210, 4526, 4731, 5295, 5377, 5608, 5944, 6606, 7097, 7130, 7675, 7793, 7956, 8295, 8361, 8845, 8866, 8898, 8901, 8960, 8990, 9368, 9659, 10810, 10979, 11533, 11796, 11986, 12061, 12333, 13144, 13380, 13443, 13500, 13513, 14158, 14224, 14315, 14577, 14761, 15209, 15455, 15740, 15895, 15979, 16321, 16747, 17025, 17064, 17098, 18108, 18602, 18628, 19225, 19258, 19301, 19675, 19793, 19969, 20082, 20153, 20186, 20303, 20829, 21274, 21822, 22143, 22380, 22383, 22727, 22909, 22988, 23159, 23375, 23400, 23742, 23828, 24272, 24315, 25000, 25346, 25457, 25643, 25777, 25926, 26252, 26596, 26739, 27040, 27210, 27322, 27396, 27824, 28043, 28112, 28528, 29068, 29600, 29614, 29959, 30061, 30223, 30276, 30295, 30448, 30465, 30518, 31051, 31306, 31350, 31715, 31736, 31857, 32009, 32101, 32564, 32995, 33166, 33336, 33654, 34071, 34276, 34284, 34379, 34641, 34917, 35120, 35233, 35676, 35708, 35834, 35891, 36566, 36691, 37167, 37230, 37427, 38216, 39025, 39187, 39227, 39563, 39630, 39814, 40443, 40796, 40829, 41098, 41165, 41231, 41304, 41732, 42356, 42378, 42933, 43511, 43721, 43848, 44174, 44184, 44820, 45176, 45379, 45446, 45528, 45680, 46440, 46647, 46864, 47008, 47232, 47325, 47572, 47643, 47672, 48241, 48306, 48311, 49795, 50009, 50013, 50346, 50432, 50442, 50689, 50757, 50775, 51042, 51136, 51385, 51761, 51950, 52370, 52558, 52780, 53518, 53832, 54220, 54230, 54712, 54787, 54967, 55246, 55504, 55560, 55624, 56094, 56121, 56664, 56686, 56776, 57069, 57184, 57476, 57737, 57878, 58820, 58822, 59755, 59762, 60195, 61495, 61737, 62149, 62353, 62516, 62824, 63589, 63661, 63987, 64422, 64428, 64582, 65141, 65219, 65395, 65429
421, 570, 849, 921, 961, 1059, 1296, 1324, 1577, 1998, 2075, 2194, 2721, 3004, 3059, 3442, 3758, 3915, 4143, 4697, 4923, 5029, 5132, 5222, 5224, 5701, 5862, 6073, 6093, 6485, 6716, 6984, 7392, 7704, 7773, 8060, 8093, 8248, 8558, 8807, 8843, 8941, 9000, 9317, 9420, 9578, 9773, 9779, 9966, 10905, 11044, 11149, 11405, 11432, 11639, 11863, 11988, 12356, 13153, 13261, 13266, 13459, 13978, 14162, 14163, 14395, 14459, 15092, 15762, 16010, 16074, 16623, 16770, 17045, 17048, 17148, 18442, 18594, 18657, 19249, 19833, 20052, 20085, 20146, 20321, 20898, 21047, 21467, 22478, 22567, 23029, 23329, 23474, 24055, 24451, 24649, 24708, 24883, 25220, 25752, 26288, 26368, 26557, 26721, 27673, 27981, 28043, 28744, 28803, 28924, 28940, 29143, 29237, 29558, 29980, 30258, 30354, 30365, 30499, 30677, 30824, 31148, 31438, 31672, 31931, 32071, 32216, 32397, 32617, 32971, 33337, 33398, 33442, 33695, 33870, 33975, 34020, 34561, 34662, 34694, 34779, 35589, 35776, 36071, 36557, 37600, 37805, 38257, 38624, 38701, 38863, 39830, 39915, 40876, 40996, 41006, 41054, 41222, 41582, 41778, 42058, 42110, 42479, 42721, 42816, 43034, 43234, 43730, 43865, 44000, 44075, 44517, 44543, 44939, 45547, 45845, 45992, 46348, 46722, 47457, 47674, 47908, 48177, 48203, 48504, 48533, 48652, 48701, 49167, 49332, 49474, 50546, 50794, 51551, 51987, 52779, 52833, 52920, 53442, 53505, 53723, 53766, 53914, 54091, 54271, 54783, 54871, 55113, 55308, 55624, 55785, 56022, 56199, 57140, 57429, 57711, 57863, 57907, 57964, 58154, 58824, 59003, 59248, 59402, 59557, 59644, 59673, 59781, 59860, 59967, 60012, 60023, 60146, 60472, 60569, 60643, 60670, 60800, 61621, 62144, 62582, 63180, 63311, 63327, 63583, 63660, 63705, 63877, 64242, 64391, 64521, 64566, 64796, 64824, 65010, 65256
94, 1314, 1488, 1619, 1716, 1914, 2011, 2718, 2946, 3398, 3516, 3550, 3783, 3880, 4150, 4189, 4293, 4305, 4499, 4908, 5078, 5312, 5324, 5819, 6594, 7132, 7464, 7513, 7520, 7524, 7980, 8070, 8081, 8628, 8693, 8814, 9436, 9844, 9868, 10098, 11258, 11302, 11733, 11904, 12072, 12109, 12137, 12249, 12280, 12350, 12699, 13007, 13127, 13222, 13364, 13942, 14620, 15585, 15620, 15751, 16267, 16373, 16405, 16427, 16575, 16601, 16747, 17393, 17490, 18310, 18548, 18675, 19005, 19054, 19131, 19352, 19921, 20011, 20366, 20534, 20540, 20713, 21133, 21159, 21877, 21962, 22200, 22279, 22653, 23373, 23769, 24366, 24727, 24940, 25528, 25805, 26005, 26035, 26098, 26607, 26644, 26650, 26663, 26801, 26925, 27075, 27256, 27269, 27605, 27687, 27727, 28134, 28140, 28568, 28862, 29268, 29340, 29918, 30138, 30667, 30817, 30913, 31170, 31425, 31547, 31585, 31864, 32086, 32666, 32923, 33111, 33519, 33622, 33790, 33868, 34215, 34250, 34829, 34847, 34975, 34985, 35088, 35189, 35487, 35491, 35899, 36644, 36693, 37425, 37452, 37780, 37801, 37946, 38004, 38107, 38299, 38770, 38773, 39261, 39509, 40522, 40807, 41445, 41739, 42146, 42204, 42427, 42526, 42841, 43566, 43707, 43763, 43892, 45094, 45107, 45133, 45424, 45798, 45958, 45994, 46026, 46118, 46295, 46330, 46841, 46850, 47447, 47465, 47499, 47754, 48214, 48255, 48569, 48607, 48741, 48889, 49022, 49079, 49249, 49344, 49991, 50107, 50432, 50433, 51277, 51397, 51630, 52356, 52642, 53102, 53845, 53869, 54285, 54312, 54466, 54623, 54732, 54896, 54938, 55201, 55209, 55238, 55381, 55423, 55525, 56642, 56883, 56997, 57183, 57403, 57476, 57773, 58207, 58487, 58694, 58730, 59569, 59770, 59929, 60152, 60165, 60340, 60944, 61183, 61713, 61941, 62068, 62246, 62793, 63043, 63811, 64318, 64434, 64472, 64561, 64585
210, 718, 2891, 3507, 3566, 3725, 4367, 4464, 4959, 5392, 5510, 5728, 6210, 6211, 6314, 7494, 7571, 7628, 7717, 7974, 8147, 8425, 8544, 8911, 8961, 9018, 9339, 9412, 9863, 9942, 10087, 10778, 10981, 11459, 11534, 11719, 11751, 13203, 13279, 13517, 13522, 13687, 13774, 13811, 14175, 14200, 14205, 14491, 14528, 14552, 15018, 15689, 15917, 16095, 16157, 16653, 16761, 17044, 17135, 17263, 17348, 17362, 18027, 18178, 18594, 18937, 19201, 19588, 20238, 20479, 20546, 20619, 21041, 21174, 21411, 21768, 22570, 22686, 23447, 23561, 23569, 24050, 24067, 24145, 24334, 24540, 24825, 24879, 25262, 25822, 26066, 26641, 26647, 26685, 26788, 27103, 27133, 27538, 27638, 27711, 28125, 28151, 28512, 28808, 29378, 29824, 30028, 30292, 30399, 30595, 31451, 31515, 31775, 32253, 32390, 32600, 32900, 32999, 33114, 33139, 33493, 33638, 33993, 34033, 34407, 35026, 35412, 35416, 35585, 35701, 36280, 36287, 36349, 37335, 37377, 37445, 37640, 37685, 37803, 38196, 38528, 38582, 38815, 39221, 39398, 39480, 39682, 40150, 40161, 40243, 40292, 40583, 40760, 41258, 41391, 41610, 41851, 42248, 42604, 43744, 44137, 44422, 44427, 44849, 44942, 45241, 45367, 45920, 46053, 46281, 46315, 46336, 46506, 46624, 46772, 46828, 46900, 46992, 47222, 47448, 47756, 48178, 48579, 48740, 48850, 48954, 49096, 49160, 49396, 49547, 49864, 49929, 50262, 50269, 50454, 50463, 50638, 51317, 51387, 51536, 51715, 52438, 52542, 52829, 52874, 53201, 53234, 53351, 53463, 53706, 53808, 53930, 54379, 55041, 55148, 55461, 55937, 55987, 56081, 56323, 56334, 56337, 56890, 57052, 57577, 57996, 58176, 58179, 58306, 58499, 58824, 59072, 59363, 59609, 60191, 60240, 60448, 60832, 60856, 60967, 60976, 61005, 61032, 61287, 61472, 61551, 62314, 62393, 62584, 62760, 62779, 62885, 64301, 64960, 65216, 65480
126, 203, 391, 465, 766, 785, 875, 1168, 1319, 1330, 1391, 1431, 1680, 2036, 2040, 2056, 2389, 2748, 2831, 3093, 3404, 3555, 3698, 3881, 4194, 4226, 4538, 4587, 5005, 5097, 5257, 5709, 6234, 6328, 6421, 6752, 6805, 7991, 8262, 8339, 8357, 8369, 8393, 8641, 8678, 8705, 9017, 9184, 9305, 9333, 9439, 10125, 10245, 10330, 10396, 10659, 10758, 10885, 11234, 11272, 11366, 12039, 12162, 12453, 12614, 12824, 12969, 13035, 13337, 13811, 13881, 13888, 14140, 14324, 14519, 14741, 15803, 15922, 16574, 16617, 17070, 17382, 17495, 17895, 18092, 18117, 18310, 18515, 18755, 19053, 19077, 19579, 20126, 20222, 20429, 20480, 20613, 20955, 20958, 21734, 21890, 22071, 22130, 22215, 22325, 22488, 22785, 23179, 23425, 23736, 23776, 24372, 24516, 24540, 24853, 24923, 24995, 25077, 25194, 25505, 25506, 25781, 25790, 26458, 26492, 26720, 26835, 27046, 27361, 27738, 27918, 28083, 28357, 28660, 28737, 28799, 28824, 28884, 29618, 29834, 30379, 30405, 32549, 32696, 33162, 33454, 33623, 34108, 34141, 34571, 34815, 35694, 35712, 35981, 36206, 36295, 36309, 36606, 36797, 37674, 38609, 38624, 38701, 40471, 40742, 41168, 42043, 42412, 42575, 42582, 43269, 43566, 43613, 43643, 44005, 44555, 44580, 44699, 44888, 45075, 45214, 45706, 46220, 46318, 46326, 46865, 46947, 47066, 47586, 47759, 47858, 47947, 48201, 48765, 49755, 50099, 50151, 50871, 51464, 52556, 52907, 52953, 53011, 53024, 53741, 54509, 54806, 55063, 55169, 55238, 55266, 55297, 56068, 56204, 56379, 56564, 57109, 57352, 57442, 57584, 57945, 58419, 58679, 58814, 58933, 59239, 59337, 59362, 59388, 59637, 60184, 60265, 60557, 60834, 61001, 61075, 61224, 61299, 61302, 61323, 61345, 61646, 61675, 61891, 62283, 62458, 62694, 63137, 63603, 63839, 63866, 63948, 64033, 64062, 64205, 64314
148, 413, 595, 900, 1109, 1323, 1446, 1596, 1955, 2522, 2561, 3223, 3431, 3555, 3621, 3716, 4428, 4578, 4676, 5196, 5480, 5908, 6131, 6385, 7169, 7203, 8162, 8336, 8626, 8660, 9242, 9291, 9568, 9766, 9966, 10056, 10158, 10231, 10426, 10483, 10860, 11599, 11756, 11849, 11875, 11893, 12175, 12438, 12942, 13075, 13097, 13250, 14392, 14621, 14756, 15149, 15497, 15563, 16254, 17141, 17218, 17296, 18118, 18954, 18977, 19244, 19476, 19572, 19597, 19667, 19670, 19827, 20161, 20241, 20585, 20816, 21204, 21387, 21426, 21503, 22434, 22624, 22625, 22627, 22752, 22904, 23012, 23288, 23337, 23684, 24021, 24193, 24501, 24974, 25201, 25757, 25788, 25819, 26386, 26647, 26772, 26785, 26800, 27288, 27324, 27370, 27673, 27919, 27928, 27994, 28260, 28854, 28873, 29332, 29465, 29544, 29676, 29934, 30137, 30176, 30266, 30446, 30818, 31112, 31181, 31506, 31652, 31933, 32050, 32455, 32482, 32995, 33195, 33352, 33703, 33785, 33861, 33973, 34070, 34152, 34312, 34446, 34863, 34904, 35194, 35290, 35488, 35704, 35786, 35994, 36390, 36433, 36470, 37117, 37154, 37230, 37255, 37452, 37871, 38555, 38619, 38722, 39325, 39551, 40000, 40002, 40118, 40272, 40572, 40696, 40885, 40964, 41502, 42918, 42983, 43451, 43473, 44224, 44263, 44394, 44911, 45192, 45360, 45375, 45435, 45939, 46173, 46290, 46526, 47372, 47505, 47555, 48045, 48099, 48310, 48458, 48947, 49615, 49793, 50168, 50224, 50289, 50588, 50828, 50891, 50924, 51065, 51095, 52304, 52757, 53475, 53645, 53906, 53930, 53972, 54136, 54166, 54478, 54539, 54719, 54845, 54933, 54991, 55019, 55557, 55939, 56199, 56587, 56793, 57218, 57308, 57552, 57582, 57632, 58777, 59178, 59465, 59704, 60467, 61154, 61268, 61773, 62460, 62922, 63008, 63530, 63684, 63761, 63780, 63844, 63928, 64997, 65047, 65128, 65187, 65468
68, 322, 364, 492, 651, 688, 1002, 1862, 2532, 2544, 2579, 2594, 2663, 2787, 2851, 3140, 3145, 3202, 3343, 3519, 3604, 3677, 4276, 4310, 5153, 5305, 6095, 6441, 6651, 7061, 7181, 7237, 7459, 7467, 7613, 7637, 7766, 7775, 8146, 8232, 8264, 8281, 8388, 8692, 8765, 8899, 9060, 9804, 11445, 12739, 12929, 13225, 13610, 13739, 14189, 14242, 14438, 14651, 14933, 15060, 15070, 15086, 15460, 15700, 15823, 15878, 16183, 17036, 17253, 17550, 17716, 17717, 18090, 18330, 18445, 18565, 18639, 18656, 18673, 18931, 18940, 19848, 19915, 20436, 20495, 20678, 21000, 21086, 21928, 22096, 23120, 23293, 23472, 23900, 24298, 24601, 24642, 25095, 25313, 25514, 25739, 25758, 25911, 26292, 26488, 26688, 26830, 26900, 27312, 27441, 27969, 28077, 28296, 29037, 29140, 29315, 29959, 30542, 30789, 30948, 30985, 31094, 31527, 31604, 31825, 31897, 32297, 32316, 32441, 32636, 32798, 32805, 33089, 33424, 33815, 33852, 34215, 34393, 34455, 34893, 34964, 35232, 35445, 35541, 35566, 36135, 36323, 36688, 37052, 37277, 38140, 38470, 38618, 38688, 38799, 38873, 39341, 39586, 40425, 41180, 41297, 41333, 41341, 42200, 42301, 42581, 42859, 42941, 44282, 44423, 44688, 44891, 45670, 46559, 46784, 46894, 46991, 47246, 47352, 47542, 47676, 47973, 48445, 48564, 48917, 49078, 49288, 49502, 49538, 49913, 49938, 50002, 50114, 50236, 50291, 50314, 50411, 50467, 50681, 51570, 51588, 51762, 52023, 52219, 52559, 53293, 53732, 54275, 54286, 54680, 54948, 55442, 55528, 56260, 56338, 56458, 56599, 56689, 56714, 56981, 57680, 58197, 58407, 58442, 58722, 59013, 59062, 59265, 59470, 59508, 59556, 59632, 59657, 59709, 59713, 59753, 60064, 60194, 60689, 60875, 61279, 61769, 61867, 62017, 62776, 62798, 63050, 63152, 63585, 63695, 64037, 64784, 64961, 64963, 65304, 65360
70, 181, 1054, 1209, 1223, 1749, 1837, 1935, 1974, 1991, 2447, 2469, 2488, 2683, 2775, 2826, 3207, 3397, 4522, 4523, 4559, 4605, 4612, 4660, 4893, 5239, 5332, 6363, 6398, 6423, 6535, 6557, 6693, 6748, 6823, 6880, 7144, 7158, 8615, 8854, 9526, 10145, 10159, 10204, 10364, 10444, 10674, 10678, 10756, 10795, 11165, 11194, 11284, 11371, 11710, 11916, 12261, 12319, 12327, 12434, 12515, 12541, 12573, 12575, 12771, 12789, 12884, 12938, 13400, 13449, 13676, 13715, 13999, 14306, 14318, 14580, 14799, 15079, 15147, 15438, 15727, 15884, 15900, 15925, 16751, 16837, 17112, 17213, 17358, 17563, 18096, 18539, 18607, 18617, 19207, 19442, 19669, 19780, 20767, 21140, 21584, 21651, 23528, 23836, 24216, 24588, 24762, 24989, 25048, 25512, 25564, 26007, 26346, 26430, 26768, 27185, 27497, 27677, 27747, 28328, 28673, 28688, 28770, 29266, 29596, 29721, 29807, 29971, 30213, 30823, 30839, 31142, 31212, 31537, 31576, 31751, 31982, 32431, 32454, 32755, 32788, 33107, 33443, 33527, 33717, 33757, 33805, 34204, 34726, 34884, 35335, 35375, 35435, 35605, 35698, 35796, 36540, 37015, 37195, 37229, 37566, 37622, 37727, 38154, 38262, 38354, 38653, 38835, 38920, 39674, 39801, 39927, 40059, 41404, 41716, 41750, 42530, 42884, 43851, 44101, 45072, 45204, 45327, 45417, 45609, 46086, 46333, 46463, 46604, 46836, 46945, 47814, 48075, 48119, 48305, 48501, 48530, 48724, 49062, 49119, 49141, 51266, 51410, 52282, 52380, 52445, 52687, 52907, 54180, 54610, 54818, 54900, 55879, 56194, 56674, 56763, 57041, 57420, 57725, 58029, 58353, 58869, 59156, 59288, 59836, 60317, 60434, 60504, 60539, 60567, 60946, 61262, 61264, 61506, 61559, 61686, 61763, 61857, 61996, 62028, 62045, 62272, 62678, 62754, 62946, 63138, 63417, 63574, 63600, 64231, 64263, 64661, 64671, 65036, 65322, 65406
472, 652, 793, 941, 1141, 1769, 1988, 2850, 3055, 3252, 3372, 4167, 4249, 4767, 5034, 6018, 6160, 6174, 6674, 6927, 7342, 7626, 7761, 8105, 8563, 8732, 8977, 9009, 9554, 10185, 10242, 10968, 11383, 11773, 13040, 13484, 13795, 13926, 13968, 14360, 14480, 14785, 15217, 15652, 15676, 16811, 17641, 18052, 18324, 18433, 19184, 19245, 19336, 19371, 19491, 19533, 19733, 19864, 19932, 20690, 20792, 21071, 21275, 21755, 21786, 21930, 22354, 22462, 22622, 22909, 23427, 23452, 23530, 23597, 23662, 23818, 23886, 24237, 24621, 24648, 24650, 25009, 25199, 25332, 25477, 25773, 25942, 26350, 26789, 27278, 28436, 29224, 29685, 30082, 30722, 30743, 31163, 31830, 31870, 32413, 32528, 32656, 32785, 32898, 33427, 33642, 33845, 33899, 34219, 34724, 34756, 35281, 35375, 35451, 35631, 35820, 35896, 36611, 36682, 36728, 36743, 36892, 37075, 37857, 38225, 38336, 38441, 38491, 38537, 38915, 38929, 39390, 39448, 39869, 40053, 40338, 40558, 40715, 40723, 40884, 41020, 41798, 41822, 42019, 42217, 42804, 43577, 43593, 43851, 43947, 43949, 44297, 44478, 44546, 44685, 44702, 45532, 45791, 45949, 46072, 46445, 46483, 47117, 47275, 47277, 47388, 47468, 47491, 47918, 48009, 48251, 48348, 48952, 49371, 49832, 49877, 50167, 50199, 50435, 50511, 50558, 50590, 50776, 50997, 51109, 51260, 51275, 51653, 51908, 52256, 52445, 52537, 52886, 52910, 53003, 53197, 53689, 53691, 53998, 54676, 54984, 55564, 55574, 55636, 55647, 55682, 55701, 55770, 56818, 56821, 56865, 56962, 56968, 57191, 57411, 57414, 57849, 57877, 57916, 58620, 58758, 58888, 58962, 59072, 59331, 59581, 59584, 59591, 60218, 60380, 60391, 60579, 61042, 61170, 61220, 61352, 61652, 61970, 62087, 62631, 62661, 62770, 62790, 62863, 62878, 62951, 63061, 63283, 64153, 64418, 64989, 65187, 65196, 65329, 65427, 65495
40, 307, 441, 994, 2103, 2395, 2650, 2701, 2933, 3478, 4411, 4728, 5211, 5225, 5266, 6241, 7558, 7781, 7863, 7935, 8310, 9355, 10312, 10441, 10456, 10551, 10671, 10788, 10858, 10933, 11060, 11187, 11209, 11361, 11384, 11519, 11817, 11943, 12113, 12310, 12864, 13260, 13518, 14004, 14118, 14555, 14621, 14643, 14771, 14805, 14910, 15485, 15654, 16227, 16397, 16571, 16667, 16735, 17069, 17342, 17489, 17628, 17675, 17907, 18160, 18187, 18708, 18806, 18980, 18995, 19048, 19332, 19446, 19494, 19602, 19737, 19738, 20261, 20329, 20392, 20691, 20890, 21664, 21842, 21936, 22210, 22275, 22460, 22461, 22856, 23035, 23213, 23578, 23971, 24096, 24778, 25095, 25558, 25867, 25971, 26030, 26434, 26554, 26603, 27436, 27932, 27949, 28001, 28265, 28475, 28545, 28563, 28932, 28972, 28999, 29072, 29090, 29553, 29570, 29690, 30218, 30479, 31166, 31181, 31683, 31821, 32430, 32743, 32835, 32897, 33167, 33375, 34055, 34728, 34893, 35197, 35326, 35485, 35595, 35648, 35718, 35741, 36293, 36472, 36580, 36674, 36697, 36740, 36911, 37793, 38019, 38367, 38433, 38748, 38805, 39187, 39427, 39714, 40273, 41239, 41481, 41490, 41599, 42025, 42172, 42203, 43048, 43322, 43485, 43581, 43638, 43669, 44498, 44552, 44598, 44614, 44628, 44750, 44794, 44975, 45153, 45373, 45446, 45593, 47396, 47572, 47709, 47903, 48390, 48408, 48448, 48456, 48779, 48966, 49005, 49314, 49373, 50180, 50230, 50412, 50682, 50692, 50782, 50847, 51251, 51511, 51602, 51790, 51825, 51833, 51837, 52588, 52935, 53119, 53531, 53571, 53745, 53879, 54103, 54168, 54178, 54345, 55064, 55635, 55753, 55954, 56056, 56250, 56539, 57092, 57108, 57338, 57515, 58054, 58225, 58252, 59065, 59236, 59575, 59843, 60402, 60410, 60439, 60848, 60957, 61091, 61516, 61702, 62864, 63142, 63262, 63431, 63469, 64395, 64621, 65155
750, 1124, 1201, 1241, 1413, 1464, 2616, 2704, 3003, 3255, 3361, 3468, 3712, 3863, 4035, 4053, 4420, 4460, 4868, 5723, 6442, 6670, 6772, 7216, 7548, 7699, 7814, 8125, 8572, 8604, 8739, 9012, 9576, 9643, 10022, 10026, 10145, 10306, 10344, 10491, 10744, 11062, 11673, 12051, 12104, 12220, 12328, 12734, 12769, 12862, 13475, 13596, 14278, 14342, 14740, 14748, 15246, 15481, 15558, 15606, 15788, 16128, 16634, 16730, 17153, 17237, 17261, 17267, 17358, 17788, 18117, 18167, 18378, 18519, 18630, 19154, 19244, 19285, 19393, 19549, 19561, 19690, 19886, 19939, 20157, 20679, 20896, 21120, 21465, 21505, 21845, 22078, 22289, 22290, 22678, 22885, 22961, 23022, 23082, 23216, 23253, 23848, 23877, 23932, 24395, 24445, 24696, 24700, 24748, 24821, 24936, 25461, 25738, 26283, 26361, 26443, 26504, 26530, 26648, 26994, 27068, 27357, 27980, 28457, 28648, 29180, 29271, 29389, 29403, 29508, 30020, 30212, 30539, 31132, 31253, 31437, 31477, 31482, 32269, 33025, 33085, 33100, 33441, 33637, 34011, 34416, 34556, 34648, 34861, 35142, 35619, 35661, 35759, 36110, 36341, 36350, 36361, 36526, 36675, 36747, 37439, 37503, 37641, 37939, 38110, 38527, 38637, 39513, 40770, 41237, 41769, 42157, 42443, 42526, 42894, 42932, 43076, 43301, 44078, 44131, 44158, 44496, 44590, 47197, 47324, 47834, 47859, 47956, 48123, 48133, 48508, 48617, 48727, 48880, 49439, 49481, 49525, 49687, 49802, 50198, 50237, 50515, 51271, 51342, 52029, 52317, 53048, 53363, 53406, 53433, 53534, 53560, 53565, 53569, 53644, 53783, 53799, 53923, 54345, 55356, 55476, 55810, 56607, 56897, 56989, 56996, 57119, 57136, 57194, 57946, 58016, 58138, 58394, 58430, 58477, 58920, 59302, 59336, 59369, 59418, 59820, 60265, 60397, 60970, 61138, 61170, 61619, 61629, 61811, 63913, 63980, 64349, 64762, 64960, 65081, 65338
156, 327, 480, 833, 1533, 1855, 1916, 2662, 2979, 3001, 3574, 3662, 3993, 5368, 6145, 6241, 6447, 6788, 6945, 7296, 7536, 8237, 8241, 8448, 8467, 8514, 8700, 8950, 9000, 9101, 9122, 9140, 9367, 9606, 9691, 10078, 10126, 10137, 11198, 11253, 12130, 12362, 12431, 12553, 12588, 12597, 13184, 13383, 13523, 13942, 14137, 14294, 14878, 15056, 15347, 15802, 16064, 16136, 16764, 16813, 17410, 17977, 18006, 18009, 18080, 18913, 18956, 19236, 19331, 19406, 19615, 19675, 20071, 20303, 20525, 20876, 21431, 21840, 22021, 22051, 22190, 22588, 22630, 22754, 22780, 23081, 23157, 23440, 23597, 23668, 23718, 24109, 24157, 25586, 25677, 26056, 26702, 26794, 27144, 27174, 27218, 27415, 27528, 27570, 27690, 27698, 27762, 27780, 28096, 28161, 28287, 28300, 28533, 28593, 28978, 29163, 29273, 29438, 29505, 30185, 30252, 30935, 31471, 31531, 31593, 31922, 31994, 32303, 32511, 33113, 33622, 33667, 33769, 34214, 34257, 34556, 34571, 35301, 35337, 35446, 35934, 36135, 36698, 36978, 37119, 37408, 37522, 37633, 38135, 38272, 38429, 38454, 38786, 38794, 38981, 39317, 39579, 40127, 40349, 40667, 41334, 41460, 41711, 42116, 42391, 42415, 42578, 43052, 43066, 43366, 43478, 43581, 43611, 44490, 44492, 44578, 45134, 45437, 46027, 46077, 46122, 46293, 46370, 46515, 46569, 46881, 46959, 47130, 47146, 47268, 47484, 47657, 47924, 48346, 49084, 49296, 49638, 50005, 50679, 50805, 51144, 51296, 51380, 51606, 52197, 52224, 52494, 52617, 53071, 53116, 53150, 53392, 53686, 54188, 54761, 55028, 55875, 55896, 56271, 56605, 57488, 57492, 57832, 57894, 57992, 57998, 58038, 59068, 59565, 59818, 59891, 60198, 60406, 60861, 61196, 61432, 61515, 61685, 61808, 61833, 61904, 62087, 62133, 62159, 62642, 62793, 63131, 63245, 63252, 63714, 63794, 63883, 64013, 64561, 64841, 65108
327, 747, 1206, 1642, 2459, 2838, 3076, 3198, 3233, 3441, 4431, 4807, 4837, 5356, 5459, 5535, 5673, 5684, 5908, 6108, 6848, 6912, 7125, 7345, 7399, 8083, 8089, 8866, 9232, 9247, 9248, 9282, 9339, 9836, 9898, 10369, 10988, 11160, 11598, 11787, 11827, 11864, 12073, 12304, 12338, 12406, 12413, 12587, 13010, 13126, 13485, 13601, 13846, 14127, 14266, 14384, 14439, 14673, 15070, 15277, 15315, 15684, 15822, 16529, 16628, 17343, 17349, 17660, 17759, 17781, 18167, 18622, 18723, 19105, 19643, 19813, 20552, 20748, 20976, 20997, 21104, 21606, 21697, 21899, 22100, 23026, 23039, 23075, 23631, 23903, 24022, 24178, 24246, 24382, 24736, 24989, 25231, 25532, 25691, 25706, 26049, 26115, 26558, 26688, 26763, 26786, 26816, 26839, 27133, 27269, 27857, 28103, 28257, 28737, 29309, 29955, 30857, 30953, 31125, 31137, 31203, 31239, 31348, 31382, 31949, 32038, 32483, 32704, 32727, 32855, 32972, 32973, 33038, 33222, 33489, 33682, 34505, 34746, 35107, 35520, 35900, 35927, 36090, 37633, 38688, 39530, 39540, 39561, 39704, 40243, 40570, 40598, 40902, 41273, 41456, 41628, 41642, 42012, 42328, 42959, 43118, 43311, 43488, 43629, 43728, 43756, 43785, 44089, 44144, 44151, 44199, 44202, 44670, 44723, 45255, 45651, 45674, 46182, 46265, 46565, 46669, 46871, 47083, 47557, 47586, 48385, 48513, 48549, 48786, 48829, 48879, 48914, 48935, 48980, 49562, 49605, 50064, 50253, 50754, 51074, 51159, 51569, 51911, 52210, 52344, 52427, 52580, 52981, 52982, 53018, 53122, 53501, 53563, 53639, 53897, 54317, 54319, 55255, 56286, 56628, 56647, 56718, 56746, 56773, 57990, 58552, 58713, 59470, 59649, 59685, 59778, 60217, 60268, 60428, 60522, 60629, 60749, 61153, 61409, 61508, 61533, 61534, 61634, 61722, 61968, 62114, 62376, 62681, 62829, 63330, 63357, 63397, 63695, 65221, 65274, 65453
2, 353, 642, 742, 977, 1169, 1258, 1270, 1401, 1555, 1863, 2641, 2878, 3222, 3891, 4000, 4637, 4810, 4982, 5024, 5055, 5244, 5258, 5671, 5744, 5987, 6014, 6311, 6442, 6475, 7116, 7240, 7729, 7825, 7878, 9661, 9912, 9973, 10073, 11015, 11837, 12029, 12102, 12307, 12767, 12787, 12925, 12965, 13288, 13406, 14592, 14939, 15025, 15302, 15654, 16153, 16170, 16291, 16309, 16335, 16361, 16554, 16610, 17619, 17653, 17913, 19012, 19563, 19684, 20382, 20725, 20861, 20880, 20943, 20977, 21011, 21378, 21644, 21749, 22038, 22039, 22083, 22189, 22227, 22311, 22386, 22644, 22684, 22798, 22863, 23093, 23830, 24165, 24825, 25118, 26065, 26284, 26812, 26957, 26993, 27569, 28187, 28289, 28503, 28998, 29523, 29977, 30728, 31390, 32037, 32697, 32818, 32880, 33233, 33631, 33819, 34037, 34042, 34107, 34488, 35087, 35097, 35899, 36005, 36031, 36038, 36451, 36461, 36726, 36749, 37107, 37187, 37476, 37906, 38017, 38102, 38252, 38279, 38297, 38590, 38935, 38950, 39037, 39146, 39479, 39519, 40211, 40413, 40492, 40626, 41127, 41208, 41299, 41360, 41368, 41835, 41852, 41900, 42069, 42310, 42722, 42735, 42753, 42805, 42974, 43011, 43154, 43234, 43789, 44850, 44887, 45035, 45286, 45378, 45386, 45460, 45893, 46130, 46654, 47244, 47990, 48473, 48599, 48745, 48840, 48860, 48955, 48982, 49685, 49918, 50150, 50233, 50554, 50746, 50801, 50895, 51191, 51737, 51772, 52017, 52678, 52978, 52984, 53414, 53600, 53631, 53789, 54990, 55032, 55269, 55875, 56092, 56520, 56735, 56861, 56936, 57086, 57424, 57657, 58739, 58775, 58815, 58884, 58949, 59109, 59166, 59379, 59501, 59508, 59552, 59583, 59728, 59989, 59996, 60571, 60626, 60922, 61033, 61283, 61718, 61783, 62120, 62220, 62831, 62851, 63196, 63200, 63478, 63749, 63845, 63974, 64117, 64690, 64816, 64895, 65236
23, 553, 1083, 1550, 1624, 1649, 1724, 1736, 1903, 2278, 2588, 2860, 2956, 3854, 3876, 4098, 4288, 4351, 4584, 4839, 4848, 4911, 5087, 5158, 5197, 5736, 5802, 6811, 6869, 7094, 7119, 7271, 7650, 7868, 8493, 8552, 8578, 9080, 9235, 9869, 10008, 10040, 10228, 10248, 10522, 10598, 10846, 10928, 11357, 12358, 12944, 14211, 14281, 14432, 14443, 14684, 14707, 15297, 15764, 16410, 16445, 16462, 16539, 16809, 17232, 17250, 17498, 17831, 17909, 18152, 18286, 18320, 18639, 18656, 18787, 18890, 19049, 19080, 19096, 19592, 19675, 19858, 19896, 20413, 20449, 20475, 20937, 21338, 21711, 22554, 23175, 23387, 23495, 23779, 24661, 25080, 25345, 25430, 25584, 25590, 25762, 25772, 25854, 26098, 26607, 27294, 27739, 27829, 27956, 28005, 28043, 29346, 29463, 29504, 29577, 29681, 30019, 30089, 30352, 30635, 31029, 31364, 31845, 32054, 32323, 32672, 32984, 33033, 33131, 33207, 33402, 33606, 34107, 34482, 34526, 34631, 34703, 34736, 34997, 35192, 35659, 36009, 36484, 36524, 36955, 37557, 37606, 37796, 37896, 37901, 37992, 38015, 38218, 38462, 39466, 39900, 39907, 40152, 40263, 40275, 41308, 41998, 42038, 42279, 42476, 43320, 43751, 44067, 44284, 44705, 44930, 45222, 45399, 45432, 45762, 45795, 45805, 46051, 46250, 46370, 46377, 46486, 46881, 47336, 47939, 48171, 48774, 49348, 49478, 49965, 50451, 50671, 50674, 50737, 50932, 50951, 51345, 51413, 51496, 51824, 52361, 52373, 52406, 52573, 52613, 52896, 52927, 53079, 53303, 53479, 53670, 53709, 53893, 54033, 54153, 54306, 54415, 54571, 54802, 55494, 55513, 55823, 55860, 55980, 56411, 56538, 56651, 57060, 57236, 57284, 57363, 58042, 58332, 58997, 59380, 59391, 59721, 59846, 60526, 60670, 60777, 61417, 61444, 61654, 61841, 62499, 62919, 62925, 62976, 63143, 63317, 63449, 63637, 64745, 65361, 65370
424, 562, 1113, 1959, 2170, 2215, 2218, 2345, 2643, 3158, 3382, 3463, 3870, 3902, 4230, 4352, 4454, 4703, 4829, 5105, 5215, 5302, 5467, 6003, 6187, 6847, 6871, 7262, 7344, 7397, 7631, 8162, 8659, 8749, 8889, 9124, 9828, 9849, 10006, 10450, 11216, 11391, 12171, 12486, 12669, 12838, 13568, 13822, 14122, 14274, 14498, 14823, 15042, 15273, 15480, 15518, 15528, 16776, 17104, 17515, 17768, 17899, 18241, 18275, 19436, 19808, 19920, 20110, 20144, 20314, 20629, 21080, 21725, 21982, 22006, 22421, 22723, 22737, 22974, 23531, 23867, 24082, 24661, 26075, 26083, 26144, 26292, 26333, 27058, 27391, 27467, 27723, 27784, 27834, 28455, 28585, 28800, 28917, 28963, 29084, 29493, 29864, 29877, 30101, 30152, 30197, 30335, 30608, 31031, 31525, 31753, 32097, 32254, 32701, 32783, 32861, 33063, 33081, 33817, 33960, 34198, 34760, 34971, 35663, 36032, 36511, 36619, 36923, 37188, 37424, 37491, 37953, 37969, 38162, 38346, 38485, 39106, 39364, 39508, 39665, 40137, 40244, 40344, 40368, 40399, 40826, 41308, 41353, 41461, 41749, 41888, 42318, 42355, 42480, 42541, 42746, 42970, 43231, 43296, 43894, 43971, 44140, 44158, 44232, 44458, 44649, 44820, 45119, 45261, 45492, 45831, 45877, 46224, 46862, 46865, 47267, 47629, 47793, 47941, 47955, 47992, 48112, 48220, 48284, 48618, 48781, 48959, 49109, 49419, 49525, 49695, 49766, 49789, 50319, 50399, 50536, 50650, 50751, 51464, 51494, 52066, 52122, 52123, 52266, 52275, 52341, 52412, 52566, 52749, 52815, 53036, 53046, 53360, 53730, 53826, 54800, 54865, 54970, 55079, 55127, 55202, 55663, 55739, 55786, 56086, 56100, 56183, 56351, 56496, 56511, 56633, 56793, 56858, 56874, 57900, 58334, 58633, 58808, 59683, 59738, 59744, 60506, 61244, 61287, 61392, 61761, 62245, 62547, 62655, 63064, 63131, 63338, 63495, 63870, 64179, 65489
235, 435, 848, 913, 1049, 1880, 2030, 2082, 2318, 3314, 3746, 3948, 3950, 4170, 4244, 4948, 5066, 5360, 6058, 6232, 6769, 6790, 7688, 7913, 7995, 8369, 8371, 8786, 8817, 8951, 9063, 9072, 9174, 9562, 9751, 9767, 9860, 10069, 10130, 10167, 10283, 10301, 10309, 11004, 11152, 11403, 11502, 11546, 11802, 11928, 12042, 12688, 12712, 13452, 13793, 13797, 13804, 13905, 14078, 14518, 14525, 14897, 15428, 15433, 16112, 16481, 16682, 17504, 17926, 18017, 18047, 18572, 18658, 18665, 18967, 19169, 19298, 19359, 19369, 19375, 19703, 19718, 19723, 20320, 20593, 20656, 20792, 20997, 21007, 21121, 21592, 21969, 22233, 22637, 22688, 23149, 23293, 23364, 23529, 23661, 23747, 24487, 24666, 24720, 25636, 25742, 25878, 26563, 26678, 26806, 26947, 26960, 27013, 27691, 28163, 28523, 28568, 28959, 29039, 30098, 30220, 30539, 30872, 30930, 31145, 31251, 31258, 31679, 31967, 32398, 32492, 32530, 32773, 32832, 32967, 33025, 33424, 33462, 33734, 33738, 33873, 33881, 34147, 34629, 34680, 35510, 35660, 35705, 35738, 36153, 36400, 36601, 37257, 37493, 37987, 38049, 38257, 38623, 38635, 38682, 39014, 39309, 39551, 39675, 39729, 39816, 40009, 40168, 40178, 40508, 40756, 41151, 41682, 41716, 41842, 42582, 42935, 42967, 43225, 43290, 43346, 43745, 43790, 43820, 44101, 44709, 44947, 45380, 45521, 45553, 45653, 46310, 46636, 46672, 46805, 47116, 47268, 47771, 48168, 48776, 48895, 49415, 49494, 49514, 49772, 49787, 50815, 51073, 51280, 51727, 52082, 52510, 52716, 53042, 53105, 53165, 53446, 53605, 55398, 55639, 55716, 55763, 56594, 57350, 57390, 57606, 58576, 58970, 60192, 60243, 60430, 60588, 60751, 60865, 60897, 61019, 61174, 61350, 61567, 61645, 61647, 62054, 62186, 62285, 62448, 62615, 62620, 63000, 63407, 63800, 63923, 64724, 64916, 65127, 65175, 65482
17, 38, 190, 852, 870, 1006, 1504, 2135, 2495, 2820, 3093, 3175, 3267, 4403, 4895, 5160, 5225, 5550, 5654, 5739, 5827, 6238, 7102, 7130, 7327, 7699, 7779, 7860, 7968, 8575, 9252, 9368, 9640, 9688, 9845, 10015, 10437, 10594, 10756, 11206, 11241, 11286, 12038, 12146, 12511, 12641, 12909, 13059, 13141, 13189, 13222, 13422, 13650, 13704, 14018, 14349, 14538, 15480, 15787, 16433, 16577, 16888, 16985, 16998, 17088, 17211, 17708, 18073, 18082, 18158, 18184, 18536, 18796, 18991, 19145, 19201, 19253, 19310, 19962, 19976, 20049, 20071, 20231, 20351, 20367, 20616, 21015, 21110, 21270, 21319, 21501, 22708, 23206, 23240, 23839, 23844, 24636, 25037, 25058, 25505, 25641, 25872, 26321, 26345, 26377, 26706, 27034, 27111, 27388, 27424, 27841, 28358, 28714, 29610, 30207, 30258, 30386, 30396, 30715, 30879, 30907, 31075, 31166, 31420, 31601, 31710, 31732, 31854, 31896, 32514, 32577, 33203, 33454, 33483, 33553, 33964, 34662, 34877, 35114, 35376, 35677, 36225, 36376, 36453, 36558, 36667, 36720, 36967, 37119, 37270, 37906, 38041, 38157, 38297, 39092, 39110, 39133, 39144, 39209, 39759, 40286, 40358, 40845, 40950, 41119, 41440, 41813, 41820, 41838, 41926, 42087, 42814, 42962, 43327, 43856, 43965, 44189, 44751, 45093, 45209, 45618, 45642, 45765, 45817, 46347, 46662, 47287, 47295, 47605, 48650, 48696, 48788, 48869, 48908, 49144, 49577, 49679, 49742, 49978, 50714, 50727, 50944, 51097, 51394, 51596, 52021, 52037, 52178, 52354, 52879, 53105, 53712, 54434, 54728, 54775, 54859, 54893, 55029, 55340, 55596, 55641, 56904, 56936, 57188, 57251, 57369, 57793, 58641, 58978, 59216, 59422, 59948, 60030, 60438, 61279, 61631, 61810, 61869, 62163, 62561, 62796, 62830, 63177, 63592, 63616, 63746, 63807, 64188, 64419, 64550, 64611, 64887, 64909, 65471, 65493, 65505
250, 896, 2097, 2953, 3226, 3249, 4017, 4177, 4303, 4377, 4996, 5145, 5382, 5446, 5590, 6383, 6634, 6984, 7109, 7309, 7786, 7890, 8115, 8611, 8629, 8822, 8987, 9393, 9481, 9628, 9691, 9725, 10694, 10696, 10806, 11011, 11073, 11077, 11272, 11303, 11447, 11658, 11711, 11909, 12045, 12678, 12870, 13133, 13159, 13309, 13595, 14266, 14534, 14563, 14596, 14667, 14737, 14767, 14967, 15065, 15150, 15642, 16063, 16540, 16703, 16739, 17026, 17548, 17559, 17974, 18005, 18313, 18701, 19682, 19777, 20428, 20611, 20625, 21681, 22148, 22591, 22609, 22801, 22849, 22969, 23023, 23200, 23376, 23416, 23451, 23968, 24008, 24089, 24143, 24220, 24424, 24877, 25040, 25354, 25784, 26055, 26078, 26592, 26625, 26789, 26847, 27471, 27715, 27798, 27954, 28317, 28765, 28808, 28972, 29196, 29944, 29970, 30461, 30707, 31117, 31258, 31326, 31448, 31506, 32641, 32737, 32755, 32909, 33167, 33982, 34139, 34171, 34291, 34451, 34583, 34878, 34900, 35975, 36004, 36179, 36387, 37201, 37286, 37401, 37447, 37822, 38072, 38175, 38485, 39009, 39141, 39828, 39841, 40835, 41241, 41314, 42125, 42222, 42272, 42341, 42889, 43007, 43134, 43673, 43833, 43915, 44095, 44139, 44438, 45293, 45903, 46008, 46083, 46089, 46505, 46726, 46879, 47085, 47319, 47503, 48044, 48082, 48225, 48597, 49217, 49683, 49791, 49882, 49925, 50148, 50396, 50916, 51252, 51293, 51515, 51918, 52347, 53016, 53209, 53285, 53321, 53324, 54064, 54067, 54114, 54582, 54584, 54597, 54995, 55123, 55136, 55137, 55176, 55504, 55644, 55902, 56223, 56306, 56399, 57230, 57616, 57641, 57979, 58068, 58218, 58342, 58403, 58631, 58885, 59161, 59784, 59967, 60104, 60195, 60269, 60307, 60365, 60517, 60842, 60854, 60893, 60949, 61102, 61245, 61514, 61860, 62551, 62651, 63134, 63179, 63192, 63572, 63656, 63726, 65121, 65193
1007, 1291, 1373, 1398, 1928, 2138, 2342, 2692, 2735, 2943, 3161, 3294, 3884, 4081, 4091, 4369, 4558, 4592, 4671, 4965, 5061, 5459, 6009, 6186, 6342, 6689, 6802, 7321, 7904, 8299, 8376, 9597, 9834, 9857, 10111, 10135, 10337, 10746, 11260, 11565, 11651, 11685, 11789, 12146, 12592, 12816, 12995, 13081, 13464, 13546, 13678, 13798, 13842, 13882, 14250, 14457, 15835, 15916, 16004, 16199, 16240, 16413, 16648, 16946, 17270, 17635, 18063, 18492, 18771, 19076, 19129, 19200, 19893, 20107, 21009, 21130, 21246, 21385, 21550, 22073, 22082, 22322, 22464, 22622, 22793, 22819, 23447, 23653, 23796, 24011, 24101, 24119, 24407, 24641, 24679, 24912, 25434, 25855, 26036, 26117, 26219, 26415, 26459, 26531, 26533, 26652, 26670, 26826, 27055, 27482, 27498, 28073, 28385, 30462, 30808, 30878, 31944, 31959, 32018, 32434, 32819, 33062, 33529, 33636, 33774, 33855, 34505, 35173, 35710, 35920, 36030, 36060, 36211, 36517, 36706, 36732, 37196, 37481, 38014, 38066, 38101, 38286, 38398, 38646, 39191, 39378, 39792, 39931, 40181, 40520, 40661, 40773, 40864, 40937, 41064, 41096, 41470, 41471, 41733, 42022, 42153, 42323, 42479, 42691, 42825, 42827, 43470, 43491, 43852, 44062, 44625, 44686, 44708, 44776, 44840, 44855, 44939, 44983, 45094, 45157, 45251, 45594, 45985, 47319, 47339, 47503, 47900, 47925, 48074, 48091, 48775, 49007, 49191, 49240, 49417, 49516, 49682, 49745, 50003, 50038, 50117, 50128, 50414, 51162, 51281, 51636, 51652, 51774, 51942, 52176, 52352, 52500, 52556, 52661, 52721, 52885, 53411, 53575, 54702, 55428, 55809, 56076, 56210, 56384, 56494, 56640, 56820, 57915, 58117, 58159, 58258, 58381, 58464, 58738, 58880, 59098, 59139, 59564, 59608, 60135, 60571, 61187, 61270, 61446, 61972, 62094, 62723, 63148, 63855, 63984, 64524, 64535, 65018, 65123, 65278, 65490
812, 1262, 1319, 1791, 1965, 2600, 2998, 3685, 3727, 3820, 4035, 4161, 4395, 4466, 4748, 4763, 5443, 5877, 5957, 6084, 6187, 6285, 6725, 6865, 8227, 8283, 8447, 8634, 8757, 9049, 9194, 9482, 9653, 9988, 10144, 10307, 10537, 10548, 11041, 11601, 12078, 12266, 12385, 12553, 13387, 13400, 13997, 14039, 14094, 14095, 14249, 14295, 14650, 14666, 14670, 15106, 15304, 16118, 16268, 16383, 16540, 16640, 16681, 16714, 17907, 18045, 18450, 19122, 19246, 19407, 19670, 20213, 20559, 20665, 20762, 20811, 21009, 21272, 21523, 21770, 21851, 23073, 23328, 23364, 23562, 23735, 24258, 24260, 24362, 24706, 24978, 25160, 25281, 25338, 25416, 25554, 25606, 25621, 25679, 25789, 26392, 26579, 26690, 26829, 27200, 27276, 27285, 27957, 28054, 28314, 29297, 29318, 29704, 30177, 30357, 30897, 30974, 31898, 31902, 32102, 32128, 32171, 32205, 32533, 32851, 33848, 34096, 34133, 34612, 34817, 34945, 35223, 35283, 35909, 36447, 36479, 36744, 36934, 37021, 37116, 37502, 37566, 37665, 38119, 38145, 39063, 39463, 39645, 40385, 40397, 40582, 40631, 40719, 40810, 41282, 41368, 41434, 41550, 42328, 43796, 43951, 44078, 44249, 44317, 44322, 44431, 44549, 44789, 44823, 45056, 45251, 45513, 45700, 45715, 45821, 45835, 46168, 46235, 46340, 46486, 46893, 47015, 47171, 47221, 47270, 47341, 47482, 47712, 47861, 47870, 48089, 48710, 49023, 49724, 50168, 50181, 50677, 50926, 51088, 51135, 51944, 52022, 52179, 52476, 52646, 53046, 53237, 53475, 53663, 53708, 53990, 54119, 54147, 54561, 54635, 54817, 54936, 55434, 55577, 55753, 55909, 56095, 56325, 56420, 56480, 57244, 57380, 57558, 58135, 58303, 58476, 58579, 59170, 59186, 59353, 60144, 60444, 60828, 60909, 61014, 61024, 61348, 61468, 61750, 61809, 61925, 62136, 62409, 62766, 63844, 63915, 64001, 64284, 64304, 64446, 65374
642, 830, 897, 1128, 1730, 1933, 2171, 2215, 2712, 3406, 3434, 3891, 4020, 4403, 4757, 5010, 5428, 5728, 5808, 5876, 6020, 6084, 6294, 6316, 6688, 6791, 6854, 7078, 7100, 7395, 7533, 7594, 8723, 8884, 8982, 9066, 9664, 9841, 10197, 10411, 10595, 10978, 11010, 11083, 11086, 11179, 11254, 11531, 11608, 11739, 12288, 12308, 12562, 12647, 12750, 13194, 14503, 14916, 15212, 15396, 15412, 15725, 15837, 15866, 15992, 16432, 16606, 16676, 16702, 16857, 16980, 16996, 17062, 17768, 17998, 18510, 18745, 18842, 19932, 19952, 20049, 20482, 20617, 20701, 20774, 20900, 21240, 21380, 21445, 21624, 21907, 21929, 21948, 22726, 23510, 23901, 24577, 24590, 24640, 25631, 26693, 27225, 27368, 27698, 27791, 27848, 27882, 27930, 28016, 28126, 28240, 28266, 28481, 29387, 29636, 29672, 30461, 30539, 30593, 30622, 30647, 30651, 30685, 30867, 30968, 31019, 31031, 31609, 31946, 31967, 32043, 32220, 33049, 33177, 33282, 33725, 33895, 34402, 34437, 35376, 35509, 35583, 35731, 35799, 35832, 36185, 36308, 36351, 36822, 37106, 37593, 37716, 37732, 38080, 38394, 38452, 39859, 39918, 40066, 40259, 40304, 40655, 40797, 40950, 41609, 42034, 42127, 42600, 42979, 43023, 43024, 43141, 43586, 43829, 43970, 44358, 44792, 45543, 45681, 46119, 46561, 46811, 46909, 47046, 47123, 47238, 47746, 47984, 48288, 48420, 48530, 48654, 48668, 48795, 49137, 49340, 49821, 49948, 50063, 50116, 50608, 50894, 51452, 51544, 51575, 51643, 51835, 51962, 52207, 52426, 52605, 52634, 52692, 52928, 53337, 53525, 53754, 53823, 53868, 53869, 54264, 54760, 55180, 55813, 56471, 57061, 57122, 57321, 57407, 57886, 58050, 58102, 58455, 58958, 59103, 59128, 60140, 60317, 60977, 61129, 61646, 62209, 62242, 62318, 62409, 62594, 62727, 63046, 63580, 63701, 64009, 64924, 65241, 65242, 65317, 65378
662, 782, 865, 1016, 1211, 1275, 1450, 2762, 2817, 2878, 3014, 3419, 3430, 3598, 3681, 3881, 4529, 4710, 4746, 5036, 5536, 5542, 5661, 6560, 6674, 6677, 6969, 7228, 7350, 7400, 7815, 8433, 8506, 8648, 8784, 8793, 8887, 9342, 9884, 10266, 10642, 10911, 11012, 11047, 11052, 11146, 11215, 11368, 11430, 11529, 11632, 11744, 11782, 12297, 12320, 12386, 12562, 12771, 12876, 13158, 13669, 14188, 14881, 14942, 15515, 15736, 15928, 16248, 16479, 16610, 16642, 16994, 17208, 17300, 17456, 17727, 18132, 18317, 18365, 18728, 18804, 18893, 19000, 19016, 19160, 20119, 20234, 21078, 21216, 21285, 21372, 21627, 22094, 22103, 22541, 22865, 22938, 23145, 23246, 23946, 24943, 25092, 25310, 25456, 25465, 25670, 26490, 26895, 26953, 27123, 27364, 27378, 28039, 28183, 28666, 28831, 29377, 29468, 29594, 29653, 29666, 30106, 30199, 30250, 30632, 30649, 30676, 30716, 30765, 31252, 31433, 31907, 31967, 32543, 32714, 33056, 33534, 33640, 33920, 34304, 34346, 34400, 34678, 34727, 35323, 35642, 35759, 36075, 36154, 36210, 36682, 36734, 36799, 37192, 37350, 37605, 38311, 38403, 39311, 39428, 39510, 39554, 39754, 39960, 40302, 40412, 40623, 41405, 41418, 41567, 41871, 42003, 42175, 42972, 43461, 43472, 44013, 44372, 44545, 44887, 45332, 45422, 45440, 45494, 45863, 45989, 46521, 46692, 46872, 47204, 47648, 47663, 47749, 48128, 48352, 48359, 48535, 48687, 49204, 49894, 50196, 50285, 50681, 51027, 51512, 51712, 51914, 52583, 52957, 53137, 53259, 53489, 53626, 54123, 54136, 54501, 54556, 54731, 55017, 55350, 55362, 55459, 55681, 55789, 55948, 56345, 56952, 57051, 57128, 57220, 57712, 57936, 58315, 58582, 58703, 58783, 59061, 59149, 59722, 59752, 61209, 61673, 61836, 62370, 62495, 63640, 63740, 63766, 64083, 64224, 64229, 64488, 64801, 64862, 64927, 65336
1063, 1408, 2049, 2251, 2370, 2747, 3126, 3271, 4100, 4309, 5617, 6255, 6488, 6540, 6801, 6821, 7250, 7295, 7528, 7772, 7994, 8023, 8051, 8095, 8362, 8789, 9226, 9278, 9699, 9757, 9822, 9885, 10546, 10650, 11048, 11064, 12079, 12360, 12628, 12759, 12800, 13090, 13315, 13465, 13513, 13732, 13800, 13881, 13890, 14699, 14940, 15139, 15588, 16262, 16524, 16583, 17139, 17214, 17269, 17277, 17367, 17584, 17646, 17814, 18108, 18118, 18523, 18560, 18632, 18831, 19457, 19501, 19573, 20427, 20877, 21218, 21304, 21353, 21396, 21628, 21653, 21798, 22438, 22485, 23454, 23492, 23501, 23651, 23904, 24394, 24472, 24585, 25598, 25816, 25933, 26119, 26540, 26576, 26903, 26907, 26943, 27209, 27502, 27605, 27664, 27733, 28523, 28633, 28969, 29306, 29443, 29470, 29908, 30453, 30599, 30633, 31129, 31312, 31447, 31454, 31800, 32013, 32756, 32822, 32924, 32952, 33023, 33191, 33269, 33298, 33316, 33597, 33637, 34015, 34082, 34138, 34332, 34345, 34384, 34887, 34998, 35117, 35412, 35505, 35530, 35666, 35720, 36000, 36183, 36351, 36622, 36767, 36803, 37095, 37523, 37769, 38002, 38243, 38469, 38598, 38616, 38708, 38750, 38923, 39071, 39149, 39977, 40020, 40843, 41060, 41834, 41861, 41885, 42207, 42414, 42593, 42984, 42997, 43320, 43862, 44304, 44921, 45390, 45793, 46169, 46210, 46520, 46690, 47170, 47345, 47413, 48109, 48354, 48833, 49073, 49434, 49501, 49576, 50549, 50878, 50939, 51062, 51398, 51402, 52165, 52568, 52769, 53060, 53122, 53226, 53920, 54036, 54052, 54114, 54366, 54569, 55010, 55317, 55363, 55631, 55798, 56736, 56815, 56898, 56923, 57032, 57846, 57971, 58112, 58623, 58700, 58840, 58982, 59057, 59547, 59587, 59757, 60498, 60664, 60694, 60849, 60881, 61215, 61355, 61444, 61593, 61858, 62614, 62718, 62872, 62951, 63518, 63546, 64301, 64384, 64847
403, 593, 721, 743, 1143, 1515, 1523, 1675, 1762, 2272, 2775, 3236, 3734, 4129, 4379, 4398, 4792, 5015, 5112, 5409, 5559, 6114, 6287, 6510, 7001, 7292, 7531, 7933, 8284, 8665, 8844, 9010, 9778, 9843, 9876, 10439, 10739, 11270, 11290, 11514, 11770, 11969, 11991, 12059, 12896, 13071, 13485, 13502, 13848, 14021, 14298, 14359, 14506, 14649, 14965, 14971, 15298, 15642, 15813, 16185, 16279, 16353, 16398, 16462, 16877, 17162, 17244, 17250, 17282, 17356, 17434, 17659, 17761, 17975, 18605, 18618, 18842, 18917, 18987, 19095, 19213, 19840, 19914, 19925, 20038, 20315, 20369, 20578, 20675, 20884, 20895, 20962, 20979, 21696, 21868, 22122, 22514, 22573, 23122, 23388, 23391, 23645, 24007, 24126, 25117, 25221, 25339, 25494, 25903, 26041, 26199, 26901, 27078, 27339, 27472, 27702, 27767, 27909, 28061, 28434, 28546, 28608, 28641, 29107, 29854, 30270, 30527, 30576, 30635, 30751, 30906, 30991, 31201, 31338, 31410, 31498, 31617, 31895, 31956, 31967, 32043, 32901, 33231, 33402, 34081, 34105, 34780, 35049, 35227, 35283, 35719, 35939, 36380, 36688, 37145, 37777, 37937, 38109, 38275, 38609, 38665, 39971, 40413, 40469, 40490, 40638, 41153, 41240, 42094, 42492, 43111, 44134, 44347, 44660, 44691, 44732, 45053, 45118, 45816, 45972, 46320, 46397, 46787, 46841, 47164, 47431, 47724, 47861, 48208, 48912, 49226, 49234, 49470, 49513, 49601, 49622, 49752, 49892, 50099, 50230, 50284, 50423, 50776, 51262, 51845, 52236, 52311, 52365, 52797, 53084, 53280, 53353, 54437, 54853, 54934, 55191, 55197, 55469, 55912, 56184, 56464, 56829, 56918, 57051, 57102, 57383, 58009, 58503, 59103, 59639, 59798, 60095, 60218, 60385, 60703, 60720, 60732, 61889, 61900, 62077, 62155, 62748, 62751, 62868, 63035, 63153, 63300, 63515, 63858, 64012, 64045, 64148, 64621, 64675, 64721, 65206
2, 430, 609, 717, 848, 1366, 1515, 1560, 1942, 2199, 2239, 3875, 4309, 4380, 4513, 4845, 5060, 5117, 5238, 5779, 6209, 6657, 6769, 7461, 7585, 7767, 7884, 8178, 8196, 8229, 8655, 8863, 8974, 9444, 9990, 10464, 11622, 11702, 11864, 11942, 11971, 12375, 12500, 12638, 12662, 12883, 13164, 13427, 13450, 13464, 13767, 14164, 14184, 14333, 14445, 14454, 14525, 14623, 14879, 14960, 15277, 15528, 15677, 15932, 16801, 16845, 17134, 17227, 17290, 17542, 17623, 18018, 18395, 19208, 19219, 19292, 19729, 20162, 20235, 20609, 20617, 20681, 20797, 21183, 21189, 21208, 21362, 21562, 21612, 21653, 22836, 23124, 23257, 23440, 23496, 23707, 23866, 24392, 24810, 25009, 25021, 25083, 25785, 26079, 26113, 26147, 26220, 26252, 26412, 26472, 26647, 27108, 27325, 27354, 27613, 27636, 27767, 28502, 28669, 29006, 29647, 29733, 29780, 29781, 29928, 30544, 30926, 31687, 31695, 31998, 32032, 32179, 32382, 32418, 32568, 32676, 33006, 33342, 34594, 35798, 35828, 35933, 36022, 36031, 36522, 36559, 36647, 37128, 37296, 37364, 37515, 37668, 37791, 37992, 38183, 38185, 38202, 38507, 38776, 38794, 38803, 39037, 39066, 39116, 39254, 39511, 39530, 39988, 40151, 40518, 40997, 41354, 41924, 42553, 42791, 42796, 42968, 42984, 43021, 43151, 43239, 43370, 43497, 43787, 44064, 44995, 45250, 45327, 45471, 45513, 45618, 45866, 46050, 46149, 46205, 47048, 47282, 47441, 47528, 47893, 48109, 48243, 48601, 48747, 48842, 49337, 49813, 50515, 50978, 51563, 51721, 51968, 52006, 52215, 52285, 53099, 53178, 53641, 53734, 54148, 54594, 54681, 54914, 54962, 55278, 55389, 55412, 55766, 55773, 56298, 56631, 56903, 57638, 58158, 58437, 58679, 59326, 59758, 59833, 60144, 60444, 60971, 61296, 61368, 61434, 61632, 61692, 61725, 61981, 62670, 63059, 63147, 63254, 64237, 64296, 65135
397, 713, 720, 998, 1218, 1405, 1949, 2193, 2338, 2435, 3566, 3796, 4523, 5411, 5431, 5515, 5577, 5625, 6224, 6275, 6498, 6519, 6574, 6615, 6711, 7579, 7910, 8186, 8829, 8961, 9001, 9576, 9606, 9651, 9695, 10261, 10776, 10823, 10859, 11057, 11235, 11521, 11601, 12418, 12583, 12753, 12879, 12927, 13082, 13261, 13297, 13434, 13993, 14106, 14527, 14696, 14987, 16120, 16867, 17051, 17103, 17677, 17694, 18045, 18229, 18389, 18804, 18807, 18947, 19084, 19493, 19609, 19870, 20057, 20074, 20094, 20356, 21193, 21268, 22173, 22721, 22728, 22795, 23113, 23716, 24360, 24987, 25007, 25540, 25560, 26408, 26894, 27349, 27567, 27609, 27786, 28212, 28267, 28388, 28544, 28587, 28657, 28902, 28922, 29152, 29165, 30210, 30241, 30313, 30375, 30611, 30637, 30677, 30895, 30908, 31124, 31356, 31386, 31448, 31516, 31523, 31662, 31700, 31908, 32653, 32687, 32783, 33249, 33320, 33498, 34507, 34981, 35004, 35250, 35522, 35687, 35982, 36188, 36193, 36292, 36607, 37016, 37149, 37247, 37360, 37430, 37491, 37562, 37597, 38508, 38647, 39193, 39779, 39985, 39996, 40114, 40120, 40788, 41095, 41427, 41478, 41506, 43024, 43079, 43490, 44109, 44302, 44499, 44748, 44774, 45136, 45252, 45475, 45874, 45919, 46534, 47027, 47480, 47484, 47513, 47616, 48296, 48358, 48828, 49393, 49619, 49671, 50279, 50358, 51396, 51519, 51835, 51878, 51997, 52110, 52284, 52311, 52373, 52383, 52777, 52971, 53501, 53506, 53775, 53830, 54117, 54273, 54307, 54322, 54797, 55549, 55675, 55729, 57001, 57535, 58155, 58163, 58370, 58396, 58747, 58840, 58974, 59069, 59111, 59535, 59666, 59777, 60150, 60608, 60760, 60777, 61004, 61427, 62068, 62093, 62510, 62532, 62671, 62792, 63074, 63295, 63300, 63381, 63435, 63704, 63908, 64174, 64189, 64565, 64568, 64721, 64909, 64920, 64983, 65336, 65389
307, 347, 868, 952, 1120, 1198, 1214, 1426, 1517, 1994, 2180, 2361, 2377, 2450, 2479, 3119, 3124, 3215, 3232, 3428, 3449, 3769, 3793, 3845, 3997, 4167, 4192, 4937, 4967, 5080, 5255, 5290, 5415, 6040, 7119, 7330, 7399, 7459, 7858, 8076, 8596, 9265, 9383, 9415, 9654, 9820, 9904, 9942, 10209, 10231, 10260, 10817, 11452, 11697, 12176, 12187, 12256, 12520, 13493, 13718, 13948, 14204, 14307, 14346, 14430, 15522, 15687, 15773, 15885, 16174, 16231, 16777, 17173, 18109, 18506, 18647, 18785, 19959, 20572, 21121, 21294, 21528, 21777, 21890, 22221, 22907, 23049, 23377, 23829, 24315, 24487, 24942, 24960, 25096, 25436, 25475, 26078, 26106, 26199, 26305, 26499, 26517, 27128, 27344, 27820, 27867, 28403, 28756, 29644, 30283, 30483, 30709, 30929, 31132, 31201, 31451, 32301, 32309, 32512, 32663, 32700, 32727, 33009, 33118, 33134, 33292, 33325, 33420, 33662, 34536, 34683, 34940, 35163, 35378, 35385, 35603, 35766, 35949, 36046, 36352, 36717, 37060, 37234, 37253, 37584, 37925, 37936, 38118, 38565, 38695, 38854, 39127, 39440, 39988, 40032, 40272, 40531, 40769, 40795, 40953, 41363, 41937, 42166, 42244, 42742, 43032, 43555, 43830, 43899, 43951, 44165, 44167, 44390, 44590, 44766, 45507, 45655, 45860, 45920, 46350, 46795, 47191, 47235, 47309, 47451, 47885, 47896, 48466, 48757, 49185, 50176, 50191, 50216, 50593, 50609, 50687, 50793, 50946, 50968, 51178, 51211, 51601, 51741, 52396, 52916, 53851, 54419, 54607, 54634, 54691, 55038, 55066, 55082, 55419, 55433, 55673, 56375, 56617, 56789, 56837, 56855, 57040, 57079, 57301, 57948, 58199, 58315, 58419, 58906, 58966, 59252, 59470, 59477, 59904, 60406, 60532, 61136, 61407, 61572, 61665, 61793, 62039, 62240, 62263, 62404, 63125, 63154, 63177, 63253, 63557, 63608, 63698, 63886, 64712, 64737, 64801
57, 220, 599, 634, 1285, 1658, 1732, 1971, 2103, 2469, 2502, 3245, 3353, 3570, 3731, 4131, 4466, 4534, 4661, 5104, 5265, 5282, 5591, 5708, 5999, 6578, 6730, 7063, 7114, 7265, 7352, 7727, 7887, 8320, 8438, 8473, 8496, 8533, 8648, 8720, 9250, 9339, 9611, 9768, 9916, 9936, 10178, 10818, 11040, 11374, 11492, 11789, 13142, 13192, 14345, 14554, 14883, 15132, 15145, 15594, 15688, 15952, 15954, 16085, 16282, 16295, 16772, 17094, 17308, 17507, 17837, 17842, 18507, 18600, 18742, 18833, 19019, 19341, 19402, 19555, 19890, 19901, 20007, 20040, 20276, 20628, 20651, 20719, 21351, 21395, 21421, 21579, 22123, 22195, 22658, 22745, 22936, 23000, 23042, 23070, 23279, 23348, 23355, 23618, 23959, 24128, 24280, 24287, 24524, 24571, 24902, 25420, 26092, 26302, 26718, 27033, 27362, 28533, 29528, 29797, 29959, 30665, 30703, 30864, 31085, 31589, 31620, 31694, 31803, 32345, 32716, 32724, 32811, 32836, 32975, 33069, 33768, 33837, 33846, 33938, 34453, 35153, 35192, 35297, 36066, 36135, 36189, 36943, 37231, 37301, 37370, 37484, 37665, 38108, 38244, 38314, 38400, 38489, 38736, 38827, 38921, 39419, 39549, 39661, 40035, 40117, 40505, 40805, 40898, 41092, 41338, 41897, 41982, 42046, 42156, 42625, 42861, 42910, 43643, 44347, 45085, 45181, 45449, 46169, 46552, 46588, 47124, 47732, 47825, 47849, 48172, 48524, 49096, 49148, 49359, 49391, 49424, 49543, 49592, 49804, 50158, 50167, 50197, 50451, 50536, 50704, 51129, 51192, 51276, 52284, 52809, 53005, 53035, 53287, 53554, 53570, 53989, 54644, 54666, 55480, 55570, 56035, 56201, 56518, 56562, 56776, 57262, 57283, 57362, 57511, 57566, 57833, 57856, 58034, 58268, 58320, 58342, 58486, 58747, 59345, 59659, 59903, 60518, 60583, 60913, 61955, 62031, 62096, 62985, 62986, 63538, 63553, 63826, 64143, 65198, 65223
107, 433, 880, 1258, 1596, 1957, 2080, 2088, 2745, 3321, 3435, 3482, 3744, 3864, 3953, 4941, 4948, 5391, 5680, 5976, 6050, 6161, 6302, 6807, 7017, 7716, 7996, 8010, 8150, 8449, 8618, 8993, 9225, 9911, 10015, 10085, 10128, 10194, 10568, 11258, 11515, 11581, 12291, 12671, 12714, 13010, 13099, 13300, 13377, 13860, 13862, 14268, 14430, 14616, 14709, 14831, 14894, 15028, 15105, 15140, 15159, 15394, 15480, 15528, 15925, 16011, 16260, 16301, 16442, 16912, 17122, 17321, 17625, 18061, 18161, 18763, 19147, 19291, 19530, 19624, 19850, 19878, 19993, 20195, 20304, 20341, 20552, 20931, 21182, 21552, 22103, 22146, 22371, 22654, 22667, 22931, 23084, 23298, 23579, 23931, 23954, 24828, 25086, 25740, 26063, 26070, 26163, 26808, 27610, 27746, 28048, 28399, 28439, 28495, 28629, 28668, 28956, 29974, 29987, 30556, 30619, 31115, 31348, 31590, 31981, 32198, 32395, 32542, 32633, 33425, 34078, 34303, 34532, 34710, 34824, 34976, 35137, 35499, 35509, 35595, 35623, 36136, 36389, 36591, 37011, 37524, 37725, 37960, 38281, 39151, 39341, 39815, 40245, 41128, 41375, 41511, 41690, 41923, 42082, 42089, 42956, 43087, 43088, 43190, 43503, 43893, 44032, 44039, 44450, 44816, 44911, 45011, 45165, 45176, 45248, 45297, 45593, 45608, 45681, 46321, 46558, 46862, 47023, 47198, 47211, 47295, 47525, 47902, 48053, 48056, 48152, 48271, 48325, 48357, 48387, 49073, 49477, 49936, 49953, 49977, 50004, 50440, 50666, 50684, 50958, 51561, 51793, 51885, 52101, 52170, 52302, 53281, 53371, 54176, 54477, 54548, 54832, 54871, 54885, 54920, 55522, 55556, 55961, 56055, 56125, 56410, 56482, 57099, 57119, 57189, 58065, 58295, 58353, 58375, 58843, 58866, 59115, 59320, 59454, 59824, 60285, 60408, 61039, 62025, 62032, 62184, 62436, 62855, 62997, 63879, 64305, 64430, 64725, 64802, 64906, 65011
56, 148, 492, 999, 2196, 2253, 2293, 2985, 3157, 3300, 3332, 3825, 3925, 4191, 4264, 4642, 4799, 5249, 5723, 6410, 6553, 6695, 6949, 7408, 7957, 8156, 8185, 8398, 8415, 8782, 9038, 9099, 9927, 9971, 10784, 11214, 11266, 11748, 11813, 11878, 11913, 12452, 12678, 12725, 12971, 13285, 13297, 13474, 13503, 14165, 14310, 14701, 15037, 15221, 16221, 16355, 16639, 16947, 16956, 17314, 17383, 17396, 18126, 18418, 19084, 19338, 20264, 20295, 20816, 21044, 21073, 21099, 21243, 21268, 21995, 22362, 22846, 22887, 22933, 22946, 22972, 23210, 23644, 23898, 23909, 23983, 24623, 24668, 24855, 24947, 25394, 26597, 26628, 26690, 26720, 27816, 27964, 28050, 28599, 29117, 29127, 29341, 29648, 29736, 30237, 30295, 30336, 30569, 30707, 30741, 30765, 31008, 31342, 31368, 31631, 31790, 31861, 32135, 32430, 32457, 32514, 32666, 32796, 32991, 33043, 33157, 33770, 33898, 33974, 34955, 34977, 34986, 35014, 35043, 36503, 36641, 36874, 37125, 37377, 37601, 37760, 37933, 38053, 38062, 38357, 38791, 38906, 39088, 39106, 39444, 39489, 39710, 40140, 40210, 40259, 40855, 40937, 41152, 41944, 42498, 42500, 42668, 42728, 42734, 42817, 43283, 43439, 43466, 43477, 44278, 44417, 44624, 44631, 44675, 44798, 44939, 45040, 45041, 45182, 45706, 45756, 45780, 45880, 46642, 46821, 47085, 47557, 47753, 47891, 48033, 48146, 48649, 48851, 49058, 49152, 49784, 50018, 50064, 50216, 50238, 50256, 50262, 50274, 50606, 50621, 51202, 51352, 51430, 51848, 51852, 52505, 52607, 52623, 53400, 53555, 53587, 53862, 53869, 54185, 55203, 55892, 55931, 55995, 56143, 56635, 56734, 57178, 57446, 57851, 57988, 58123, 58575, 58647, 59280, 59578, 59969, 60355, 61110, 61412, 62066, 62343, 62516, 62968, 63078, 63096, 63502, 63603, 63901, 64198, 64289, 64410, 64689, 65058, 65186, 65323, 65382
553, 792, 1145, 1200, 1722, 1810, 1841, 1981, 2022, 2103, 2288, 2528, 2587, 2813, 2835, 3115, 3656, 3810, 4215, 4462, 4705, 5420, 5495, 5625, 5776, 5916, 6231, 6555, 6615, 6822, 7169, 7280, 7432, 7657, 7964, 7976, 8118, 8314, 8476, 9247, 9375, 9609, 9812, 9820, 10496, 10501, 10535, 11347, 11740, 11896, 12283, 13710, 13728, 13765, 14238, 14270, 14488, 14494, 14624, 14764, 14835, 15141, 15258, 15589, 15802, 16256, 16615, 16804, 17418, 17562, 17625, 18023, 18090, 18302, 18581, 18734, 18771, 19392, 19579, 19612, 19750, 20190, 20511, 20513, 20564, 21114, 21399, 21691, 21774, 21789, 22235, 22300, 22566, 22724, 23196, 23534, 23889, 24053, 24106, 24182, 24232, 24422, 24563, 24665, 24818, 25471, 25617, 25914, 25932, 26149, 26171, 26460, 26631, 27304, 27427, 27765, 27807, 27855, 28109, 28112, 28186, 28215, 28245, 28464, 29019, 29200, 29774, 29882, 30106, 30544, 30636, 30764, 32032, 32405, 32559, 32700, 33129, 33967, 34056, 34357, 34401, 34658, 34923, 34951, 35073, 35452, 35460, 35506, 36058, 36069, 36132, 36542, 36578, 36783, 37029, 37484, 37598, 37765, 37863, 38357, 38611, 39024, 39171, 39432, 39837, 40112, 40172, 40336, 40579, 40709, 40869, 40916, 40975, 41001, 41242, 41895, 42889, 42958, 43529, 43652, 43723, 43759, 43765, 44198, 44321, 44322, 44908, 45006, 45485, 45790, 45920, 45922, 45939, 46015, 46916, 47240, 47549, 47560, 48344, 49287, 49620, 49849, 50313, 51048, 51100, 51243, 51623, 51802, 51963, 52148, 53363, 53557, 53738, 53785, 54026, 54753, 55763, 56020, 56513, 56569, 57245, 57484, 58074, 58076, 58203, 58582, 59048, 59256, 59299, 59601, 59893, 60016, 60428, 60430, 61043, 61265, 61507, 61519, 61591, 61698, 61801, 62073, 62271, 62323, 62637, 62953, 63077, 63308, 63675, 63765, 63842, 64711, 64833, 65277, 65406, 65427
77, 653, 810, 831, 892, 1005, 1314, 1322, 1476, 1553, 1793, 1862, 1874, 2187, 2327, 2674, 2899, 3182, 3776, 3821, 3928, 4259, 5065, 5113, 5505, 5793, 5866, 6312, 6704, 6830, 6941, 7178, 7380, 7385, 7509, 7612, 7667, 8058, 8122, 8261, 8353, 8391, 9530, 9686, 9736, 9775, 10208, 10326, 10452, 10550, 10829, 11461, 12081, 12171, 12541, 12949, 13335, 13476, 13602, 13653, 13666, 13698, 14111, 14999, 15551, 15925, 16378, 16392, 16621, 16870, 17705, 17940, 18408, 18706, 18856, 18889, 18957, 19268, 19588, 19604, 19947, 20172, 20396, 20661, 21114, 21687, 21928, 21955, 22714, 22742, 23012, 23291, 23478, 23514, 23554, 23914, 24014, 24341, 24417, 24595, 24857, 24867, 24956, 25157, 25499, 25580, 26002, 26403, 26497, 26697, 26886, 27280, 27346, 27516, 27809, 27896, 28033, 28457, 28852, 28911, 29114, 29453, 29668, 29699, 29933, 30452, 30529, 30868, 31308, 31794, 31966, 32269, 32379, 32588, 32780, 32862, 33883, 33954, 34217, 34307, 34508, 34887, 34988, 35751, 35948, 36412, 36807, 37126, 37297, 37298, 37583, 37660, 37712, 37921, 38022, 38671, 38719, 38769, 38885, 39201, 39674, 40007, 40248, 40320, 40649, 40960, 40994, 41134, 41964, 42011, 42227, 42646, 42731, 42980, 43068, 43299, 43701, 43813, 44514, 44743, 44896, 45053, 45596, 45597, 45643, 46151, 46981, 47045, 47580, 47833, 47936, 47984, 48167, 48656, 48775, 48833, 48846, 48981, 49010, 49277, 49336, 49367, 49664, 49714, 50718, 51860, 52756, 52872, 52877, 52959, 53069, 53190, 53236, 53367, 53674, 54180, 54213, 54473, 54639, 54827, 54928, 55273, 55438, 55508, 55930, 56361, 56452, 57733, 57778, 57898, 58505, 59228, 59742, 60546, 60598, 61023, 61097, 61126, 61237, 61595, 61731, 61734, 62020, 62915, 63103, 63231, 63324, 63364, 63513, 63617, 63689, 64246, 64881, 64886, 64947, 65157
229, 293, 341, 351, 662, 925, 1268, 1590, 2266, 2493, 3318, 3367, 3488, 3590, 3869, 3945, 4041, 4445, 4678, 5419, 5449, 5602, 6248, 6577, 6649, 7077, 7603, 7969, 8898, 9198, 9306, 9986, 10060, 10537, 10579, 10938, 11328, 11467, 11653, 11843, 12460, 12985, 13066, 13219, 13557, 13577, 13707, 13726, 14319, 14877, 14981, 16060, 16122, 16188, 16549, 17244, 17478, 17509, 17632, 18777, 18821, 19025, 19084, 19908, 20017, 20418, 20713, 21459, 21925, 22087, 22214, 22238, 22552, 22991, 23436, 23494, 23499, 23914, 23958, 25099, 25237, 25363, 25615, 25925, 26267, 26527, 27063, 27151, 27452, 27545, 27722, 27910, 28151, 28264, 28303, 28321, 28634, 28801, 29106, 29417, 29429, 29778, 29891, 29917, 29999, 30655, 31394, 31833, 31890, 31929, 31960, 32021, 32265, 32267, 32282, 32464, 32593, 32707, 32743, 32860, 32871, 33166, 33207, 33456, 33591, 33783, 33898, 33990, 34531, 34889, 34947, 34982, 34995, 35000, 35248, 35348, 35778, 35945, 36457, 36693, 36846, 37058, 37294, 37531, 38502, 38632, 38698, 38987, 39083, 39184, 39320, 39327, 39463, 39588, 39642, 39755, 39846, 40003, 40256, 40778, 40844, 41041, 41706, 41832, 41954, 42318, 42653, 42958, 43404, 43480, 43781, 44024, 44378, 44456, 44862, 45014, 46104, 46496, 46620, 46726, 46986, 47003, 47580, 47809, 48039, 48061, 48550, 48926, 48951, 49081, 49329, 49385, 49783, 49877, 49996, 50388, 50391, 50782, 51035, 51088, 51680, 52484, 52660, 53028, 53338, 53574, 54383, 54799, 54842, 54933, 55059, 55070, 55255, 55930, 56047, 56157, 56217, 56232, 56435, 56574, 56881, 57132, 57416, 57501, 57660, 57895, 58426, 58717, 58831, 59137, 59291, 59542, 59924, 59986, 60140, 60147, 60363, 60392, 60817, 60876, 61390, 61644, 61783, 62108, 62289, 62369, 62756, 62869, 63258, 63664, 63980, 64018, 64542, 64592, 65249, 65529
132, 333, 1111, 1216, 1801, 2299, 2647, 2899, 3110, 3786, 4241, 4699, 4739, 4857, 5237, 5577, 5675, 5823, 5948, 6103, 6140, 6433, 6642, 6758, 6894, 6910, 6937, 6969, 7155, 7324, 7571, 7702, 7729, 7766, 8582, 9358, 9519, 10193, 10944, 11087, 11103, 11136, 11158, 11175, 11938, 12153, 12212, 12368, 12563, 12579, 12603, 12828, 12845, 12918, 12947, 13325, 13404, 13528, 14665, 14950, 15121, 15168, 15218, 15589, 15872, 15977, 16005, 16181, 16304, 16569, 16617, 17125, 17236, 17425, 17592, 17656, 18635, 19035, 19106, 19235, 19645, 19650, 21017, 21125, 21176, 21231, 21312, 21499, 21739, 21793, 21823, 21862, 22420, 23359, 23437, 23447, 23541, 23573, 23608, 23685, 23852, 24719, 24720, 24788, 25104, 25574, 26208, 26323, 26392, 26529, 26681, 26773, 26844, 26876, 26934, 27425, 27557, 27647, 27698, 27746, 27762, 27949, 28154, 28310, 28314, 29001, 29067, 29484, 29613, 29718, 29899, 30140, 30384, 30932, 31215, 31363, 31821, 32307, 32508, 32536, 32587, 33170, 33647, 33725, 33735, 34356, 34708, 34972, 35326, 35501, 35549, 35656, 35988, 36054, 36302, 36557, 36665, 36696, 36716, 37181, 37289, 37369, 37383, 38088, 39376, 40578, 40819, 40824, 41022, 41031, 41358, 41607, 41810, 42155, 42556, 42861, 42998, 43363, 43428, 43926, 44178, 44669, 44674, 44966, 45592, 45744, 45790, 46115, 46226, 46567, 46836, 47180, 47190, 47615, 48225, 48456, 48506, 48764, 48823, 49633, 49782, 50154, 50167, 50232, 50429, 50804, 50936, 50963, 51588, 52002, 52123, 53181, 53234, 53385, 54297, 54690, 54933, 55297, 55954, 56512, 56736, 56955, 57207, 57222, 57416, 57689, 58660, 58871, 59217, 59584, 59613, 59795, 59961, 60040, 60467, 60669, 60871, 60914, 61182, 61192, 61232, 61234, 61487, 61840, 62112, 62527, 63011, 63026, 63032, 63098, 63256, 64313, 64355, 64657, 65068, 65084
742, 880, 1121, 1502, 1732, 1892, 2294, 2389, 2433, 2757, 2770, 2825, 2852, 3050, 3094, 3116, 3144, 3617, 3749, 4081, 4359, 4475, 4616, 5050, 5955, 6207, 6608, 6800, 6829, 7543, 7621, 7841, 8411, 8461, 8713, 9757, 9970, 10181, 10291, 10317, 11155, 11346, 11748, 11922, 12063, 12251, 12524, 12590, 12902, 13060, 13918, 13971, 14127, 14221, 14339, 14762, 15464, 15537, 15568, 15699, 15901, 16363, 17669, 17839, 18098, 18656, 18833, 18856, 19346, 20195, 20310, 20488, 20640, 20936, 20995, 21004, 21088, 21104, 21766, 22033, 22577, 22658, 22933, 22987, 23278, 23547, 23914, 24127, 24551, 24724, 24735, 24825, 24886, 25402, 25813, 25869, 25935, 26065, 26268, 26537, 26577, 26582, 26758, 27059, 27089, 27158, 27361, 27367, 27451, 27745, 27788, 27861, 28201, 28605, 28872, 29524, 29578, 30221, 30933, 31107, 31501, 32103, 32198, 32594, 32631, 33026, 33131, 33304, 33517, 33651, 34222, 34523, 34618, 34799, 34912, 35399, 35498, 35618, 35665, 35724, 35891, 36599, 36704, 36734, 36957, 37335, 37618, 37814, 38143, 38192, 38226, 38516, 38717, 39131, 39799, 39854, 39940, 40465, 40749, 41188, 41282, 41453, 41467, 41696, 41739, 42064, 42324, 42520, 42613, 42637, 43168, 43442, 43468, 43770, 43840, 44402, 44628, 44834, 44907, 45184, 45191, 45231, 45274, 45342, 45870, 46103, 46449, 47202, 47257, 47281, 47518, 47536, 48063, 48167, 48330, 49010, 49244, 49378, 49480, 49505, 49724, 49752, 49891, 50418, 50453, 51107, 51168, 51172, 51302, 51550, 51887, 52967, 53062, 53981, 54132, 54539, 54870, 55145, 55206, 55347, 55426, 55645, 55987, 56371, 56783, 56892, 57608, 57873, 58144, 58675, 58685, 58757, 59261, 59762, 60445, 60831, 61104, 61510, 61608, 62079, 62403, 62418, 62692, 63041, 63528, 63606, 63646, 63691, 63704, 63913, 63997, 64174, 64721, 65027, 65095, 65340
104, 453, 679, 966, 1084, 1534, 1794, 1944, 2284, 2302, 2487, 3055, 3075, 3178, 3331, 3675, 4005, 4697, 4890, 4914, 4989, 5743, 6226, 6398, 6671, 6959, 7035, 7100, 7364, 7489, 7524, 7678, 7732, 7776, 8274, 8450, 9358, 10583, 10900, 11044, 11160, 11443, 11720, 11800, 11831, 11989, 12127, 12320, 12341, 12478, 12482, 12730, 13176, 13196, 13679, 14180, 14431, 14563, 14930, 15806, 15824, 15921, 16323, 16909, 17192, 17582, 17597, 17779, 17913, 17926, 18013, 19044, 19911, 20030, 20058, 20202, 20258, 20821, 20869, 21416, 21573, 21906, 22298, 22454, 22575, 22623, 22716, 22832, 22899, 22968, 23142, 23423, 23771, 23863, 24255, 25354, 25367, 25392, 25623, 26087, 26203, 27317, 27740, 28081, 28256, 28378, 28441, 29024, 29410, 30303, 31456, 31524, 31995, 32178, 32202, 32341, 32867, 33053, 33132, 33355, 33975, 34029, 34215, 34247, 34393, 34517, 34754, 34882, 35196, 35451, 35514, 35758, 36551, 36590, 36623, 37260, 37389, 37494, 37673, 37711, 37753, 37806, 38242, 38276, 38433, 38448, 38694, 38983, 39001, 39373, 39435, 39869, 39900, 40127, 40405, 40463, 40522, 40726, 41071, 41147, 41371, 41582, 41596, 41730, 41890, 41962, 41984, 42001, 42287, 42546, 42892, 42970, 43076, 43440, 43961, 44360, 44832, 44883, 45054, 45676, 46174, 46439, 46503, 46650, 47250, 47355, 47740, 47840, 47995, 48422, 48734, 49010, 49351, 49784, 49959, 50006, 50180, 50331, 51003, 51038, 51091, 51099, 51257, 51603, 51615, 51733, 51736, 52197, 53110, 53157, 53182, 53207, 53208, 53445, 53658, 53810, 54509, 54697, 54730, 56404, 57571, 57633, 57691, 58022, 58400, 58402, 58612, 59454, 59647, 59989, 60059, 60396, 60444, 60538, 60948, 61246, 61418, 61451, 61543, 61937, 62327, 62479, 62570, 62657, 62843, 62892, 63519, 63664, 63755, 63786, 63962, 64324, 64958, 65111, 65166, 65232
538, 785, 1283, 1412, 1536, 1567, 1628, 1853, 1952, 2273, 2663, 2677, 2762, 3297, 3304, 3313, 4495, 4560, 4911, 5057, 5147, 5320, 5504, 6245, 6401, 6600, 6817, 6875, 7173, 7446, 8094, 8290, 8768, 9491, 9520, 9692, 9765, 9912, 10520, 10776, 10897, 11257, 11336, 11565, 11824, 11878, 11979, 12406, 12825, 13112, 13720, 14228, 14272, 14281, 14373, 14559, 14727, 15120, 15496, 15832, 15964, 15979, 16004, 16280, 16534, 16539, 16540, 16805, 16938, 16947, 17242, 17379, 17527, 18050, 18385, 18479, 18650, 19041, 19147, 19623, 19819, 20101, 20264, 20393, 20772, 20907, 20925, 21237, 21273, 22236, 22486, 23050, 23317, 23912, 24027, 24362, 24401, 24457, 24680, 24916, 24972, 25176, 25241, 25316, 25445, 25483, 25702, 25899, 26024, 26026, 26711, 26984, 28355, 28732, 28750, 29321, 29500, 29503, 29519, 29762, 30172, 30602, 30941, 31012, 31228, 31553, 31974, 32111, 32217, 32264, 32560, 32990, 33217, 33347, 33940, 34181, 34282, 34478, 34511, 34804, 35015, 35099, 35130, 35175, 35296, 35641, 35690, 35767, 36472, 36600, 37015, 38679, 38778, 38803, 38849, 38907, 38945, 39323, 40052, 40311, 40397, 40638, 41494, 41855, 42088, 42740, 42801, 42898, 43317, 43673, 43931, 44073, 44355, 44494, 44550, 44616, 44776, 45194, 45260, 46344, 46362, 46450, 46870, 47208, 47314, 47394, 48123, 48366, 49493, 50125, 50358, 50537, 50856, 50940, 50979, 51227, 51295, 51485, 51789, 52205, 52220, 52634, 52904, 53582, 53860, 53871, 54113, 54323, 54334, 54388, 54737, 54841, 54929, 55004, 55142, 55157, 55173, 55317, 55347, 55420, 55569, 55847, 55849, 56156, 56267, 56331, 56914, 56925, 56933, 57045, 57504, 57574, 57801, 57806, 57829, 57987, 58193, 58251, 58438, 58767, 58817, 59069, 59123, 59928, 60082, 60159, 61022, 61537, 61766, 61810, 62383, 62711, 62806, 63266, 64024, 65181
69, 267, 494, 780, 841, 1202, 1220, 1388, 1891, 2843, 2963, 3179, 3305, 3862, 3893, 3947, 4233, 4318, 4587, 4589, 4895, 5477, 5792, 6031, 6289, 6686, 6992, 7057, 8493, 8677, 8861, 8981, 9043, 9175, 9266, 9905, 10158, 10823, 10918, 10983, 11017, 11057, 11367, 11500, 11574, 12058, 12119, 12318, 12320, 12484, 14583, 15123, 15226, 15759, 15841, 16102, 16468, 16608, 17006, 17904, 17995, 18401, 18584, 18642, 18984, 19202, 19584, 20106, 20374, 20720, 20729, 20788, 21019, 21129, 21192, 21753, 22008, 22631, 22687, 22917, 23238, 23663, 23677, 23768, 24026, 24532, 24785, 24957, 24981, 25912, 25914, 26034, 26410, 26750, 27128, 27303, 27351, 27616, 27846, 28065, 28115, 28167, 28200, 28426, 28748, 28904, 29013, 29880, 30139, 30511, 30700, 30819, 31064, 31090, 31188, 31438, 31648, 31678, 31843, 31907, 32590, 32648, 33287, 33545, 33688, 33705, 33917, 34239, 34402, 35022, 35147, 35155, 35852, 36288, 36470, 36833, 37110, 37608, 37769, 38861, 38953, 39312, 39339, 39489, 39529, 39727, 39919, 40368, 40841, 41058, 41293, 41323, 42326, 42860, 42979, 43078, 43289, 43615, 43812, 43905, 44297, 44406, 44756, 45212, 45335, 45380, 45487, 46086, 47285, 47311, 47566, 47691, 47717, 47806, 47876, 48437, 49029, 49204, 49928, 49935, 50155, 50774, 50989, 51204, 51357, 51397, 52010, 52175, 52862, 52880, 53297, 53321, 53336, 53355, 53567, 53602, 54399, 54444, 54458, 54546, 54723, 54811, 54894, 55190, 55375, 55404, 55541, 56552, 56602, 56779, 56818, 56937, 56957, 57977, 58254, 58655, 58924, 59089, 59259, 59265, 59302, 59355, 59566, 59594, 59615, 59706, 59883, 60042, 60063, 60948, 60973, 61063, 61145, 61317, 61580, 61633, 61664, 61797, 62029, 62897, 62989, 63002, 63440, 63773, 64302, 64351, 64378, 64823, 65039, 65175, 65253, 65293, 65384, 65441, 65484, 65516
209, 358, 621, 820, 1005, 1415, 1450, 1495, 1632, 1883, 2002, 2055, 2175, 2301, 2647, 2787, 2975, 3213, 3591, 3921, 3933, 4064, 4770, 4872, 4887, 5299, 5322, 5330, 5828, 5943, 6426, 6676, 6997, 7179, 7869, 8090, 8133, 8552, 8810, 8897, 8925, 9040, 9622, 9954, 10148, 10349, 10566, 10581, 10827, 10856, 10933, 11274, 11322, 11633, 11852, 12210, 12220, 12408, 12457, 12661, 12863, 13144, 13650, 14133, 14404, 14431, 14644, 14663, 14710, 14768, 15041, 15064, 15697, 15972, 16567, 16996, 17043, 17130, 17154, 17277, 17610, 17657, 18155, 18283, 18525, 18727, 18823, 18878, 18891, 18910, 19329, 19638, 19740, 20212, 20817, 20967, 21246, 21257, 21897, 22003, 22243, 22641, 22648, 22775, 23255, 23788, 23804, 24050, 24506, 24730, 24794, 25466, 25487, 26149, 26280, 26292, 26335, 26377, 26440, 26470, 26477, 26894, 27403, 27631, 28163, 28232, 28575, 28980, 29360, 29612, 29964, 31110, 31146, 31929, 32027, 32110, 32121, 32290, 32632, 33381, 33615, 34024, 34243, 34841, 34911, 36235, 36639, 36948, 37411, 37653, 37657, 38044, 38501, 39524, 39697, 39745, 39818, 39994, 40314, 40402, 40530, 40976, 41310, 42048, 42408, 43523, 43527, 43616, 44240, 44272, 44618, 44693, 45180, 45628, 45671, 45842, 45844, 45907, 46726, 46801, 46805, 47584, 48000, 48348, 48389, 48607, 48909, 49247, 49275, 49536, 50102, 50138, 50236, 50442, 50956, 51339, 51378, 51759, 51854, 52198, 52321, 52721, 52888, 53434, 53561, 54275, 54446, 54595, 54900, 54958, 55029, 55063, 55174, 55806, 56169, 56183, 56713, 56907, 57573, 57585, 57586, 57659, 57938, 58401, 58891, 59054, 59128, 59477, 59559, 59660, 59928, 60117, 60371, 60462, 60548, 60936, 60989, 60994, 61038, 61463, 61749, 61758, 61768, 62232, 62306, 62972, 63018, 63448, 63673, 63823, 64381, 64405, 64789, 64984, 65300, 65412
385, 523, 636, 864, 1038, 1121, 1267, 1863, 2155, 2277, 2483, 2553, 2620, 3567, 3655, 3852, 4379, 4802, 4904, 4929, 5090, 6464, 6488, 6752, 6957, 6983, 7563, 7684, 7775, 8149, 9037, 9338, 10017, 10462, 10497, 10532, 10889, 11676, 12158, 12542, 12995, 13249, 14441, 14985, 15062, 15892, 16233, 16664, 16683, 16712, 17088, 17369, 17722, 17889, 18008, 18435, 18465, 18502, 19399, 19432, 19712, 20150, 20310, 20386, 20753, 20889, 21431, 22278, 22596, 22657, 22870, 22947, 22968, 23249, 23568, 23614, 23710, 23825, 23837, 23936, 24116, 24315, 24680, 24985, 25001, 25020, 25122, 25362, 25478, 25545, 26020, 26106, 26228, 26275, 26278, 26412, 26413, 26522, 26624, 26973, 27249, 27533, 27705, 27834, 27993, 28179, 28298, 28702, 28760, 28823, 29262, 29506, 29545, 30047, 30530, 30576, 30595, 30950, 31214, 31932, 32163, 32946, 33149, 33288, 33351, 33426, 33444, 33506, 33646, 33702, 33976, 33985, 34114, 34118, 34146, 34184, 34188, 35153, 35169, 35276, 35582, 36005, 36026, 36083, 36361, 36525, 36577, 36766, 36772, 36822, 36837, 37321, 38102, 38239, 38332, 38743, 38797, 38974, 39308, 39814, 40787, 41119, 41346, 41601, 41642, 41867, 41879, 42293, 42554, 42795, 42862, 43003, 43009, 43072, 43126, 44760, 44933, 47188, 47447, 47576, 47579, 47693, 47775, 47932, 48125, 48531, 50062, 50183, 50630, 50801, 50850, 50941, 51057, 51148, 51284, 51665, 51876, 51987, 52000, 52164, 52251, 52458, 52809, 52898, 53043, 53388, 53621, 53677, 53888, 54123, 54137, 54293, 54714, 54917, 55531, 55804, 56270, 56732, 56744, 57432, 57466, 57591, 57790, 58276, 58382, 58561, 58632, 58886, 58991, 59008, 59273, 59676, 59792, 59905, 60326, 60738, 60781, 61306, 61510, 61927, 62044, 62709, 63136, 63265, 63301, 63324, 63375, 63409, 63832, 64059, 64069, 64319, 64849, 64863, 64933, 65058
199, 284, 341, 664, 1000, 1290, 1379, 1408, 1774, 1803, 1977, 2180, 2874, 3000, 3378, 3471, 3915, 3956, 4052, 4263, 4513, 4958, 5166, 5928, 6030, 6192, 6197, 6313, 6476, 6830, 6831, 7261, 7366, 7560, 7772, 8142, 8240, 8344, 8420, 8643, 8735, 9074, 9272, 9539, 9582, 9985, 10106, 10344, 10628, 10900, 10981, 11523, 12959, 13307, 13448, 14311, 14466, 14515, 14835, 15127, 15247, 15430, 15668, 16253, 17128, 18358, 18365, 18775, 18865, 19328, 19761, 19826, 19850, 20122, 20206, 20317, 20727, 20749, 20768, 21119, 21145, 22136, 22328, 22379, 23315, 23616, 23656, 23879, 24334, 24436, 24925, 25068, 25179, 25386, 25637, 26137, 26335, 26370, 26409, 26453, 26473, 26476, 26522, 26548, 26646, 26827, 27013, 27851, 27868, 27975, 28034, 28159, 28436, 28473, 28507, 28790, 29695, 30248, 30253, 30611, 30950, 31371, 31536, 31593, 31850, 32630, 33088, 33262, 33500, 34019, 34024, 34092, 34117, 34338, 34611, 34763, 34949, 35396, 35421, 35507, 36044, 36177, 36325, 36547, 36849, 36999, 37130, 37181, 37397, 37531, 37660, 37908, 37976, 38235, 38292, 38533, 38544, 38636, 38674, 38771, 38864, 39286, 39654, 39815, 39825, 40278, 40785, 41001, 41034, 41066, 41326, 41355, 41364, 41609, 41789, 41833, 42089, 42529, 42611, 42732, 42867, 42892, 44032, 44067, 44221, 44321, 44439, 44667, 44800, 45245, 46073, 46179, 46459, 46538, 46823, 47004, 47234, 47278, 47353, 47369, 47380, 47458, 48346, 48410, 48756, 49003, 49765, 50004, 50434, 50755, 51328, 51407, 51799, 52019, 52572, 53417, 53495, 53632, 53889, 54009, 54088, 54449, 54571, 54984, 55173, 55264, 55735, 56172, 56286, 56634, 56756, 57036, 57213, 57700, 57946, 58906, 59446, 59678, 59990, 60004, 60252, 61131, 61457, 61799, 62001, 62617, 62646, 63287, 63487, 63625, 63948, 64441, 64509, 64682, 64864, 65308
116, 141, 315, 551, 669, 675, 730, 749, 1167, 1520, 1587, 1900, 2331, 2514, 2563, 2745, 3304, 3563, 4335, 4506, 4563, 4583, 4653, 4709, 4872, 5096, 5323, 5347, 5645, 5771, 5955, 6466, 6567, 6813, 6959, 7095, 7257, 7639, 7928, 8043, 8157, 8491, 9247, 9269, 9948, 9995, 10202, 10322, 11106, 11127, 11532, 11655, 11842, 12170, 12190, 13051, 13213, 13236, 13334, 13543, 13713, 13826, 14219, 14280, 14414, 14451, 14668, 14723, 14772, 15586, 15589, 15700, 15799, 15853, 15877, 16056, 16171, 16507, 16878, 17345, 17557, 17720, 17955, 18560, 18738, 19115, 19132, 19746, 19790, 20044, 20254, 20527, 20638, 20668, 20700, 21142, 21592, 21853, 21946, 21972, 21991, 22112, 22325, 22798, 22874, 23333, 23770, 23845, 24056, 24750, 24816, 24885, 25738, 26554, 26652, 26770, 26859, 26952, 27100, 27102, 27208, 27293, 27355, 27377, 27560, 27739, 27773, 27777, 27802, 27824, 28290, 28543, 29264, 29448, 29798, 30259, 30332, 30395, 30485, 30545, 30572, 31161, 31931, 32086, 32207, 32672, 32903, 33142, 33347, 33446, 33464, 33800, 33921, 34219, 35722, 35895, 36179, 36580, 37516, 37545, 37982, 38302, 38351, 38650, 39047, 39295, 39419, 39834, 39992, 39995, 40390, 41770, 42124, 42338, 42976, 43552, 43867, 44098, 44510, 44653, 45196, 45397, 45544, 46028, 46191, 46480, 46496, 46944, 46996, 47048, 47238, 47425, 48350, 48490, 49023, 49026, 49943, 50098, 50177, 50594, 50889, 50971, 51155, 51294, 51934, 52096, 52492, 53418, 53589, 53959, 53984, 54108, 54259, 54637, 55194, 55519, 55618, 55717, 55728, 55991, 56001, 56082, 56086, 56091, 57457, 57484, 58632, 58776, 58932, 59112, 59480, 59529, 59713, 60083, 60258, 60457, 60576, 60906, 60907, 60948, 61401, 61533, 61631, 61946, 62589, 63118, 63294, 63729, 64490, 64602, 64669, 64926, 64967, 65299, 65360, 65394
439, 800, 919, 1199, 1452, 1479, 1796, 2368, 2724, 2734, 3015, 3233, 3271, 3565, 3871, 4057, 4643, 4695, 4792, 5106, 5115, 5292, 5347, 5377, 6215, 6336, 6377, 6491, 8092, 8148, 8728, 8791, 8820, 9044, 9807, 9967, 9982, 10342, 10406, 10432, 10475, 10560, 10578, 10802, 10915, 11526, 12380, 12651, 13298, 13670, 13817, 13890, 14160, 14508, 14632, 14917, 15212, 15307, 15313, 15477, 15741, 15914, 16095, 16144, 16347, 16548, 16553, 16696, 16772, 17048, 17193, 17730, 17887, 18085, 18286, 18294, 18727, 18826, 19393, 19623, 20613, 20825, 20964, 21612, 21854, 22021, 22658, 22713, 22802, 23409, 23432, 23489, 23647, 23915, 23930, 24115, 24161, 24269, 24550, 24554, 24799, 24886, 24934, 25069, 25178, 25277, 25506, 25547, 26254, 26402, 26463, 26811, 27363, 27501, 27704, 27800, 27891, 27995, 28050, 28294, 28448, 28471, 28570, 28886, 29316, 30358, 30536, 30740, 31150, 31487, 32524, 32639, 32744, 32825, 32950, 32996, 33104, 33226, 33690, 33990, 34178, 34385, 34481, 34828, 35117, 35332, 35436, 35907, 36182, 36617, 36947, 37108, 37619, 38079, 38784, 38848, 39464, 39596, 39675, 39710, 39875, 39963, 40307, 40347, 40516, 40600, 41234, 41478, 41912, 42195, 42289, 42697, 42789, 43007, 43227, 43486, 43589, 43760, 43926, 44592, 44774, 45074, 45219, 45339, 45484, 45986, 46322, 46366, 46476, 46511, 47255, 47589, 47649, 47831, 48238, 48344, 48649, 48771, 49513, 49538, 49950, 50529, 50800, 50834, 50909, 51092, 51311, 51451, 51564, 52387, 52610, 52734, 53221, 53533, 54019, 55029, 55060, 55516, 55649, 55745, 55981, 55992, 56263, 56489, 56555, 56976, 57020, 57140, 57326, 57644, 58133, 58699, 58959, 59271, 59317, 59357, 59830, 60381, 60806, 60811, 61378, 61581, 61766, 61906, 62790, 62805, 63039, 63189, 63724, 64062, 64081, 64395, 64648, 64884, 65067, 65422
1, 58, 286, 358, 488, 589, 746, 992, 1016, 1061, 1066, 1129, 1165, 1718, 2945, 3396, 3450, 3621, 3673, 3869, 4211, 4768, 4998, 5238, 5593, 5744, 5872, 6051, 6103, 7043, 7182, 7921, 8182, 8332, 9762, 10008, 10662, 10689, 12641, 12713, 13231, 13313, 13546, 14006, 14019, 14986, 15387, 15853, 15974, 16550, 16763, 17288, 17344, 17381, 17826, 18361, 18393, 18569, 19098, 19246, 19298, 19365, 19404, 19846, 19936, 20001, 20232, 20257, 20616, 20726, 20807, 20904, 21501, 21774, 21912, 22374, 22862, 22879, 23071, 23508, 23652, 24393, 24506, 26277, 26955, 27221, 28004, 28197, 28216, 28226, 28314, 29380, 29533, 29560, 29642, 30071, 30288, 30343, 30371, 31935, 32070, 32191, 32611, 32668, 32997, 33471, 33573, 33811, 34189, 34272, 34311, 34543, 34989, 35675, 35676, 35786, 36432, 36830, 37002, 37110, 37168, 37286, 37424, 37725, 38076, 38176, 38401, 38621, 38814, 39447, 39889, 39967, 40104, 40220, 40369, 40456, 41004, 41175, 41313, 41356, 41677, 41758, 41987, 42012, 42107, 42330, 42671, 43024, 43055, 43193, 43681, 43776, 44157, 44200, 44222, 44295, 44522, 44546, 44551, 44693, 44868, 45320, 45449, 45844, 46114, 46164, 47155, 47415, 47530, 47700, 47816, 47990, 48087, 48243, 48322, 48325, 48418, 48469, 48773, 48774, 48867, 49319, 49908, 50230, 50299, 50475, 50530, 50686, 50824, 51548, 51654, 51757, 51818, 52024, 52629, 52757, 53227, 53462, 53669, 54186, 54413, 54652, 54730, 54767, 54788, 55493, 55543, 56258, 56303, 56951, 57606, 57711, 58258, 58375, 58479, 58505, 58616, 58819, 58961, 59098, 59113, 59541, 59589, 60066, 60250, 61035, 61341, 61471, 61753, 61768, 61818, 61833, 61903, 61932, 62004, 62041, 62090, 62158, 62757, 62789, 62942, 62968, 63020, 63206, 63456, 63599, 64320, 64371, 64674, 64692, 65040, 65055, 65112, 65250, 65275, 65440
871, 1511, 2129, 2470, 2517, 2781, 3049, 3062, 3163, 3293, 3673, 4053, 4169, 4181, 4410, 4565, 4737, 4785, 5124, 5448, 5556, 6076, 6252, 6268, 6285, 6421, 6470, 6611, 7147, 7315, 7327, 7378, 7433, 7509, 7824, 8222, 9035, 9097, 9157, 9967, 10321, 10361, 10532, 10976, 11321, 11514, 11591, 11705, 11787, 11808, 12372, 12784, 12895, 13086, 13356, 14002, 14028, 14534, 14900, 15013, 15084, 15413, 15737, 15768, 16614, 17328, 17349, 17609, 17708, 17893, 18059, 18163, 18174, 18208, 18373, 18394, 18421, 18727, 18894, 19185, 19238, 19258, 19449, 19745, 20874, 21247, 21388, 21944, 22231, 22289, 22453, 22905, 23434, 23669, 24318, 24376, 25344, 25377, 25486, 25548, 25936, 26723, 26975, 27234, 27579, 27646, 27677, 27804, 27871, 27999, 28233, 28911, 28912, 28972, 29014, 29057, 30154, 30283, 30948, 31015, 31147, 31382, 31870, 32000, 32292, 32453, 32989, 33084, 33550, 34514, 34836, 34923, 35189, 35421, 35473, 35549, 35604, 36110, 36408, 36464, 36731, 36948, 36976, 36997, 37642, 37655, 37703, 37857, 38669, 38765, 39169, 39191, 39391, 39468, 40192, 40490, 41104, 41125, 41568, 41743, 41785, 41821, 41824, 42013, 43009, 43488, 43503, 43574, 44295, 44364, 44890, 45253, 46126, 46348, 46493, 46937, 47207, 47535, 47970, 48021, 48381, 48538, 48644, 48906, 48920, 48944, 49107, 49158, 49167, 49295, 49730, 50250, 50435, 50468, 50594, 50620, 50992, 51034, 51211, 51255, 51315, 51375, 51417, 51532, 51699, 51775, 52631, 52690, 52928, 52963, 53029, 53390, 53415, 53739, 53814, 54176, 54673, 54688, 54774, 54833, 55200, 55262, 55411, 56051, 56482, 56609, 56775, 57024, 57260, 57363, 57800, 58338, 58479, 59502, 59547, 60249, 60356, 60604, 60833, 60950, 61124, 61586, 61594, 61818, 62024, 62131, 62477, 62564, 62922, 63393, 63921, 64407, 64628, 64995, 65140, 65362
883, 897, 973, 1003, 1241, 1367, 2221, 2230, 2561, 2880, 3341, 3476, 4025, 4189, 4715, 4794, 4799, 4887, 5044, 5870, 5883, 6225, 6264, 6320, 6379, 6410, 6907, 7013, 7511, 7631, 7711, 7857, 7971, 7994, 8382, 8801, 8938, 8963, 9089, 9158, 9336, 9418, 9626, 10189, 10968, 11156, 11880, 12395, 12445, 12598, 13497, 13663, 13723, 13749, 14167, 14225, 14430, 14704, 14802, 14933, 15165, 15839, 15895, 15915, 16257, 16595, 16774, 17397, 17517, 17521, 17600, 17840, 17856, 18009, 18616, 19482, 19687, 19759, 19797, 19988, 20121, 20148, 20865, 20887, 20941, 22483, 22985, 24873, 24974, 24987, 24995, 25254, 25390, 25551, 25680, 26036, 26177, 26423, 27156, 27211, 27568, 27760, 28350, 28841, 29136, 29169, 29179, 29291, 29585, 29608, 30908, 30913, 31337, 31339, 31704, 31961, 32103, 32231, 32952, 33587, 33721, 33726, 33861, 34777, 35488, 35794, 36027, 36191, 36326, 36684, 36799, 37009, 37014, 37051, 37102, 37302, 37560, 37763, 37961, 38333, 38701, 38798, 38919, 39045, 39061, 39108, 39604, 40072, 40180, 40988, 41226, 41446, 41566, 42059, 42249, 42407, 42622, 42786, 42966, 43283, 43794, 44070, 44086, 44311, 45157, 45238, 45718, 45785, 45997, 46095, 46592, 46644, 46650, 46759, 46999, 47000, 47117, 47118, 47544, 47799, 48126, 48393, 48588, 48704, 48712, 48747, 48859, 48988, 49075, 49202, 49463, 49485, 49874, 50413, 50581, 50619, 50863, 50988, 51076, 51102, 51158, 51162, 51234, 51630, 52054, 53397, 53703, 54141, 54599, 54653, 54659, 54816, 54873, 55050, 55133, 55256, 55357, 55520, 55544, 55690, 55848, 56432, 56483, 56709, 57133, 57278, 57526, 58222, 58453, 58779, 59090, 59220, 59333, 59342, 59728, 59848, 59971, 59972, 60088, 60295, 60544, 60627, 60725, 60743, 60871, 61308, 61495, 61871, 62108, 62128, 62230, 63032, 63597, 63970, 65372, 65448
249, 648, 651, 854, 948, 1121, 1224, 1258, 2080, 3589, 4085, 4224, 4401, 4593, 4641, 4652, 4763, 5110, 5276, 5833, 5878, 6299, 6532, 6551, 7618, 7728, 7795, 8257, 8282, 8603, 9322, 9633, 9670, 9684, 9715, 10367, 10422, 10634, 10905, 10955, 11008, 11061, 11218, 11274, 11419, 11534, 11626, 11678, 11715, 11854, 11874, 11982, 12289, 12512, 12673, 12750, 12860, 13398, 13514, 13795, 13839, 13880, 14277, 14292, 14293, 14423, 14509, 14617, 14845, 14867, 15335, 15636, 15937, 16035, 16614, 17661, 17668, 17728, 18021, 18233, 18533, 18634, 19119, 19774, 19943, 20356, 20416, 21071, 21129, 21886, 21980, 22563, 22666, 22689, 22739, 23171, 23740, 24267, 24345, 24489, 24561, 24754, 24769, 25160, 25275, 25313, 25548, 25886, 25991, 26057, 26088, 26564, 26583, 26615, 27107, 27443, 27491, 27858, 27930, 27946, 27980, 28560, 28565, 29114, 29231, 29291, 29594, 29790, 30156, 30578, 30907, 30986, 31227, 31447, 31919, 32047, 32376, 32425, 32881, 33265, 33454, 33494, 33675, 33906, 36068, 36369, 36484, 36570, 36875, 36918, 37193, 37546, 37717, 37796, 37882, 37998, 38073, 38100, 38504, 39196, 39224, 39480, 39792, 39912, 40609, 40945, 41023, 42047, 42131, 42352, 42761, 42863, 43311, 43347, 43880, 44197, 44271, 44633, 45078, 45282, 45713, 45872, 45971, 46740, 47297, 47570, 48050, 48305, 48308, 48484, 48513, 49153, 49384, 49389, 49572, 49788, 49807, 49875, 49884, 50500, 50765, 50954, 51070, 51284, 51303, 51353, 51639, 51747, 51773, 52297, 52339, 52758, 53006, 53035, 54139, 54342, 54481, 54502, 54797, 55648, 55742, 55869, 56060, 56357, 56433, 56444, 56469, 56957, 57022, 57435, 57451, 57843, 58035, 58144, 58146, 58451, 59351, 59431, 59637, 59682, 60035, 60051, 60204, 60325, 60683, 60827, 61978, 62098, 62118, 62238, 62499, 62963, 62988, 63364, 64568, 64948
161, 165, 222, 352, 1002, 1129, 1291, 1374, 1379, 1598, 1642, 1752, 1900, 1919, 2173, 2543, 2942, 3179, 3270, 3548, 3614, 3673, 3833, 4064, 4103, 4294, 4304, 4326, 4809, 5228, 5282, 6203, 6663, 7251, 7317, 7541, 8047, 8207, 8431, 9158, 9252, 9530, 10600, 10688, 11045, 11433, 11528, 12241, 12294, 12331, 12495, 12662, 13753, 13783, 14118, 14262, 15234, 15500, 15509, 15558, 16257, 16422, 16550, 16627, 16879, 18250, 18269, 18374, 18770, 18962, 19265, 19411, 20049, 20076, 20213, 20287, 20388, 20734, 20774, 20857, 21149, 21663, 21721, 21802, 22008, 22370, 23518, 23569, 23576, 23944, 24002, 24390, 24615, 24971, 25761, 25870, 25944, 26418, 26895, 27508, 27509, 27624, 28603, 29162, 29350, 29385, 29811, 29918, 29988, 30086, 30427, 30451, 30630, 31136, 31849, 31850, 32116, 32277, 32506, 32553, 32567, 32809, 32863, 32877, 32919, 33133, 33617, 33677, 33837, 33985, 34029, 34330, 34366, 34474, 35565, 35594, 36653, 36695, 37029, 37045, 37105, 37481, 37916, 37940, 38200, 38289, 38715, 38781, 39400, 39437, 39533, 39555, 39642, 40271, 40453, 40816, 40937, 41575, 41939, 42812, 43117, 43202, 43853, 44015, 44164, 44166, 44975, 45250, 45483, 45873, 46146, 46308, 46528, 46713, 46834, 46848, 46853, 47173, 47882, 48077, 48622, 48718, 48835, 48862, 49225, 49254, 49303, 49389, 49525, 50015, 50020, 50482, 50803, 51063, 51262, 51741, 51834, 52226, 52240, 52255, 52593, 52620, 52636, 52778, 53295, 53576, 53970, 54012, 54180, 54551, 54735, 54898, 55028, 55324, 55389, 55747, 56364, 56389, 56647, 57128, 57607, 58579, 58696, 58707, 58849, 58867, 59151, 59573, 59588, 59658, 59755, 59786, 60245, 60364, 60716, 60959, 61467, 62246, 62434, 62809, 62821, 62850, 62886, 63228, 63257, 63432, 63538, 63682, 63699, 63794, 64308, 64557, 64799, 65295, 65413, 65519
409, 484, 746, 1090, 1120, 1148, 1215, 1475, 1729, 1980, 2077, 2131, 2181, 2292, 2333, 2414, 2572, 2714, 2868, 2873, 3417, 4054, 4188, 4220, 4493, 4546, 5103, 5299, 5780, 6048, 6219, 6240, 6628, 6963, 7000, 7410, 7808, 7965, 7984, 8546, 8743, 8920, 8942, 9110, 9141, 9161, 9484, 9583, 9602, 9949, 10039, 10126, 10162, 10284, 10765, 10807, 10855, 11060, 11149, 11297, 11325, 11489, 11709, 11979, 12064, 12943, 13180, 13833, 13936, 14852, 15094, 15285, 15315, 16088, 16539, 16760, 16840, 16918, 16967, 17608, 17626, 17685, 17761, 17959, 18398, 18482, 19275, 19498, 19734, 19875, 19888, 20149, 21112, 21180, 21428, 21468, 21700, 21730, 22300, 22310, 22383, 22756, 22762, 22880, 23051, 23446, 23914, 24096, 24550, 24567, 25407, 25419, 25965, 26588, 26650, 26681, 26782, 26942, 27737, 28201, 28749, 28893, 28904, 29349, 29676, 29796, 29997, 30188, 30347, 30420, 30556, 30764, 30795, 30866, 30898, 31090, 31409, 31440, 32273, 33051, 33103, 33688, 34082, 34661, 35585, 35867, 36276, 36793, 38453, 38499, 38566, 38628, 38811, 39234, 39277, 39288, 39341, 39571, 39662, 39824, 39886, 40005, 40967, 41047, 41094, 41659, 42314, 42750, 42860, 43142, 43315, 43491, 43856, 43875, 44313, 44726, 45102, 45118, 45586, 45754, 45968, 46360, 46457, 47017, 47126, 47270, 48062, 48209, 48225, 48318, 48548, 48743, 49833, 49996, 50767, 51183, 52366, 52396, 52429, 52891, 52935, 53253, 53361, 53618, 53728, 53946, 54027, 54603, 54857, 55080, 55085, 55625, 56430, 56801, 57104, 57286, 57357, 57583, 57796, 57826, 57874, 58028, 58079, 58434, 58758, 58822, 58853, 59231, 59251, 59333, 59413, 59426, 59549, 59556, 60475, 61424, 61459, 61474, 61885, 62191, 62194, 62640, 62714, 62782, 63128, 63221, 63748, 63996, 64012, 64036, 64405, 64596, 65152, 65200, 65358, 65378
15, 25, 56, 263, 681, 701, 706, 1661, 1685, 1786, 2422, 2587, 2602, 2923, 3373, 3659, 3829, 3919, 4344, 4656, 4799, 4925, 5419, 5762, 6252, 7039, 7209, 7236, 7642, 7911, 7991, 8146, 8651, 8837, 9120, 10069, 10436, 11352, 11655, 11845, 12137, 12196, 12391, 12466, 12491, 12706, 12843, 12930, 13119, 13281, 13567, 13824, 13862, 13938, 14034, 14042, 14175, 14873, 15427, 15447, 15674, 15721, 15724, 15725, 15737, 16321, 16518, 16780, 16837, 16884, 17390, 17475, 17704, 17986, 17991, 17999, 18321, 18497, 18847, 18924, 18947, 20587, 20840, 21032, 21908, 22694, 23135, 23235, 23339, 23356, 23372, 23383, 24327, 24398, 24782, 25030, 25039, 25223, 25347, 25514, 26404, 27205, 27409, 27532, 27609, 27746, 27952, 27983, 28422, 28462, 28474, 28573, 28749, 28813, 29128, 29155, 30052, 30061, 30078, 30651, 30685, 30775, 30959, 30974, 31275, 31417, 31510, 31602, 31734, 31807, 32474, 32571, 33051, 33089, 33202, 33208, 33221, 33234, 33641, 33816, 33901, 33976, 34171, 34614, 34756, 34890, 35199, 35330, 35371, 35951, 35991, 36680, 36825, 36854, 37145, 37163, 37310, 37549, 38538, 39074, 39439, 39588, 40005, 41236, 41321, 41941, 42057, 42233, 42519, 43295, 43513, 43584, 43810, 45090, 45202, 45392, 45532, 45748, 45966, 46136, 46374, 46483, 47450, 47524, 47695, 47806, 48693, 48722, 49041, 49108, 49466, 49546, 49579, 49938, 50004, 50157, 50438, 51140, 51261, 51294, 51346, 51410, 51415, 51612, 51820, 52467, 52608, 52678, 52769, 53000, 53157, 53159, 53830, 54315, 54480, 54521, 55567, 55661, 55662, 56844, 57411, 57441, 57775, 58118, 58345, 58543, 58802, 58843, 58893, 58966, 59047, 59365, 59947, 59965, 60078, 60252, 60285, 61401, 61489, 61977, 62252, 62310, 62366, 62507, 62550, 62619, 62982, 63359, 63472, 63661, 63962, 64016, 64350, 64404, 65164, 65491
77, 419, 431, 439, 774, 811, 835, 1015, 1267, 1350, 1532, 2205, 2708, 3367, 3393, 3681, 4240, 4312, 4742, 5173, 5174, 5506, 5570, 5724, 6079, 6154, 6580, 6827, 7012, 7698, 7874, 7929, 8179, 8324, 8610, 8690, 8886, 8982, 9221, 9432, 9757, 10040, 10154, 10321, 10467, 10541, 10701, 10788, 10935, 11068, 11468, 11576, 11668, 11788, 11938, 12130, 12249, 12912, 12972, 13124, 13922, 14108, 14168, 14264, 14434, 14786, 14825, 14837, 14964, 15072, 15189, 15348, 15551, 15683, 15925, 16405, 16866, 18063, 18509, 18554, 18712, 19080, 19115, 19443, 19450, 19744, 19919, 20144, 20856, 21068, 21444, 21539, 21640, 21691, 22465, 23031, 23887, 23941, 24381, 25073, 25084, 25199, 25912, 26035, 26047, 26169, 26417, 26990, 26996, 27356, 27491, 27697, 28038, 28049, 28078, 28164, 28172, 28298, 28423, 28441, 28540, 29529, 29767, 29831, 30093, 30317, 30510, 30770, 31077, 31136, 31366, 31556, 31644, 32279, 33137, 33429, 33524, 33619, 33806, 33881, 34615, 34902, 35174, 35725, 35806, 35865, 36400, 36751, 36895, 36912, 37165, 37373, 37412, 37914, 38004, 38108, 39439, 39915, 40550, 40628, 40632, 41389, 41404, 41519, 41572, 41785, 41870, 41881, 42017, 42051, 42233, 42383, 42808, 42908, 43167, 43179, 43275, 44804, 44814, 45576, 45883, 46016, 46045, 46203, 46255, 46378, 47098, 47286, 48391, 48577, 48614, 48649, 48714, 49358, 49765, 50116, 50180, 50374, 50388, 50446, 51037, 51101, 51113, 51173, 51183, 51188, 52342, 53036, 53195, 53219, 53279, 53373, 53434, 54167, 54450, 54494, 54737, 54861, 55135, 55458, 55470, 55491, 56090, 56256, 56329, 56491, 57328, 57372, 58175, 58410, 58542, 58599, 59351, 59355, 59741, 59880, 60352, 60434, 60713, 61270, 61367, 61391, 61436, 61586, 62087, 62965, 63073, 63898, 64148, 64749, 65061, 65102, 65111, 65212, 65224, 65242
204, 952, 1189, 1661, 2202, 3290, 3484, 3615, 3866, 4003, 4221, 4704, 4774, 4806, 5128, 5269, 5749, 5791, 6429, 6741, 6978, 7392, 7536, 7679, 7934, 7936, 8228, 8415, 8467, 9723, 10001, 10244, 10949, 11136, 11591, 12277, 12300, 13427, 13869, 13966, 14380, 14706, 14760, 14788, 14949, 15296, 15361, 15457, 15667, 15725, 16576, 16903, 17116, 17641, 17737, 18205, 18509, 18512, 18585, 18718, 18839, 19080, 19284, 19300, 19359, 20222, 20570, 21048, 21387, 21479, 21578, 21810, 22004, 22517, 22535, 22684, 22782, 23351, 23357, 23471, 23637, 24104, 24383, 24667, 24928, 25621, 26069, 26203, 26231, 26604, 26725, 26769, 26845, 27345, 27395, 27651, 27830, 27875, 27998, 28062, 28650, 29199, 29561, 29809, 29855, 30059, 30181, 30408, 30444, 30535, 30777, 30786, 30969, 31021, 31366, 31555, 31566, 31819, 31840, 32095, 32196, 32272, 32347, 32679, 33296, 33366, 33404, 33703, 33717, 34724, 34770, 34896, 35276, 35493, 35587, 35635, 36472, 37385, 37582, 37823, 38332, 38378, 38748, 38797, 39320, 39553, 39905, 40026, 40031, 40107, 40251, 40367, 40495, 40538, 40766, 42251, 42268, 42442, 43091, 43215, 43309, 43331, 43848, 43894, 44014, 44052, 44090, 44929, 45163, 45253, 45269, 45673, 46044, 46284, 46498, 46518, 46911, 47074, 47345, 47396, 47458, 47530, 47774, 48047, 48065, 48122, 48947, 49461, 49551, 49638, 50014, 50087, 50546, 50796, 50934, 51040, 51050, 51080, 51665, 51697, 51941, 52786, 52833, 53331, 53602, 53652, 53659, 53751, 53793, 53929, 53948, 54119, 54125, 54214, 54385, 54630, 54994, 55648, 55863, 56031, 56081, 56085, 56321, 56670, 57182, 58370, 58402, 58507, 58791, 58808, 58891, 59170, 60027, 60090, 60497, 60562, 61054, 61155, 61338, 61467, 61682, 61760, 62136, 62184, 62964, 63084, 63498, 63696, 63728, 63829, 64160, 64260, 64267, 64685, 64727, 65228
44, 341, 504, 547, 614, 735, 1273, 1275, 1532, 1631, 1646, 1685, 2053, 2359, 2456, 2768, 2994, 3128, 3260, 3381, 3446, 3523, 4136, 4981, 5791, 6018, 6876, 7164, 7297, 7456, 7595, 7863, 8105, 8519, 8537, 8651, 8746, 8899, 9467, 9749, 9895, 10153, 10234, 10523, 10816, 11092, 11207, 11670, 11733, 11763, 11919, 12165, 12363, 12590, 12736, 12987, 13054, 13060, 13074, 13129, 13529, 13695, 14275, 14374, 14459, 14884, 15102, 15191, 15561, 15682, 15897, 16064, 16281, 16483, 16570, 16896, 17322, 17616, 17779, 18039, 18052, 18204, 18257, 19390, 19491, 20179, 20246, 20320, 20688, 21156, 21475, 22018, 22114, 22173, 22385, 22405, 22539, 22926, 23193, 23287, 23504, 24273, 24705, 25141, 25549, 25628, 25845, 26013, 26072, 26094, 26510, 26722, 27247, 27482, 27491, 27773, 27920, 28113, 28276, 28442, 28603, 28695, 29001, 29021, 29608, 30445, 30947, 31073, 31425, 32170, 32253, 32447, 32712, 33244, 33415, 33422, 33459, 33663, 33879, 33891, 34123, 34217, 34287, 34694, 34790, 35327, 35467, 35772, 35781, 35955, 36041, 36108, 36359, 36476, 36612, 36714, 36955, 37129, 37343, 37462, 37658, 37895, 38105, 38693, 38819, 39171, 39201, 39509, 40462, 40600, 41430, 41696, 42082, 42247, 42452, 42574, 43829, 43967, 44811, 44870, 45287, 45396, 45605, 46515, 46553, 46665, 46794, 47262, 47464, 47667, 47715, 48544, 48546, 48689, 48813, 48981, 49229, 49985, 50170, 50315, 50525, 50622, 50895, 50920, 50960, 51125, 51203, 51291, 51517, 52084, 52314, 52646, 52727, 53116, 53247, 53252, 53774, 54055, 54435, 54501, 54724, 55039, 56059, 56165, 56905, 56942, 57048, 57506, 57865, 57938, 58019, 58455, 59200, 59356, 61184, 61694, 61846, 62007, 62339, 62393, 62787, 62989, 63185, 63283, 63391, 63446, 63486, 63793, 64200, 64341, 64707, 65113, 65269, 65281, 65408, 65513
418, 831, 861, 1118, 1404, 1624, 1691, 2014, 2226, 2335, 2779, 2923, 3013, 3041, 3390, 3464, 3642, 4091, 4619, 5318, 5437, 5714, 5953, 6880, 6925, 6961, 7284, 7404, 7834, 8154, 8353, 8446, 8507, 8617, 8823, 8949, 9139, 9158, 9463, 9643, 9819, 10084, 10331, 10895, 10946, 11257, 11297, 11776, 12335, 12740, 13667, 13738, 13971, 14011, 14599, 14624, 15197, 15459, 15512, 15663, 15722, 16072, 16258, 16302, 16339, 16879, 16927, 17414, 17596, 17785, 17810, 17972, 18279, 18326, 18399, 18881, 19301, 19306, 19334, 20215, 20224, 20847, 20880, 21430, 22032, 22103, 22183, 22633, 23489, 23964, 24225, 24566, 24674, 24687, 25685, 25821, 25892, 26647, 26873, 27328, 27725, 27786, 27926, 27987, 28129, 28165, 28369, 28662, 29682, 30023, 30665, 30737, 30947, 31410, 31587, 31702, 32022, 32036, 32064, 32113, 32148, 32240, 32523, 32549, 33285, 33789, 33920, 34105, 34334, 34462, 34912, 35579, 35863, 35957, 36392, 36929, 37383, 37522, 37660, 37762, 38023, 38528, 38732, 38994, 39520, 39996, 40204, 40249, 40263, 40584, 40625, 40781, 41713, 41934, 42386, 42454, 42761, 42874, 43027, 43188, 43520, 43632, 44000, 44205, 44565, 44715, 45048, 45436, 45767, 45835, 46040, 46351, 46560, 46863, 47334, 47856, 48025, 48114, 48321, 48719, 48963, 49697, 49796, 49925, 50002, 50404, 50468, 50600, 50886, 51039, 51199, 51638, 51662, 51740, 51934, 52151, 52273, 52425, 52640, 52678, 52859, 53085, 53148, 53410, 53572, 54072, 54297, 54372, 54650, 54687, 55177, 55195, 55341, 55380, 55513, 55853, 56033, 56163, 56190, 56760, 56771, 56802, 56829, 57044, 57134, 57197, 57391, 57415, 58046, 58199, 58223, 58828, 59092, 59185, 59697, 59784, 60003, 60352, 60439, 60522, 60729, 60891, 60898, 61760, 62200, 62490, 62715, 62891, 63016, 63079, 63898, 63929, 64352, 64649, 64895, 65504
19, 268, 535, 802, 927, 1130, 1238, 1305, 2121, 2128, 2519, 2998, 3213, 3480, 3738, 4117, 4982, 5188, 5939, 6121, 6247, 6585, 7875, 8864, 8958, 9606, 10030, 10134, 10463, 10468, 10523, 10663, 10792, 10866, 10915, 10923, 10987, 11048, 11211, 11571, 11790, 11850, 11975, 12165, 12427, 12586, 12657, 12868, 12991, 13076, 13440, 14019, 14505, 14570, 14684, 15052, 15376, 16174, 16225, 16459, 16629, 17089, 17169, 17217, 17348, 17570, 17826, 17970, 18373, 18485, 19105, 19153, 19854, 19880, 20267, 20308, 20583, 20980, 21059, 21427, 21559, 21647, 21686, 21740, 21925, 21953, 22374, 22481, 22770, 23144, 23186, 23510, 23835, 23852, 23853, 23910, 23998, 24529, 25202, 25374, 25910, 26023, 26078, 26291, 26361, 26745, 26776, 27047, 27065, 27207, 27313, 28159, 28932, 29104, 29462, 29621, 29645, 30217, 30801, 30911, 31017, 31197, 31976, 32003, 32627, 32859, 32860, 32947, 33200, 33588, 33643, 33983, 34117, 34328, 35206, 35244, 35501, 35696, 35931, 36055, 36297, 36418, 36519, 36733, 37421, 37491, 38086, 38696, 38862, 39077, 39263, 39504, 39648, 39698, 39915, 39936, 40291, 40389, 40594, 40643, 40659, 41561, 41621, 41627, 42015, 42021, 42700, 42912, 43053, 43107, 43347, 43414, 43639, 43932, 44401, 44499, 45379, 45694, 45710, 45889, 46490, 46679, 46710, 47032, 47426, 47528, 47577, 48135, 48727, 48773, 48980, 49510, 49633, 50063, 50224, 50384, 50416, 50432, 50606, 50798, 51231, 51309, 51958, 52036, 52362, 52784, 52975, 52979, 53006, 53422, 53945, 53977, 54188, 54510, 54719, 54783, 54925, 54940, 54982, 55525, 55653, 55829, 55889, 56025, 56036, 56094, 56859, 57196, 57562, 57978, 58047, 58637, 58659, 58836, 58900, 58930, 60363, 60397, 60580, 61072, 62567, 62754, 62902, 63002, 63315, 63405, 63452, 63558, 64017, 64044, 64226, 64799, 64881, 65165, 65254, 65332
25, 98, 337, 740, 873, 1537, 1548, 1602, 1879, 1914, 2068, 2127, 2399, 2865, 3694, 3818, 3900, 4300, 4495, 4527, 4615, 4620, 4972, 5647, 5766, 5796, 5877, 5915, 7227, 7312, 7476, 7604, 7640, 8033, 9154, 9437, 9458, 9469, 9533, 9572, 10196, 10720, 11699, 12245, 12420, 12591, 12702, 13323, 13605, 13739, 13754, 14252, 14496, 14906, 14936, 15643, 15664, 16036, 16161, 16168, 16183, 16548, 17053, 17317, 17674, 18126, 18249, 18346, 18433, 19037, 19269, 19478, 19574, 19813, 19884, 20936, 21033, 21270, 21296, 21350, 21488, 21683, 21779, 21950, 23478, 23624, 24197, 24214, 24382, 24516, 25338, 25496, 25574, 25671, 26546, 26575, 27228, 27288, 27437, 27458, 27652, 28076, 28124, 28274, 28710, 28767, 29438, 29945, 30008, 30469, 30567, 30608, 30745, 30862, 31009, 31121, 31376, 31520, 31936, 32395, 32552, 33380, 33477, 33543, 33587, 33796, 33900, 34275, 34568, 34843, 34905, 34962, 35099, 35231, 35300, 35374, 35609, 35730, 36373, 36479, 36782, 36972, 37145, 37270, 37488, 37493, 37623, 37784, 37807, 37966, 38120, 38421, 38549, 38607, 39067, 39275, 39416, 39959, 40048, 40208, 40279, 40460, 40499, 40804, 40853, 41479, 41855, 41857, 41975, 42173, 42597, 42810, 43723, 43758, 44337, 44763, 45087, 46032, 46374, 46585, 47183, 47391, 47416, 47548, 47617, 47680, 47909, 48070, 48796, 49312, 49379, 49753, 50071, 50105, 50180, 50734, 50910, 51028, 51337, 51340, 51436, 51608, 52026, 52091, 52401, 52660, 53204, 54112, 54133, 54194, 54417, 54483, 54898, 54917, 55133, 55220, 55654, 55722, 55887, 56023, 56150, 56299, 56359, 56467, 57276, 57334, 57335, 57871, 58072, 59002, 59597, 59626, 59759, 60043, 60188, 60342, 61225, 61445, 61807, 62211, 62287, 62316, 62422, 62426, 62512, 62663, 63960, 64051, 64118, 64159, 64259, 64318, 64449, 65156, 65231, 65239
45, 344, 880, 928, 1104, 1113, 1391, 1503, 1790, 1871, 2011, 3258, 3449, 3598, 3715, 3867, 4278, 4474, 5339, 5430, 6173, 6342, 6374, 6543, 6665, 6699, 6790, 6953, 7378, 7477, 8088, 8418, 9117, 9269, 9389, 9407, 9597, 9923, 10014, 10018, 10287, 10556, 10869, 11624, 12118, 12312, 12438, 12630, 12716, 13316, 13864, 14482, 14868, 15295, 15976, 15993, 16386, 16406, 16524, 16533, 17161, 17166, 17382, 17440, 18849, 19622, 20102, 20812, 20946, 20961, 20965, 20988, 21098, 21348, 21494, 21883, 22552, 22636, 22697, 22830, 23257, 23315, 23382, 23842, 24794, 25244, 25478, 25571, 25732, 25783, 26077, 26285, 26356, 26409, 26605, 26898, 27857, 27886, 28055, 28154, 28386, 28681, 28836, 29537, 29894, 29995, 30292, 30900, 31173, 31294, 31354, 31495, 32013, 32040, 32102, 32108, 32354, 32555, 32637, 32682, 32912, 33094, 33178, 33768, 33814, 33860, 33993, 34102, 34225, 34442, 34800, 35330, 35371, 35712, 35824, 36123, 36665, 36670, 36734, 36991, 37086, 37126, 37150, 37154, 37500, 37641, 37673, 37892, 38636, 38723, 38790, 38914, 39019, 39595, 39689, 39921, 40046, 40465, 40542, 40634, 40683, 40709, 40775, 40848, 40986, 41334, 41438, 41591, 41717, 42037, 42516, 42760, 42845, 43108, 43295, 43358, 43489, 44328, 45465, 46485, 46603, 46920, 46970, 47118, 47422, 48232, 48304, 48332, 48480, 49659, 49670, 49898, 50049, 50130, 50202, 50487, 50540, 51574, 51823, 51862, 52340, 52690, 53454, 53649, 53699, 53729, 53835, 54365, 55176, 55302, 55579, 55994, 56039, 56177, 56334, 56628, 56711, 56913, 57013, 57175, 57415, 57476, 57554, 57582, 57805, 58279, 58403, 58799, 58822, 58930, 59299, 59588, 60506, 60524, 60585, 60586, 60855, 61042, 61245, 61319, 61450, 61701, 62387, 62588, 62919, 63059, 63431, 63777, 64111, 64367, 64487, 64639, 64738, 65088, 65170, 65377
126, 189, 374, 712, 913, 1058, 1102, 1206, 1613, 1632, 2368, 2879, 3038, 3049, 3075, 3487, 3928, 4018, 4113, 4228, 4917, 4958, 5024, 5035, 5359, 5467, 6534, 6891, 7159, 7676, 7845, 7889, 8065, 8761, 9704, 10038, 10281, 10766, 10806, 10911, 11010, 11163, 11476, 11550, 11808, 12167, 12674, 13548, 13721, 13776, 13874, 14149, 14244, 14462, 14761, 14955, 15261, 15322, 15613, 15757, 15794, 16161, 16234, 16687, 17738, 18019, 18103, 18157, 18356, 18393, 18528, 18545, 19767, 20096, 20151, 20179, 20676, 20964, 21004, 21071, 21150, 21159, 21281, 21796, 21888, 22163, 22848, 22986, 23139, 23598, 23809, 23890, 23927, 24058, 24190, 24432, 24513, 24917, 25127, 25172, 25586, 26331, 26336, 27847, 28110, 28421, 28446, 28542, 28582, 29194, 29558, 30145, 30146, 30367, 30380, 30462, 30542, 30954, 31742, 32234, 32457, 32518, 33091, 33609, 34102, 34104, 34450, 34732, 34847, 34859, 34986, 35060, 35233, 35617, 35945, 36595, 36905, 37207, 37562, 37996, 38259, 38860, 39332, 39731, 39885, 40194, 40693, 40979, 41385, 41434, 41635, 41768, 42055, 42180, 42285, 42439, 42498, 42559, 42883, 42995, 43210, 43580, 44083, 44198, 44467, 44630, 45273, 45788, 45850, 46291, 46322, 46425, 47118, 47402, 47642, 47939, 48117, 48523, 49074, 49329, 49360, 49442, 49644, 49653, 49877, 50071, 50268, 50301, 50327, 50458, 50567, 50706, 50724, 50725, 51377, 51399, 51586, 51623, 51765, 51805, 51909, 52468, 52472, 52553, 52832, 52942, 53525, 53778, 54017, 54306, 55052, 56000, 56459, 56894, 56950, 57000, 57526, 57613, 57926, 57936, 58191, 58328, 58373, 58624, 58985, 59038, 59040, 59085, 59133, 59921, 59954, 60276, 60403, 60480, 61343, 61458, 61513, 61587, 61588, 62024, 62444, 62603, 63160, 63261, 64066, 64248, 64263, 64460, 64618, 64648, 64814, 64854, 65023, 65070, 65253, 65386
48, 225, 311, 337, 424, 1173, 1304, 1460, 1999, 2147, 2246, 2374, 2759, 3104, 3216, 3236, 3298, 3394, 3479, 4414, 4609, 4921, 4935, 5214, 5488, 5833, 5988, 6177, 6289, 6351, 6611, 6951, 7353, 7388, 7526, 7779, 7987, 8171, 8217, 8244, 8318, 8351, 8419, 8481, 8603, 8659, 10186, 10318, 10358, 11189, 11280, 11695, 12065, 12487, 12868, 12898, 13090, 13147, 13511, 13935, 14006, 14046, 14058, 14232, 14425, 14440, 14579, 14723, 14820, 15107, 15265, 15371, 15468, 15551, 15895, 15943, 16231, 16567, 16720, 17389, 17679, 17878, 18099, 18210, 18572, 19408, 21266, 21649, 21759, 21925, 22061, 22244, 22591, 23015, 23268, 23481, 23838, 24011, 24207, 24222, 24533, 24788, 25008, 25060, 25294, 25434, 25511, 25545, 25763, 26131, 26305, 26644, 26791, 27372, 27408, 27727, 27891, 28061, 28278, 28315, 29189, 29287, 29495, 29569, 30097, 30208, 30296, 30877, 30905, 31017, 31186, 32773, 33131, 33235, 33459, 33741, 33823, 33932, 34685, 34853, 35117, 35553, 36868, 37199, 37450, 37462, 37934, 38717, 38764, 39064, 39117, 39213, 39336, 39548, 39767, 39793, 40064, 40373, 40528, 40651, 40652, 41065, 41571, 41627, 41716, 42149, 42592, 42774, 42803, 42861, 43479, 43730, 43778, 44034, 44092, 44164, 44193, 44368, 44583, 44615, 44898, 45286, 45467, 45523, 45534, 46279, 46339, 46393, 46725, 46783, 46973, 47670, 48362, 48419, 48572, 48917, 49038, 49411, 49488, 49803, 50047, 50252, 50403, 50487, 50503, 50785, 51374, 51982, 52133, 52153, 52662, 53459, 53584, 53732, 53773, 54570, 55133, 55345, 55584, 55639, 55809, 55842, 55949, 55989, 56395, 56567, 57269, 57480, 57629, 57681, 58136, 58794, 59441, 59736, 59830, 60091, 60132, 60444, 60446, 60482, 60495, 60740, 61370, 61598, 61781, 62151, 62163, 62205, 62434, 63451, 63507, 64065, 64325, 64510, 65116, 65358
1167, 1216, 1260, 1401, 1465, 1599, 1723, 2697, 2872, 2978, 3024, 3073, 3088, 3091, 3093, 3560, 3673, 4002, 4136, 4568, 4738, 4955, 5095, 5189, 5306, 5740, 6517, 6583, 6651, 7703, 7755, 7879, 8540, 8862, 8932, 9165, 9333, 9515, 9682, 9717, 9958, 10480, 10845, 10878, 11628, 12328, 12438, 12564, 12684, 12761, 12778, 13116, 13120, 13387, 14104, 14645, 14778, 14827, 14960, 15116, 16232, 16337, 16354, 16417, 16646, 16834, 16891, 17223, 17275, 17306, 17789, 17873, 17979, 18157, 18418, 18703, 19162, 19362, 19376, 19519, 19596, 19642, 19674, 19697, 19781, 19909, 19992, 20455, 20463, 20545, 20810, 20892, 20948, 21036, 21932, 22210, 22411, 22469, 22667, 22733, 22903, 22970, 23077, 23096, 23496, 23589, 24018, 24121, 24184, 24301, 24340, 24387, 25242, 25539, 26369, 26432, 26452, 28050, 28241, 28716, 28751, 29106, 29124, 29790, 29992, 30204, 30236, 30333, 30494, 31816, 32549, 33694, 33757, 34742, 35096, 35319, 35635, 35971, 37253, 37427, 37527, 37530, 37561, 37807, 38145, 38190, 38368, 38421, 38501, 39712, 40083, 40117, 40238, 40371, 40417, 40449, 40495, 40640, 40947, 41078, 41158, 41293, 41485, 41525, 42316, 42928, 43040, 43461, 43764, 43995, 44330, 44582, 44940, 45267, 45425, 45756, 45926, 46110, 46314, 46738, 47064, 47166, 47361, 47480, 48329, 49296, 49433, 49885, 49987, 50226, 50681, 51065, 51462, 51487, 51530, 51692, 52076, 52476, 52519, 52658, 52675, 52688, 52818, 53030, 53084, 53600, 53850, 53953, 53959, 54476, 55110, 55235, 55546, 55620, 55916, 56014, 56052, 56062, 56135, 56632, 56809, 56865, 56894, 57901, 57934, 58385, 58484, 58617, 58782, 58887, 59218, 59410, 60143, 61080, 61376, 61764, 62028, 62039, 62110, 62117, 62204, 62344, 62507, 63104, 63258, 63728, 63866, 64022, 64151, 64231, 64395, 64603, 64688, 65344, 65382, 65429
197, 648, 801, 877, 921, 1019, 1617, 1644, 1786, 2014, 2117, 2162, 2384, 2443, 2512, 3131, 3340, 3357, 3580, 3728, 4040, 4295, 4566, 4942, 5152, 5280, 5516, 5649, 6086, 6104, 6263, 6302, 6788, 6840, 7285, 7762, 8072, 8138, 8142, 8449, 8532, 9378, 9436, 9483, 9625, 9699, 9863, 10110, 10688, 10777, 11579, 11844, 12080, 12520, 12579, 12881, 13519, 13667, 13691, 13972, 14134, 14409, 14434, 14567, 14916, 15045, 15161, 15188, 15297, 15424, 15909, 16115, 16357, 16420, 16441, 16838, 16960, 17009, 18007, 18494, 18916, 18952, 18981, 19168, 19364, 19411, 19635, 19684, 19737, 20246, 20272, 20388, 20565, 21052, 21124, 21233, 21633, 21870, 21883, 22062, 22127, 22131, 22299, 22695, 22720, 23394, 23556, 24013, 24128, 24187, 24211, 24270, 25142, 25346, 25551, 26508, 26638, 26755, 26809, 27033, 27678, 27810, 28358, 29324, 29808, 30672, 30707, 30797, 31341, 31891, 32026, 32048, 32118, 32370, 32443, 32555, 33191, 33211, 34347, 34416, 34614, 34906, 34935, 36046, 36082, 36084, 36121, 36124, 36945, 37006, 37362, 37495, 37644, 38803, 38866, 38882, 39047, 39221, 39282, 39866, 39870, 40092, 40351, 40700, 40916, 40976, 41515, 41630, 41881, 42101, 42130, 42253, 42434, 42465, 43331, 43361, 43467, 43526, 43527, 43577, 43951, 44021, 44167, 44278, 44355, 44548, 44677, 44918, 44971, 45261, 45392, 46022, 46110, 46267, 47007, 47022, 47053, 47202, 47638, 47721, 48133, 48155, 48179, 48253, 48734, 48894, 49000, 49171, 50209, 50747, 50844, 50984, 50985, 51554, 51751, 51821, 51936, 52106, 52250, 52444, 53005, 53131, 53499, 53603, 53866, 54512, 54673, 55397, 55620, 55653, 55785, 56213, 56522, 57636, 57851, 58227, 58333, 59033, 60150, 60272, 60428, 60718, 61290, 61596, 62314, 62577, 63028, 63141, 63194, 63615, 63937, 64148, 64218, 64313, 64540, 64893
